order_item_id,order_id,product_id,quantity,unit_price
1,1,51,2,779
2,1,67,3,229
3,2,107,1,429
4,3,87,2,219
5,4,33,2,849
6,5,103,3,2229
7,5,13,2,2419
8,5,80,3,669
9,6,76,1,999
10,7,111,1,479
11,7,101,1,3679
12,8,41,1,1269
13,8,76,1,999
14,9,16,1,2829
15,9,59,1,769
16,10,67,1,229
17,10,104,2,379
18,11,94,1,889
19,11,87,3,219
20,11,4,1,9779
21,12,13,1,2419
22,12,33,1,849
23,13,85,2,1849
24,13,87,3,219
25,14,5,1,16419
26,15,103,1,2229
27,16,79,1,919
28,17,82,1,1249
29,17,110,1,3309
30,18,78,1,2029
31,18,16,2,2829
32,19,24,2,3709
33,20,120,1,639
34,21,86,2,249
35,22,20,1,20069
36,23,117,1,799
37,24,107,2,429
38,25,13,1,2419
39,26,45,1,1869
40,27,95,1,1949
41,28,94,1,889
42,29,85,1,1849
43,30,72,1,2639
44,31,31,1,559
45,32,107,1,429
46,32,29,2,1079
47,32,9,2,11269
48,33,60,1,679
49,33,28,1,1269
50,34,2,1,1219
51,35,51,1,779
52,36,106,1,419
53,36,99,1,769
54,36,53,1,319
55,37,38,1,339
56,37,90,2,1329
57,37,104,1,379
58,38,9,1,11269
59,38,10,1,13239
60,38,73,1,399
61,39,114,2,879
62,40,50,2,2799
63,40,39,2,409
64,40,99,1,769
65,40,113,1,559
66,41,97,1,1049
67,41,21,1,1179
68,41,12,1,18439
69,41,22,1,13689
70,42,70,1,1079
71,43,16,1,2829
72,43,86,1,249
73,44,13,2,2419
74,44,113,1,559
75,45,105,1,4109
76,45,45,2,1869
77,45,119,1,379
78,46,91,1,1129
79,47,84,1,219
80,48,77,1,259
81,48,3,1,6139
82,49,84,3,219
83,49,14,1,1959
84,50,77,1,259
85,51,29,1,1079
86,51,87,1,219
87,52,88,1,509
88,52,85,2,1849
89,52,73,1,399
90,52,106,1,419
91,53,92,1,219
92,54,80,1,669
93,54,93,1,849
94,55,68,1,859
95,56,4,1,9779
96,56,91,1,1129
97,57,59,1,769
98,58,72,1,2639
99,59,18,1,10659
100,59,79,1,919
101,59,10,1,13239
102,59,43,2,209
103,60,37,1,1449
104,60,50,1,2799
105,61,1,1,3829
106,62,57,1,1059
107,63,22,1,13689
108,64,53,2,319
109,64,55,1,1309
110,64,69,2,659
111,65,1,1,3829
112,66,38,1,339
113,66,12,1,18439
114,66,21,1,1179
115,67,102,1,3799
116,67,69,2,659
117,67,106,2,419
118,68,80,2,669
119,69,64,1,409
120,70,67,1,229
121,71,83,1,449
122,72,118,1,499
123,72,58,2,329
124,73,109,1,3939
125,73,38,1,339
126,74,68,2,859
127,75,64,3,409
128,75,1,2,3829
129,75,72,2,2639
130,76,18,1,10659
131,76,79,1,919
132,77,92,1,219
133,78,86,2,249
134,78,11,1,3959
135,79,103,1,2229
136,79,14,1,1959
137,80,120,1,639
138,80,111,1,479
139,81,53,2,319
140,81,41,1,1269
141,81,114,2,879
142,82,91,2,1129
143,82,3,1,6139
144,83,26,1,4509
145,84,3,3,6139
146,85,93,2,849
147,85,43,1,209
148,86,17,1,949
149,87,5,2,16419
150,87,59,1,769
151,87,13,1,2419
152,88,18,1,10659
153,88,39,1,409
154,89,88,1,509
155,89,44,1,4769
156,89,96,3,2909
157,89,114,1,879
158,90,11,2,3959
159,91,8,1,659
160,91,32,1,1029
161,91,13,2,2419
162,92,45,1,1869
163,92,61,3,1759
164,93,44,2,4769
165,93,43,1,209
166,94,41,1,1269
167,94,28,3,1269
168,95,27,1,1069
169,96,72,1,2639
170,96,4,1,9779
171,97,119,1,379
172,98,112,1,139
173,98,26,1,4509
174,99,58,2,329
175,100,1,1,3829
176,101,102,1,3799
177,102,28,2,1269
178,102,40,2,549
179,102,92,1,219
180,103,53,1,319
181,104,80,1,669
182,105,51,1,779
183,106,83,1,449
184,107,69,1,659
185,108,64,2,409
186,109,118,2,499
187,110,119,1,379
188,110,11,1,3959
189,110,38,1,339
190,111,31,2,559
191,111,28,1,1269
192,112,15,1,4069
193,113,110,2,3309
194,114,30,1,299
195,115,78,1,2029
196,116,57,1,1059
197,117,74,1,569
198,118,106,1,419
199,119,120,1,639
200,120,79,1,919
201,121,49,2,1609
202,121,40,1,549
203,122,101,2,3679
204,122,54,1,199
205,122,108,1,909
206,123,74,1,569
207,124,54,1,199
208,125,66,2,399
209,125,92,1,219
210,126,70,2,1079
211,127,118,1,499
212,128,49,1,1609
213,128,19,1,579
214,129,19,1,579
215,130,8,1,659
216,131,13,2,2419
217,132,32,1,1029
218,132,81,2,2109
219,133,96,1,2909
220,134,37,1,1449
221,135,102,1,3799
222,135,117,1,799
223,135,67,2,229
224,136,77,1,259
225,137,76,1,999
226,138,88,1,509
227,139,88,1,509
228,140,5,2,16419
229,140,117,3,799
230,140,38,2,339
231,141,71,1,1049
232,142,44,1,4769
233,142,117,3,799
234,143,94,1,889
235,143,39,1,409
236,143,24,2,3709
237,144,44,1,4769
238,145,72,2,2639
239,145,117,1,799
240,145,111,1,479
241,145,36,1,3429
242,146,92,1,219
243,147,56,2,1759
244,147,37,1,1449
245,148,77,2,259
246,148,63,1,339
247,149,4,1,9779
248,150,81,1,2109
249,151,41,1,1269
250,151,72,1,2639
251,151,34,2,349
252,152,105,2,4109
253,152,92,1,219
254,153,50,1,2799
255,154,94,1,889
256,154,68,1,859
257,154,4,1,9779
258,155,76,1,999
259,155,32,2,1029
260,155,120,2,639
261,156,32,1,1029
262,156,106,1,419
263,156,22,1,13689
264,157,104,1,379
265,157,100,2,859
266,158,43,1,209
267,159,76,1,999
268,160,97,1,1049
269,160,2,2,1219
270,161,25,2,1279
271,161,36,1,3429
272,162,74,2,569
273,163,81,1,2109
274,163,86,1,249
275,164,88,1,509
276,164,44,2,4769
277,165,70,1,1079
278,166,104,1,379
279,167,86,2,249
280,168,43,1,209
281,168,63,1,339
282,169,75,1,2779
283,169,107,1,429
284,170,98,2,2369
285,171,43,1,209
286,171,13,1,2419
287,172,33,1,849
288,173,44,2,4769
289,174,65,1,119
290,174,73,1,399
291,175,63,2,339
292,175,99,1,769
293,176,110,2,3309
294,176,90,2,1329
295,176,57,1,1059
296,177,23,1,11319
297,177,33,2,849
298,177,40,2,549
299,178,42,1,1139
300,179,25,1,1279
301,179,6,1,599
302,180,55,1,1309
303,181,56,2,1759
304,182,88,1,509
305,183,89,1,949
306,183,73,1,399
307,184,7,2,3279
308,185,117,1,799
309,186,89,2,949
310,187,65,1,119
311,188,33,2,849
312,189,86,1,249
313,189,87,2,219
314,190,107,1,429
315,191,61,2,1759
316,191,67,1,229
317,192,2,1,1219
318,192,24,1,3709
319,193,14,1,1959
320,193,101,1,3679
321,193,96,1,2909
322,194,50,1,2799
323,194,118,1,499
324,195,53,2,319
325,196,68,1,859
326,197,14,2,1959
327,197,75,1,2779
328,198,101,1,3679
329,199,45,1,1869
330,199,54,2,199
331,200,112,1,139
332,200,51,3,779
333,200,110,2,3309
334,201,28,1,1269
335,202,108,3,909
336,203,38,1,339
337,204,30,1,299
338,204,93,1,849
339,204,20,3,20069
340,205,29,2,1079
341,205,43,2,209
342,206,81,1,2109
343,207,25,1,1279
344,207,86,1,249
345,208,34,1,349
346,208,56,1,1759
347,208,46,1,189
348,209,86,1,249
349,209,85,1,1849
350,210,89,1,949
351,210,118,1,499
352,211,40,1,549
353,212,70,2,1079
354,212,118,1,499
355,213,64,1,409
356,213,92,2,219
357,214,51,2,779
358,215,37,1,1449
359,215,24,2,3709
360,216,109,1,3939
361,216,71,2,1049
362,217,70,1,1079
363,218,41,2,1269
364,218,86,1,249
365,219,15,2,4069
366,219,75,1,2779
367,220,37,1,1449
368,220,9,2,11269
369,220,18,3,10659
370,221,4,1,9779
371,222,26,1,4509
372,222,22,1,13689
373,222,9,1,11269
374,223,72,1,2639
375,223,56,1,1759
376,224,5,1,16419
377,224,77,3,259
378,225,69,1,659
379,226,98,1,2369
380,226,91,1,1129
381,227,120,2,639
382,228,9,1,11269
383,229,56,1,1759
384,229,99,1,769
385,230,73,1,399
386,230,119,2,379
387,230,77,1,259
388,230,98,1,2369
389,231,81,1,2109
390,231,58,1,329
391,231,22,2,13689
392,232,103,1,2229
393,232,8,1,659
394,232,54,3,199
395,233,51,1,779
396,234,17,1,949
397,235,20,1,20069
398,236,30,2,299
399,237,109,1,3939
400,238,71,2,1049
401,238,98,1,2369
402,238,14,1,1959
403,239,10,1,13239
404,239,68,1,859
405,240,45,2,1869
406,240,104,1,379
407,241,11,1,3959
408,241,110,1,3309
409,242,31,1,559
410,242,18,1,10659
411,243,111,1,479
412,244,94,1,889
413,244,111,2,479
414,245,3,2,6139
415,246,84,3,219
416,247,44,1,4769
417,248,70,1,1079
418,248,68,1,859
419,248,10,1,13239
420,249,50,1,2799
421,249,27,1,1069
422,249,88,1,509
423,250,66,1,399
424,250,3,1,6139
425,250,62,1,109
426,251,24,1,3709
427,252,12,1,18439
428,252,75,2,2779
429,253,34,1,349
430,253,78,1,2029
431,254,80,1,669
432,254,48,1,509
433,254,93,2,849
434,255,65,1,119
435,255,79,1,919
436,256,46,1,189
437,256,84,1,219
438,257,102,2,3799
439,258,102,3,3799
440,259,96,1,2909
441,260,76,1,999
442,260,90,1,1329
443,261,100,1,859
444,261,21,2,1179
445,262,46,1,189
446,262,19,3,579
447,262,115,1,719
448,263,62,1,109
449,263,38,2,339
450,264,95,2,1949
451,264,6,1,599
452,265,112,1,139
453,266,81,2,2109
454,266,97,2,1049
455,267,119,1,379
456,268,8,3,659
457,268,6,1,599
458,269,62,1,109
459,270,18,1,10659
460,270,79,1,919
461,270,61,1,1759
462,270,80,1,669
463,271,5,2,16419
464,272,37,1,1449
465,273,47,3,2899
466,274,5,1,16419
467,275,110,1,3309
468,276,32,1,1029
469,276,64,1,409
470,277,102,1,3799
471,277,76,1,999
472,277,17,1,949
473,277,3,1,6139
474,278,55,3,1309
475,278,81,1,2109
476,279,3,1,6139
477,280,5,1,16419
478,280,36,1,3429
479,281,112,1,139
480,282,113,2,559
481,282,11,1,3959
482,282,60,1,679
483,283,44,1,4769
484,284,42,1,1139
485,284,63,1,339
486,284,90,3,1329
487,284,13,1,2419
488,285,107,1,429
489,285,48,1,509
490,285,20,2,20069
491,286,88,1,509
492,287,108,3,909
493,288,51,1,779
494,288,20,3,20069
495,288,95,2,1949
496,289,51,1,779
497,290,67,1,229
498,291,35,1,1069
499,292,67,3,229
500,292,39,3,409
501,293,51,1,779
502,293,62,1,109
503,293,63,1,339
504,293,16,1,2829
505,294,89,1,949
506,294,35,1,1069
507,295,5,1,16419
508,295,18,1,10659
509,295,6,1,599
510,296,2,3,1219
511,296,30,1,299
512,296,20,1,20069
513,297,44,1,4769
514,297,30,1,299
515,297,31,3,559
516,297,91,2,1129
517,298,14,2,1959
518,299,25,1,1279
519,300,64,2,409
520,300,10,1,13239
521,301,61,2,1759
522,302,73,1,399
523,303,82,1,1249
524,303,4,2,9779
525,304,71,1,1049
526,304,117,2,799
527,305,116,1,259
528,305,96,1,2909
529,305,40,1,549
530,306,8,1,659
531,306,104,1,379
532,306,117,2,799
533,306,92,1,219
534,307,82,1,1249
535,307,100,1,859
536,308,35,1,1069
537,308,16,1,2829
538,309,81,2,2109
539,309,15,1,4069
540,310,77,1,259
541,311,53,1,319
542,312,55,1,1309
543,313,5,1,16419
544,314,87,1,219
545,314,96,2,2909
546,315,47,1,2899
547,316,48,1,509
548,316,46,1,189
549,317,49,2,1609
550,317,115,1,719
551,317,93,1,849
552,318,92,2,219
553,318,110,1,3309
554,318,56,1,1759
555,319,18,1,10659
556,319,31,1,559
557,319,85,1,1849
558,319,102,1,3799
559,320,120,1,639
560,321,10,2,13239
561,321,56,1,1759
562,322,94,1,889
563,322,120,1,639
564,323,76,1,999
565,323,110,1,3309
566,323,16,1,2829
567,323,119,1,379
568,324,50,2,2799
569,324,27,3,1069
570,325,118,1,499
571,325,94,2,889
572,326,3,1,6139
573,326,106,1,419
574,326,119,1,379
575,327,98,1,2369
576,327,70,1,1079
577,328,26,1,4509
578,329,46,1,189
579,330,35,2,1069
580,330,22,1,13689
581,331,43,1,209
582,332,33,1,849
583,333,83,2,449
584,334,3,1,6139
585,334,33,1,849
586,334,98,1,2369
587,335,5,1,16419
588,336,70,2,1079
589,337,29,1,1079
590,338,53,1,319
591,339,119,1,379
592,339,93,1,849
593,339,65,2,119
594,339,120,1,639
595,340,88,2,509
596,341,42,1,1139
597,342,81,2,2109
598,342,56,1,1759
599,342,72,1,2639
600,342,93,3,849
601,343,108,1,909
602,344,37,1,1449
603,344,53,1,319
604,344,107,1,429
605,345,20,1,20069
606,345,14,1,1959
607,345,80,2,669
608,346,103,1,2229
609,347,21,1,1179
610,347,2,2,1219
611,348,23,1,11319
612,348,120,1,639
613,348,48,1,509
614,349,73,1,399
615,350,41,1,1269
616,350,112,1,139
617,350,78,1,2029
618,351,95,1,1949
619,352,1,2,3829
620,353,77,1,259
621,353,62,1,109
622,354,27,1,1069
623,355,89,2,949
624,356,87,1,219
625,356,97,1,1049
626,357,88,1,509
627,358,110,1,3309
628,358,42,1,1139
629,358,50,1,2799
630,358,41,1,1269
631,359,75,2,2779
632,360,38,1,339
633,360,103,1,2229
634,361,113,1,559
635,362,112,1,139
636,363,50,2,2799
637,363,24,2,3709
638,364,101,1,3679
639,365,52,1,329
640,365,79,2,919
641,365,11,1,3959
642,365,116,1,259
643,366,23,2,11319
644,366,4,2,9779
645,367,41,2,1269
646,367,46,3,189
647,368,82,1,1249
648,369,79,2,919
649,369,96,1,2909
650,369,27,1,1069
651,370,92,1,219
652,371,33,1,849
653,371,27,1,1069
654,372,57,1,1059
655,373,13,2,2419
656,374,106,1,419
657,374,117,1,799
658,375,81,1,2109
659,375,61,1,1759
660,376,24,1,3709
661,376,87,2,219
662,377,86,1,249
663,378,101,1,3679
664,378,65,1,119
665,379,63,1,339
666,380,12,2,18439
667,381,114,1,879
668,381,16,1,2829
669,382,16,1,2829
670,383,42,2,1139
671,384,55,1,1309
672,385,106,2,419
673,386,95,2,1949
674,386,101,2,3679
675,386,81,2,2109
676,387,82,2,1249
677,388,3,1,6139
678,388,105,2,4109
679,388,6,1,599
680,389,25,1,1279
681,390,70,2,1079
682,391,1,1,3829
683,392,26,1,4509
684,393,46,2,189
685,393,75,1,2779
686,394,113,1,559
687,395,30,1,299
688,396,20,2,20069
689,396,120,1,639
690,396,3,1,6139
691,397,113,1,559
692,398,102,1,3799
693,399,83,1,449
694,399,96,2,2909
695,400,62,2,109
696,401,94,2,889
697,402,4,1,9779
698,403,94,1,889
699,404,12,1,18439
700,405,89,1,949
701,406,103,1,2229
702,407,62,1,109
703,408,105,1,4109
704,409,8,1,659
705,409,83,1,449
706,410,80,2,669
707,411,98,2,2369
708,411,84,2,219
709,411,20,1,20069
710,412,57,1,1059
711,413,4,1,9779
712,414,111,1,479
713,415,55,1,1309
714,416,97,1,1049
715,417,63,1,339
716,417,56,1,1759
717,417,81,1,2109
718,418,104,1,379
719,418,40,1,549
720,419,69,3,659
721,420,46,1,189
722,420,90,1,1329
723,421,4,1,9779
724,421,47,1,2899
725,422,38,2,339
726,422,92,1,219
727,423,95,1,1949
728,423,82,3,1249
729,424,28,1,1269
730,424,89,1,949
731,425,89,1,949
732,426,91,1,1129
733,427,87,2,219
734,428,32,1,1029
735,428,107,1,429
736,429,107,1,429
737,429,20,1,20069
738,430,108,1,909
739,430,57,1,1059
740,431,58,2,329
741,431,24,1,3709
742,431,77,3,259
743,432,57,1,1059
744,433,6,1,599
745,433,54,1,199
746,434,67,1,229
747,434,61,2,1759
748,435,83,1,449
749,436,83,2,449
750,436,89,1,949
751,437,100,1,859
752,437,61,1,1759
753,438,93,1,849
754,438,106,1,419
755,439,112,1,139
756,439,50,1,2799
757,440,31,1,559
758,440,91,1,1129
759,440,3,1,6139
760,441,70,2,1079
761,442,109,1,3939
762,443,113,2,559
763,443,35,1,1069
764,444,93,1,849
765,444,118,2,499
766,445,103,1,2229
767,445,18,1,10659
768,446,47,1,2899
769,447,85,1,1849
770,447,79,1,919
771,448,56,1,1759
772,448,102,1,3799
773,448,85,1,1849
774,449,71,1,1049
775,450,59,1,769
776,451,61,1,1759
777,451,40,2,549
778,451,66,1,399
779,452,56,1,1759
780,453,70,1,1079
781,453,50,1,2799
782,453,62,2,109
783,454,110,1,3309
784,455,101,1,3679
785,456,106,1,419
786,457,29,1,1079
787,458,73,2,399
788,459,111,1,479
789,460,76,3,999
790,460,15,2,4069
791,461,85,1,1849
792,462,2,1,1219
793,462,46,1,189
794,462,1,2,3829
795,462,118,1,499
796,463,81,2,2109
797,463,94,1,889
798,463,46,1,189
799,463,45,2,1869
800,464,102,1,3799
801,465,100,1,859
802,465,59,1,769
803,465,51,1,779
804,466,50,3,2799
805,466,16,1,2829
806,467,11,1,3959
807,468,117,1,799
808,469,97,1,1049
809,470,57,2,1059
810,471,11,2,3959
811,472,112,1,139
812,473,44,1,4769
813,473,35,2,1069
814,474,62,1,109
815,475,115,1,719
816,475,88,1,509
817,476,101,1,3679
818,477,40,2,549
819,478,51,1,779
820,479,24,1,3709
821,480,93,1,849
822,480,80,1,669
823,481,45,1,1869
824,481,79,1,919
825,482,69,1,659
826,482,92,1,219
827,483,29,1,1079
828,484,68,1,859
829,484,5,1,16419
830,484,29,2,1079
831,485,65,2,119
832,485,91,1,1129
833,486,32,2,1029
834,486,78,2,2029
835,486,49,2,1609
836,487,112,1,139
837,488,104,1,379
838,488,53,1,319
839,489,51,2,779
840,489,31,1,559
841,490,70,2,1079
842,490,8,1,659
843,491,87,1,219
844,492,61,1,1759
845,493,78,3,2029
846,494,54,1,199
847,495,103,2,2229
848,496,101,1,3679
849,496,9,1,11269
850,496,11,1,3959
851,497,7,2,3279
852,497,57,1,1059
853,498,54,1,199
854,499,15,1,4069
855,500,103,1,2229
856,500,110,1,3309
857,501,36,1,3429
858,501,91,1,1129
859,502,40,1,549
860,503,82,1,1249
861,503,25,2,1279
862,503,46,1,189
863,504,101,1,3679
864,505,89,2,949
865,506,25,2,1279
866,506,27,1,1069
867,506,24,1,3709
868,507,33,1,849
869,507,40,1,549
870,508,50,2,2799
871,509,17,1,949
872,510,92,1,219
873,511,15,1,4069
874,511,19,1,579
875,511,9,2,11269
876,512,66,1,399
877,513,55,1,1309
878,514,64,1,409
879,514,74,1,569
880,515,103,1,2229
881,516,106,1,419
882,517,107,1,429
883,518,97,2,1049
884,518,9,2,11269
885,518,118,1,499
886,519,64,2,409
887,520,29,2,1079
888,520,6,1,599
889,520,61,2,1759
890,521,53,1,319
891,521,96,3,2909
892,521,66,1,399
893,522,90,1,1329
894,522,102,1,3799
895,523,31,1,559
896,524,77,1,259
897,524,20,1,20069
898,525,118,1,499
899,526,31,1,559
900,527,51,1,779
901,528,36,1,3429
902,528,110,1,3309
903,528,86,1,249
904,528,48,1,509
905,529,38,1,339
906,530,41,2,1269
907,531,60,1,679
908,531,55,2,1309
909,532,22,1,13689
910,532,120,1,639
911,533,10,1,13239
912,533,92,1,219
913,533,112,2,139
914,534,60,1,679
915,534,61,2,1759
916,535,112,2,139
917,535,29,1,1079
918,535,119,1,379
919,536,39,1,409
920,537,8,1,659
921,538,97,1,1049
922,539,25,1,1279
923,539,112,1,139
924,540,44,1,4769
925,540,101,1,3679
926,540,16,3,2829
927,541,26,1,4509
928,542,44,1,4769
929,542,18,1,10659
930,543,92,1,219
931,543,101,2,3679
932,544,13,1,2419
933,544,86,1,249
934,545,50,1,2799
935,546,112,1,139
936,547,2,1,1219
937,547,99,1,769
938,548,113,3,559
939,549,48,3,509
940,550,33,2,849
941,550,4,1,9779
942,550,55,2,1309
943,550,63,2,339
944,551,88,1,509
945,551,69,1,659
946,551,49,2,1609
947,551,51,3,779
948,552,86,1,249
949,552,23,1,11319
950,552,70,2,1079
951,553,83,2,449
952,554,98,1,2369
953,555,58,1,329
954,556,96,2,2909
955,556,68,2,859
956,557,46,2,189
957,557,33,1,849
958,557,30,1,299
959,558,71,1,1049
960,558,40,1,549
961,558,108,1,909
962,559,17,1,949
963,559,16,1,2829
964,559,37,2,1449
965,560,47,1,2899
966,561,107,1,429
967,561,92,1,219
968,562,63,1,339
969,562,52,1,329
970,563,11,1,3959
971,563,118,2,499
972,563,2,1,1219
973,564,49,1,1609
974,564,63,1,339
975,565,22,1,13689
976,565,5,1,16419
977,566,37,1,1449
978,566,115,1,719
979,567,88,1,509
980,568,81,2,2109
981,569,76,1,999
982,570,4,2,9779
983,571,43,1,209
984,571,118,1,499
985,572,36,1,3429
986,573,83,1,449
987,574,7,1,3279
988,575,12,1,18439
989,576,67,1,229
990,576,5,1,16419
991,577,17,1,949
992,578,119,2,379
993,578,107,1,429
994,578,78,1,2029
995,579,69,1,659
996,579,19,1,579
997,579,33,1,849
998,580,94,2,889
999,580,54,1,199
1000,580,14,1,1959
1001,581,116,1,259
1002,581,109,1,3939
1003,582,64,1,409
1004,582,63,1,339
1005,583,72,1,2639
1006,584,45,1,1869
1007,584,11,1,3959
1008,585,17,1,949
1009,586,30,2,299
1010,586,31,3,559
1011,586,114,1,879
1012,586,61,1,1759
1013,587,66,1,399
1014,588,112,3,139
1015,589,37,2,1449
1016,589,25,1,1279
1017,589,101,3,3679
1018,590,5,1,16419
1019,590,96,1,2909
1020,590,25,1,1279
1021,591,36,1,3429
1022,592,57,2,1059
1023,593,49,2,1609
1024,594,12,1,18439
1025,595,116,1,259
1026,596,112,1,139
1027,596,51,1,779
1028,596,59,1,769
1029,597,7,1,3279
1030,598,64,2,409
1031,599,35,2,1069
1032,600,90,1,1329
1033,601,61,2,1759
1034,601,44,1,4769
1035,602,95,1,1949
1036,602,117,1,799
1037,602,57,1,1059
1038,602,108,2,909
1039,603,87,1,219
1040,603,78,1,2029
1041,604,7,1,3279
1042,605,40,1,549
1043,606,116,1,259
1044,607,79,3,919
1045,608,113,1,559
1046,608,19,1,579
1047,609,83,1,449
1048,610,47,1,2899
1049,611,79,1,919
1050,612,72,1,2639
1051,613,16,1,2829
1052,613,106,1,419
1053,614,36,1,3429
1054,614,66,2,399
1055,615,15,2,4069
1056,615,37,1,1449
1057,616,9,1,11269
1058,617,12,1,18439
1059,617,42,1,1139
1060,617,80,2,669
1061,618,80,1,669
1062,618,97,1,1049
1063,619,104,1,379
1064,620,106,1,419
1065,620,20,2,20069
1066,620,67,1,229
1067,621,42,1,1139
1068,622,96,1,2909
1069,623,36,1,3429
1070,623,1,1,3829
1071,623,66,1,399
1072,624,48,2,509
1073,625,46,1,189
1074,625,32,1,1029
1075,625,71,3,1049
1076,626,100,2,859
1077,626,19,1,579
1078,626,116,1,259
1079,627,37,1,1449
1080,627,31,1,559
1081,627,27,1,1069
1082,628,1,3,3829
1083,629,100,1,859
1084,630,52,1,329
1085,630,33,1,849
1086,630,67,2,229
1087,631,87,1,219
1088,631,38,1,339
1089,631,103,1,2229
1090,631,36,1,3429
1091,632,100,1,859
1092,633,110,1,3309
1093,634,9,1,11269
1094,635,19,1,579
1095,635,45,1,1869
1096,636,31,1,559
1097,636,11,1,3959
1098,637,41,1,1269
1099,638,95,2,1949
1100,638,108,1,909
1101,639,57,1,1059
1102,640,110,2,3309
1103,641,68,1,859
1104,642,85,3,1849
1105,643,72,1,2639
1106,643,23,2,11319
1107,643,44,1,4769
1108,643,92,1,219
1109,644,38,2,339
1110,645,50,2,2799
1111,646,15,1,4069
1112,646,42,1,1139
1113,647,118,1,499
1114,647,6,1,599
1115,648,71,1,1049
1116,649,72,1,2639
1117,649,1,2,3829
1118,649,120,2,639
1119,649,65,1,119
1120,650,57,1,1059
1121,651,9,1,11269
1122,651,109,1,3939
1123,652,62,1,109
1124,652,38,1,339
1125,652,120,1,639
1126,653,63,2,339
1127,654,120,2,639
1128,654,13,1,2419
1129,655,27,1,1069
1130,656,63,1,339
1131,656,87,1,219
1132,656,83,1,449
1133,656,34,1,349
1134,657,65,1,119
1135,658,16,2,2829
1136,659,107,1,429
1137,660,18,2,10659
1138,660,11,2,3959
1139,661,53,1,319
1140,661,10,2,13239
1141,661,56,1,1759
1142,661,16,1,2829
1143,662,6,1,599
1144,663,88,2,509
1145,664,104,3,379
1146,664,19,1,579
1147,665,46,1,189
1148,666,62,1,109
1149,666,100,3,859
1150,667,97,2,1049
1151,668,8,1,659
1152,668,107,1,429
1153,668,38,1,339
1154,669,99,1,769
1155,670,20,1,20069
1156,670,110,1,3309
1157,671,67,1,229
1158,672,27,1,1069
1159,673,100,2,859
1160,673,94,2,889
1161,673,19,1,579
1162,674,26,2,4509
1163,674,52,1,329
1164,674,98,1,2369
1165,675,58,1,329
1166,676,72,2,2639
1167,676,28,1,1269
1168,677,69,1,659
1169,678,78,1,2029
1170,678,106,1,419
1171,678,18,1,10659
1172,679,7,1,3279
1173,680,96,2,2909
1174,680,46,1,189
1175,681,118,1,499
1176,681,55,1,1309
1177,682,39,2,409
1178,683,51,1,779
1179,684,10,1,13239
1180,685,73,1,399
1181,685,86,1,249
1182,686,119,2,379
1183,687,3,1,6139
1184,687,9,2,11269
1185,688,73,2,399
1186,689,105,2,4109
1187,690,74,1,569
1188,690,108,2,909
1189,691,19,1,579
1190,691,13,1,2419
1191,692,76,1,999
1192,692,7,1,3279
1193,692,113,2,559
1194,693,79,1,919
1195,693,20,2,20069
1196,694,119,3,379
1197,695,1,1,3829
1198,696,119,2,379
1199,696,23,1,11319
1200,697,51,1,779
1201,698,30,1,299
1202,698,88,2,509
1203,699,108,1,909
1204,700,70,1,1079
1205,700,18,1,10659
1206,701,55,1,1309
1207,702,100,2,859
1208,702,88,1,509
1209,702,62,1,109
1210,702,66,1,399
1211,703,41,1,1269
1212,703,64,1,409
1213,703,120,2,639
1214,704,85,1,1849
1215,704,76,1,999
1216,704,92,2,219
1217,705,94,1,889
1218,705,9,1,11269
1219,705,93,1,849
1220,706,113,2,559
1221,707,38,1,339
1222,707,91,1,1129
1223,708,47,2,2899
1224,708,51,1,779
1225,708,70,1,1079
1226,709,16,1,2829
1227,709,106,1,419
1228,709,38,2,339
1229,710,100,2,859
1230,711,77,1,259
1231,711,45,1,1869
1232,711,20,3,20069
1233,712,12,1,18439
1234,713,93,1,849
1235,714,97,1,1049
1236,714,100,1,859
1237,714,71,1,1049
1238,715,9,1,11269
1239,716,36,3,3429
1240,717,62,1,109
1241,718,17,1,949
1242,719,26,1,4509
1243,719,8,1,659
1244,720,68,1,859
1245,721,56,2,1759
1246,722,74,1,569
1247,722,65,1,119
1248,723,1,2,3829
1249,724,49,1,1609
1250,725,86,3,249
1251,725,84,2,219
1252,726,78,1,2029
1253,727,98,1,2369
1254,728,116,1,259
1255,728,25,1,1279
1256,729,85,1,1849
1257,729,51,1,779
1258,729,62,2,109
1259,730,81,1,2109
1260,731,7,1,3279
1261,732,86,1,249
1262,732,37,1,1449
1263,732,16,1,2829
1264,733,21,2,1179
1265,734,82,2,1249
1266,734,21,2,1179
1267,735,60,2,679
1268,735,23,1,11319
1269,736,114,1,879
1270,736,80,2,669
1271,736,120,1,639
1272,736,28,1,1269
1273,737,64,2,409
1274,737,1,1,3829
1275,738,99,1,769
1276,739,58,1,329
1277,740,87,1,219
1278,740,17,1,949
1279,741,7,1,3279
1280,741,116,1,259
1281,742,79,1,919
1282,742,23,1,11319
1283,742,57,2,1059
1284,743,61,1,1759
1285,743,119,3,379
1286,744,15,1,4069
1287,745,105,2,4109
1288,745,45,1,1869
1289,745,36,1,3429
1290,746,76,2,999
1291,747,7,1,3279
1292,747,104,1,379
1293,748,93,2,849
1294,748,27,1,1069
1295,749,16,1,2829
1296,749,75,1,2779
1297,749,25,1,1279
1298,749,52,2,329
1299,750,16,1,2829
1300,751,43,1,209
1301,752,60,1,679
1302,752,93,1,849
1303,753,91,1,1129
1304,753,88,1,509
1305,754,9,1,11269
1306,754,33,1,849
1307,754,106,1,419
1308,755,88,1,509
1309,755,112,1,139
1310,756,102,1,3799
1311,756,114,2,879
1312,756,38,1,339
1313,756,53,1,319
1314,757,52,1,329
1315,758,22,1,13689
1316,759,87,2,219
1317,759,111,1,479
1318,760,85,2,1849
1319,761,31,1,559
1320,761,69,2,659
1321,762,95,1,1949
1322,762,25,1,1279
1323,763,6,1,599
1324,763,112,1,139
1325,764,18,1,10659
1326,764,70,1,1079
1327,764,102,1,3799
1328,765,56,1,1759
1329,766,98,1,2369
1330,767,91,1,1129
1331,768,25,2,1279
1332,768,27,1,1069
1333,768,82,1,1249
1334,769,108,1,909
1335,769,20,1,20069
1336,769,83,1,449
1337,769,71,1,1049
1338,770,47,1,2899
1339,770,7,1,3279
1340,771,107,2,429
1341,771,2,1,1219
1342,771,106,1,419
1343,772,22,2,13689
1344,773,110,1,3309
1345,774,29,1,1079
1346,775,36,1,3429
1347,775,103,1,2229
1348,775,33,3,849
1349,776,2,1,1219
1350,777,43,1,209
1351,778,119,2,379
1352,779,4,1,9779
1353,780,20,1,20069
1354,780,21,1,1179
1355,781,44,1,4769
1356,781,1,2,3829
1357,781,62,2,109
1358,781,55,1,1309
1359,782,51,1,779
1360,783,100,1,859
1361,784,35,2,1069
1362,785,57,1,1059
1363,785,10,2,13239
1364,786,26,1,4509
1365,786,56,1,1759
1366,787,117,2,799
1367,788,4,1,9779
1368,789,63,1,339
1369,789,66,1,399
1370,789,115,1,719
1371,790,31,2,559
1372,790,62,2,109
1373,791,97,1,1049
1374,791,94,1,889
1375,792,108,1,909
1376,793,96,1,2909
1377,794,7,1,3279
1378,794,5,2,16419
1379,795,9,1,11269
1380,795,99,2,769
1381,795,110,1,3309
1382,795,78,1,2029
1383,796,34,1,349
1384,796,46,3,189
1385,796,15,1,4069
1386,796,104,1,379
1387,797,107,1,429
1388,797,86,1,249
1389,798,37,1,1449
1390,798,57,1,1059
1391,799,52,1,329
1392,800,92,1,219
1393,800,39,3,409
1394,800,30,1,299
1395,801,10,1,13239
1396,801,98,1,2369
1397,801,70,1,1079
1398,802,5,1,16419
1399,803,31,2,559
1400,803,6,2,599
1401,803,73,3,399
1402,804,17,1,949
1403,804,42,1,1139
1404,805,49,1,1609
1405,806,36,1,3429
1406,807,86,1,249
1407,808,30,1,299
1408,808,79,3,919
1409,808,16,1,2829
1410,809,107,1,429
1411,810,4,1,9779
1412,810,108,1,909
1413,811,68,1,859
1414,811,82,1,1249
1415,812,1,1,3829
1416,812,65,1,119
1417,812,69,2,659
1418,813,91,1,1129
1419,813,82,1,1249
1420,813,40,2,549
1421,814,103,1,2229
1422,814,31,1,559
1423,815,102,1,3799
1424,815,44,1,4769
1425,816,47,2,2899
1426,817,60,1,679
1427,817,39,2,409
1428,817,15,1,4069
1429,817,79,1,919
1430,818,67,1,229
1431,819,57,1,1059
1432,820,110,3,3309
1433,821,59,2,769
1434,821,34,1,349
1435,822,4,1,9779
1436,822,91,1,1129
1437,823,42,1,1139
1438,823,110,1,3309
1439,823,29,1,1079
1440,824,117,1,799
1441,824,109,1,3939
1442,825,94,2,889
1443,826,34,1,349
1444,827,70,1,1079
1445,827,12,1,18439
1446,827,118,1,499
1447,827,120,1,639
1448,828,32,2,1029
1449,828,42,1,1139
1450,828,30,1,299
1451,829,23,1,11319
1452,830,3,2,6139
1453,830,118,1,499
1454,831,95,1,1949
1455,832,70,1,1079
1456,832,119,1,379
1457,833,97,1,1049
1458,833,3,1,6139
1459,833,103,1,2229
1460,834,90,1,1329
1461,835,67,3,229
1462,836,17,1,949
1463,836,104,1,379
1464,837,100,1,859
1465,838,39,1,409
1466,838,120,1,639
1467,839,28,1,1269
1468,839,54,1,199
1469,839,35,2,1069
1470,840,115,1,719
1471,841,2,2,1219
1472,842,94,1,889
1473,843,88,1,509
1474,843,120,1,639
1475,843,113,1,559
1476,844,35,1,1069
1477,844,94,1,889
1478,844,71,2,1049
1479,845,51,1,779
1480,845,59,1,769
1481,845,95,1,1949
1482,846,53,1,319
1483,847,22,1,13689
1484,848,21,1,1179
1485,848,49,1,1609
1486,848,102,1,3799
1487,849,67,1,229
1488,850,83,1,449
1489,850,68,1,859
1490,850,44,1,4769
1491,850,86,1,249
1492,851,49,1,1609
1493,851,100,1,859
1494,852,80,1,669
1495,852,76,3,999
1496,852,14,1,1959
1497,853,93,1,849
1498,853,2,2,1219
1499,853,47,1,2899
1500,853,96,2,2909
1501,854,54,1,199
1502,854,47,1,2899
1503,855,107,1,429
1504,856,106,3,419
1505,856,100,1,859
1506,857,17,1,949
1507,857,111,1,479
1508,857,112,1,139
1509,857,20,1,20069
1510,858,22,1,13689
1511,858,98,1,2369
1512,858,119,2,379
1513,859,35,1,1069
1514,859,94,1,889
1515,859,92,1,219
1516,860,44,3,4769
1517,860,51,2,779
1518,860,28,1,1269
1519,861,17,1,949
1520,862,66,1,399
1521,862,69,2,659
1522,862,28,1,1269
1523,862,70,1,1079
1524,863,75,1,2779
1525,864,10,1,13239
1526,864,70,1,1079
1527,864,74,1,569
1528,865,103,1,2229
1529,866,47,1,2899
1530,866,94,2,889
1531,866,25,1,1279
1532,866,26,1,4509
1533,867,12,1,18439
1534,867,113,1,559
1535,868,21,1,1179
1536,868,87,3,219
1537,869,66,1,399
1538,870,17,1,949
1539,870,116,1,259
1540,871,107,1,429
1541,872,76,3,999
1542,873,44,1,4769
1543,873,5,1,16419
1544,873,109,1,3939
1545,874,31,1,559
1546,874,9,1,11269
1547,875,31,1,559
1548,876,63,2,339
1549,876,11,1,3959
1550,876,70,1,1079
1551,876,21,2,1179
1552,877,110,1,3309
1553,877,96,1,2909
1554,877,79,3,919
1555,878,38,1,339
1556,879,113,1,559
1557,879,11,1,3959
1558,879,69,1,659
1559,879,42,2,1139
1560,880,4,1,9779
1561,881,69,2,659
1562,881,1,2,3829
1563,882,59,3,769
1564,883,62,1,109
1565,883,109,2,3939
1566,883,60,1,679
1567,884,2,1,1219
1568,884,39,2,409
1569,885,78,3,2029
1570,886,94,1,889
1571,886,42,2,1139
1572,887,77,1,259
1573,888,78,1,2029
1574,888,88,1,509
1575,888,29,1,1079
1576,889,69,1,659
1577,890,56,2,1759
1578,890,51,2,779
1579,891,9,1,11269
1580,892,27,2,1069
1581,892,44,1,4769
1582,893,111,2,479
1583,893,7,1,3279
1584,893,42,1,1139
1585,893,62,1,109
1586,894,45,2,1869
1587,895,80,1,669
1588,896,79,2,919
1589,896,104,1,379
1590,897,119,1,379
1591,897,23,3,11319
1592,898,115,1,719
1593,898,30,1,299
1594,898,99,1,769
1595,899,7,1,3279
1596,900,16,2,2829
1597,901,67,1,229
1598,902,15,2,4069
1599,902,116,1,259
1600,902,24,1,3709
1601,903,91,2,1129
1602,904,35,2,1069
1603,904,38,1,339
1604,904,91,1,1129
1605,904,73,1,399
1606,905,9,1,11269
1607,906,11,1,3959
1608,906,35,1,1069
1609,906,87,1,219
1610,907,7,1,3279
1611,908,116,1,259
1612,908,99,1,769
1613,909,20,1,20069
1614,909,38,2,339
1615,910,46,1,189
1616,910,9,1,11269
1617,911,85,3,1849
1618,912,36,1,3429
1619,912,78,2,2029
1620,913,32,1,1029
1621,914,8,1,659
1622,914,98,1,2369
1623,915,70,2,1079
1624,915,83,1,449
1625,916,13,1,2419
1626,917,51,3,779
1627,917,58,1,329
1628,918,5,1,16419
1629,918,48,1,509
1630,919,70,1,1079
1631,920,57,1,1059
1632,920,17,1,949
1633,920,49,1,1609
1634,920,89,1,949
1635,921,96,2,2909
1636,922,19,2,579
1637,923,41,1,1269
1638,924,55,2,1309
1639,925,54,1,199
1640,926,97,1,1049
1641,927,12,1,18439
1642,928,71,3,1049
1643,929,92,1,219
1644,929,79,1,919
1645,930,48,3,509
1646,930,1,1,3829
1647,931,66,1,399
1648,932,49,2,1609
1649,933,108,1,909
1650,933,81,1,2109
1651,933,13,2,2419
1652,934,57,2,1059
1653,935,93,1,849
1654,936,109,1,3939
1655,937,16,1,2829
1656,937,30,1,299
1657,938,88,1,509
1658,938,11,1,3959
1659,939,9,1,11269
1660,940,20,1,20069
1661,940,25,1,1279
1662,941,83,1,449
1663,942,111,2,479
1664,943,70,2,1079
1665,943,21,1,1179
1666,943,73,1,399
1667,944,111,1,479
1668,944,88,1,509
1669,944,80,1,669
1670,945,79,1,919
1671,945,42,1,1139
1672,946,32,2,1029
1673,946,52,1,329
1674,947,41,1,1269
1675,947,50,1,2799
1676,947,86,1,249
1677,948,117,1,799
1678,948,112,3,139
1679,949,31,1,559
1680,949,98,1,2369
1681,949,23,1,11319
1682,949,67,2,229
1683,950,49,1,1609
1684,950,68,3,859
1685,950,28,1,1269
1686,950,94,1,889
1687,951,47,1,2899
1688,951,100,2,859
1689,951,35,1,1069
1690,952,24,1,3709
1691,952,100,1,859
1692,952,25,2,1279
1693,952,106,1,419
1694,953,3,1,6139
1695,954,48,1,509
1696,955,109,2,3939
1697,955,22,1,13689
1698,955,107,1,429
1699,955,53,1,319
1700,956,35,1,1069
1701,957,85,2,1849
1702,958,2,1,1219
1703,959,48,2,509
1704,960,108,1,909
1705,960,17,1,949
1706,961,37,2,1449
1707,961,16,1,2829
1708,961,42,1,1139
1709,962,36,1,3429
1710,962,29,1,1079
1711,962,117,1,799
1712,963,100,2,859
1713,963,39,1,409
1714,964,105,1,4109
1715,965,56,1,1759
1716,965,8,1,659
1717,966,101,2,3679
1718,967,3,1,6139
1719,967,116,1,259
1720,968,3,1,6139
1721,969,30,1,299
1722,970,102,1,3799
1723,970,30,1,299
1724,971,59,3,769
1725,971,114,1,879
1726,971,87,1,219
1727,972,92,1,219
1728,973,45,1,1869
1729,973,115,1,719
1730,974,19,1,579
1731,974,90,1,1329
1732,974,58,1,329
1733,974,26,1,4509
1734,975,76,2,999
1735,976,77,1,259
1736,977,59,3,769
1737,978,17,1,949
1738,979,46,1,189
1739,979,42,1,1139
1740,980,105,1,4109
1741,981,83,1,449
1742,982,69,1,659
1743,982,101,1,3679
1744,983,68,2,859
1745,984,30,1,299
1746,985,91,2,1129
1747,986,75,1,2779
1748,986,18,1,10659
1749,987,3,1,6139
1750,988,101,1,3679
1751,988,78,1,2029
1752,989,94,1,889
1753,989,63,3,339
1754,990,71,1,1049
1755,990,21,1,1179
1756,991,21,1,1179
1757,992,35,2,1069
1758,993,49,1,1609
1759,993,51,1,779
1760,994,43,2,209
1761,995,64,2,409
1762,995,22,1,13689
1763,996,14,1,1959
1764,996,18,1,10659
1765,997,3,2,6139
1766,998,41,3,1269
1767,998,86,1,249
1768,999,56,1,1759
1769,1000,68,1,859
1770,1000,80,1,669
1771,1000,42,1,1139
1772,1000,63,3,339
1773,1001,19,1,579
1774,1002,49,1,1609
1775,1003,97,1,1049
1776,1003,33,1,849
1777,1004,71,3,1049
1778,1005,64,1,409
1779,1005,92,1,219
1780,1006,55,1,1309
1781,1007,72,2,2639
1782,1008,30,2,299
1783,1009,64,2,409
1784,1009,5,1,16419
1785,1009,58,3,329
1786,1010,117,1,799
1787,1011,15,1,4069
1788,1012,18,1,10659
1789,1013,41,2,1269
1790,1014,84,1,219
1791,1015,102,2,3799
1792,1016,86,1,249
1793,1016,79,1,919
1794,1016,101,1,3679
1795,1016,107,1,429
1796,1017,36,1,3429
1797,1018,71,2,1049
1798,1018,69,1,659
1799,1018,10,1,13239
1800,1019,6,1,599
1801,1020,44,1,4769
1802,1020,21,1,1179
1803,1020,109,1,3939
1804,1021,81,1,2109
1805,1021,30,1,299
1806,1022,108,1,909
1807,1022,106,1,419
1808,1023,57,1,1059
1809,1024,43,1,209
1810,1025,100,1,859
1811,1025,74,1,569
1812,1026,20,1,20069
1813,1026,50,1,2799
1814,1026,102,1,3799
1815,1027,11,1,3959
1816,1028,105,1,4109
1817,1028,49,1,1609
1818,1029,110,1,3309
1819,1030,30,1,299
1820,1030,39,1,409
1821,1031,2,1,1219
1822,1031,1,3,3829
1823,1032,70,1,1079
1824,1032,47,1,2899
1825,1032,119,2,379
1826,1033,45,1,1869
1827,1033,101,1,3679
1828,1034,59,1,769
1829,1034,35,1,1069
1830,1034,120,1,639
1831,1035,76,1,999
1832,1035,105,1,4109
1833,1036,74,1,569
1834,1037,30,1,299
1835,1037,64,1,409
1836,1038,10,1,13239
1837,1038,120,2,639
1838,1039,84,1,219
1839,1039,103,1,2229
1840,1039,86,1,249
1841,1040,47,1,2899
1842,1041,99,1,769
1843,1042,61,1,1759
1844,1042,59,1,769
1845,1043,106,1,419
1846,1044,8,1,659
1847,1044,70,2,1079
1848,1044,22,1,13689
1849,1045,3,1,6139
1850,1045,28,1,1269
1851,1046,61,1,1759
1852,1047,109,2,3939
1853,1047,111,1,479
1854,1047,110,2,3309
1855,1048,41,1,1269
1856,1048,67,1,229
1857,1048,54,1,199
1858,1049,104,1,379
1859,1049,97,1,1049
1860,1050,64,2,409
1861,1051,70,1,1079
1862,1052,47,1,2899
1863,1052,35,1,1069
1864,1052,64,1,409
1865,1052,88,2,509
1866,1053,99,1,769
1867,1053,79,1,919
1868,1054,103,1,2229
1869,1054,53,2,319
1870,1055,92,1,219
1871,1056,86,1,249
1872,1056,44,2,4769
1873,1057,2,1,1219
1874,1057,72,1,2639
1875,1058,43,3,209
1876,1059,75,1,2779
1877,1060,38,1,339
1878,1061,18,2,10659
1879,1061,117,1,799
1880,1061,62,1,109
1881,1062,7,1,3279
1882,1063,97,2,1049
1883,1063,28,1,1269
1884,1063,84,1,219
1885,1064,72,2,2639
1886,1064,26,2,4509
1887,1065,94,1,889
1888,1065,109,1,3939
1889,1065,39,1,409
1890,1066,14,1,1959
1891,1066,51,2,779
1892,1067,9,1,11269
1893,1067,111,1,479
1894,1067,61,2,1759
1895,1068,113,2,559
1896,1068,10,1,13239
1897,1069,118,1,499
1898,1069,107,1,429
1899,1070,103,1,2229
1900,1071,51,2,779
1901,1072,108,1,909
1902,1072,29,1,1079
1903,1073,76,1,999
1904,1073,91,1,1129
1905,1074,38,1,339
1906,1074,66,1,399
1907,1075,118,2,499
1908,1076,8,1,659
1909,1077,101,1,3679
1910,1077,31,3,559
1911,1077,70,1,1079
1912,1078,22,1,13689
1913,1079,25,1,1279
1914,1079,55,1,1309
1915,1080,102,1,3799
1916,1081,74,1,569
1917,1082,38,1,339
1918,1083,50,1,2799
1919,1084,112,1,139
1920,1084,77,1,259
1921,1085,117,1,799
1922,1085,29,1,1079
1923,1086,88,1,509
1924,1087,19,1,579
1925,1088,14,1,1959
1926,1088,18,2,10659
1927,1088,45,1,1869
1928,1089,34,1,349
1929,1089,74,1,569
1930,1090,30,3,299
1931,1090,70,1,1079
1932,1091,95,2,1949
1933,1091,83,1,449
1934,1091,44,2,4769
1935,1092,38,2,339
1936,1092,66,2,399
1937,1093,20,1,20069
1938,1094,98,1,2369
1939,1095,61,1,1759
1940,1096,117,1,799
1941,1097,37,2,1449
1942,1097,73,1,399
1943,1098,18,1,10659
1944,1099,38,2,339
1945,1099,117,2,799
1946,1100,76,1,999
1947,1100,71,1,1049
1948,1100,65,1,119
1949,1100,62,1,109
1950,1101,88,1,509
1951,1102,60,1,679
1952,1103,77,1,259
1953,1104,6,1,599
1954,1104,27,1,1069
1955,1104,69,2,659
1956,1105,88,1,509
1957,1105,52,3,329
1958,1106,63,1,339
1959,1106,49,2,1609
1960,1107,39,1,409
1961,1107,66,2,399
1962,1108,8,2,659
1963,1109,18,1,10659
1964,1110,85,2,1849
1965,1111,73,1,399
1966,1111,27,1,1069
1967,1112,25,2,1279
1968,1112,63,1,339
1969,1113,24,1,3709
1970,1113,106,1,419
1971,1113,25,1,1279
1972,1114,39,1,409
1973,1115,45,2,1869
1974,1115,73,1,399
1975,1116,28,1,1269
1976,1117,84,2,219
1977,1118,84,1,219
1978,1119,77,1,259
1979,1120,45,2,1869
1980,1121,8,1,659
1981,1121,81,1,2109
1982,1122,27,1,1069
1983,1123,35,1,1069
1984,1124,25,1,1279
1985,1124,108,2,909
1986,1125,28,2,1269
1987,1125,46,1,189
1988,1126,61,1,1759
1989,1126,13,2,2419
1990,1126,81,1,2109
1991,1127,26,1,4509
1992,1127,98,2,2369
1993,1128,85,2,1849
1994,1129,32,1,1029
1995,1129,85,1,1849
1996,1130,107,1,429
1997,1131,18,1,10659
1998,1132,25,2,1279
1999,1132,72,1,2639
2000,1133,73,1,399
2001,1133,21,1,1179
2002,1134,81,1,2109
2003,1135,41,2,1269
2004,1135,96,1,2909
2005,1136,21,2,1179
2006,1137,2,3,1219
2007,1138,103,2,2229
2008,1139,48,2,509
2009,1140,1,1,3829
2010,1141,118,1,499
2011,1142,93,2,849
2012,1143,106,1,419
2013,1144,62,1,109
2014,1144,19,1,579
2015,1144,43,1,209
2016,1144,69,1,659
2017,1145,101,1,3679
2018,1145,6,1,599
2019,1145,67,2,229
2020,1146,109,1,3939
2021,1146,95,2,1949
2022,1146,24,2,3709
2023,1146,3,2,6139
2024,1147,84,1,219
2025,1147,9,1,11269
2026,1148,47,2,2899
2027,1148,78,1,2029
2028,1148,56,1,1759
2029,1149,101,2,3679
2030,1149,1,1,3829
2031,1149,113,1,559
2032,1150,15,2,4069
2033,1150,105,1,4109
2034,1151,109,1,3939
2035,1151,6,1,599
2036,1151,81,1,2109
2037,1152,114,1,879
2038,1153,119,2,379
2039,1154,21,2,1179
2040,1155,72,1,2639
2041,1155,42,1,1139
2042,1155,107,3,429
2043,1156,32,1,1029
2044,1157,6,1,599
2045,1158,46,1,189
2046,1159,43,1,209
2047,1159,54,1,199
2048,1160,30,1,299
2049,1160,37,1,1449
2050,1160,89,1,949
2051,1161,22,1,13689
2052,1162,54,2,199
2053,1163,115,1,719
2054,1163,99,1,769
2055,1164,19,1,579
2056,1164,87,1,219
2057,1165,41,1,1269
2058,1165,2,3,1219
2059,1166,22,1,13689
2060,1166,77,1,259
2061,1167,61,1,1759
2062,1167,85,3,1849
2063,1168,60,1,679
2064,1168,5,2,16419
2065,1169,89,1,949
2066,1169,32,1,1029
2067,1169,23,1,11319
2068,1170,104,1,379
2069,1170,90,1,1329
2070,1170,74,1,569
2071,1171,24,1,3709
2072,1171,105,1,4109
2073,1172,84,3,219
2074,1172,86,3,249
2075,1172,100,2,859
2076,1173,4,1,9779
2077,1173,76,1,999
2078,1174,91,1,1129
2079,1175,58,1,329
2080,1176,17,1,949
2081,1176,34,1,349
2082,1177,49,2,1609
2083,1178,18,1,10659
2084,1178,114,1,879
2085,1179,72,3,2639
2086,1179,113,1,559
2087,1180,98,1,2369
2088,1180,36,1,3429
2089,1181,52,1,329
2090,1181,54,1,199
2091,1182,89,1,949
2092,1182,48,1,509
2093,1183,36,1,3429
2094,1183,17,3,949
2095,1184,113,1,559
2096,1185,29,1,1079
2097,1186,106,1,419
2098,1187,94,1,889
2099,1188,103,1,2229
2100,1188,22,1,13689
2101,1188,101,1,3679
2102,1189,54,2,199
2103,1189,38,1,339
2104,1190,51,1,779
2105,1190,109,2,3939
2106,1190,19,1,579
2107,1191,17,2,949
2108,1192,98,1,2369
2109,1193,82,1,1249
2110,1193,93,1,849
2111,1194,52,1,329
2112,1194,116,1,259
2113,1195,10,2,13239
2114,1195,28,3,1269
2115,1196,25,2,1279
2116,1196,116,1,259
2117,1196,19,1,579
2118,1197,73,1,399
2119,1198,45,1,1869
2120,1199,10,2,13239
2121,1199,48,1,509
2122,1200,70,1,1079
2123,1201,57,1,1059
2124,1202,69,3,659
2125,1203,85,1,1849
2126,1203,113,2,559
2127,1204,3,2,6139
2128,1205,54,1,199
2129,1205,66,1,399
2130,1205,26,1,4509
2131,1206,104,1,379
2132,1206,67,2,229
2133,1207,69,2,659
2134,1208,53,1,319
2135,1208,31,1,559
2136,1209,67,1,229
2137,1209,29,2,1079
2138,1210,44,3,4769
2139,1211,17,2,949
2140,1211,100,2,859
2141,1212,103,1,2229
2142,1213,23,1,11319
2143,1214,11,1,3959
2144,1214,67,1,229
2145,1214,41,1,1269
2146,1215,104,2,379
2147,1215,8,2,659
2148,1215,101,2,3679
2149,1216,78,2,2029
2150,1217,31,1,559
2151,1218,43,2,209
2152,1218,102,1,3799
2153,1219,112,1,139
2154,1220,96,1,2909
2155,1221,18,1,10659
2156,1222,43,1,209
2157,1223,35,1,1069
2158,1224,62,1,109
2159,1225,59,1,769
2160,1225,83,1,449
2161,1225,95,1,1949
2162,1226,31,2,559
2163,1226,108,3,909
2164,1227,85,1,1849
2165,1227,119,1,379
2166,1227,81,1,2109
2167,1227,89,1,949
2168,1228,32,3,1029
2169,1228,49,1,1609
2170,1229,28,1,1269
2171,1229,61,2,1759
2172,1230,83,1,449
2173,1231,42,1,1139
2174,1232,120,1,639
2175,1232,76,2,999
2176,1232,109,1,3939
2177,1233,72,1,2639
2178,1233,9,1,11269
2179,1234,33,1,849
2180,1234,16,1,2829
2181,1235,73,1,399
2182,1236,93,1,849
2183,1237,56,1,1759
2184,1238,21,1,1179
2185,1238,66,1,399
2186,1238,67,2,229
2187,1238,57,2,1059
2188,1239,54,2,199
2189,1240,6,1,599
2190,1240,66,1,399
2191,1241,15,1,4069
2192,1241,56,1,1759
2193,1241,25,1,1279
2194,1242,74,2,569
2195,1242,79,1,919
2196,1243,100,2,859
2197,1244,75,1,2779
2198,1245,77,1,259
2199,1246,106,1,419
2200,1247,71,1,1049
2201,1248,35,2,1069
2202,1248,79,1,919
2203,1248,38,3,339
2204,1249,35,2,1069
2205,1249,56,1,1759
2206,1249,54,1,199
2207,1250,22,2,13689
2208,1250,106,1,419
2209,1251,17,1,949
2210,1251,104,2,379
2211,1251,24,1,3709
2212,1252,116,1,259
2213,1253,22,1,13689
2214,1253,103,1,2229
2215,1253,76,2,999
2216,1254,2,1,1219
2217,1254,3,1,6139
2218,1254,106,1,419
2219,1255,27,2,1069
2220,1255,17,1,949
2221,1255,92,1,219
2222,1256,3,1,6139
2223,1256,45,1,1869
2224,1257,49,1,1609
2225,1257,34,1,349
2226,1258,106,1,419
2227,1258,111,1,479
2228,1258,3,1,6139
2229,1259,1,1,3829
2230,1259,19,3,579
2231,1260,32,1,1029
2232,1260,52,2,329
2233,1260,30,2,299
2234,1261,82,1,1249
2235,1261,49,1,1609
2236,1261,28,1,1269
2237,1261,113,1,559
2238,1262,110,1,3309
2239,1262,97,1,1049
2240,1263,88,1,509
2241,1264,88,2,509
2242,1264,10,1,13239
2243,1265,30,2,299
2244,1266,26,2,4509
2245,1267,105,1,4109
2246,1268,95,1,1949
2247,1269,108,1,909
2248,1270,113,1,559
2249,1271,6,1,599
2250,1271,33,1,849
2251,1271,45,1,1869
2252,1272,112,1,139
2253,1273,21,2,1179
2254,1274,86,1,249
2255,1274,17,3,949
2256,1275,21,1,1179
2257,1275,50,1,2799
2258,1276,87,2,219
2259,1276,117,1,799
2260,1276,35,2,1069
2261,1277,70,2,1079
2262,1278,23,1,11319
2263,1278,80,2,669
2264,1279,3,1,6139
2265,1280,7,1,3279
2266,1280,66,1,399
2267,1280,105,1,4109
2268,1280,22,2,13689
2269,1281,79,1,919
2270,1282,31,1,559
2271,1282,102,3,3799
2272,1282,85,1,1849
2273,1283,116,1,259
2274,1283,52,2,329
2275,1283,7,1,3279
2276,1284,6,1,599
2277,1284,39,2,409
2278,1284,33,1,849
2279,1285,30,1,299
2280,1286,71,1,1049
2281,1287,78,1,2029
2282,1287,15,2,4069
2283,1288,85,1,1849
2284,1289,115,1,719
2285,1290,15,1,4069
2286,1291,14,1,1959
2287,1292,22,2,13689
2288,1293,57,1,1059
2289,1293,94,1,889
2290,1293,20,2,20069
2291,1294,7,1,3279
2292,1294,11,1,3959
2293,1294,95,1,1949
2294,1295,39,1,409
2295,1295,86,2,249
2296,1296,56,1,1759
2297,1296,88,1,509
2298,1296,75,1,2779
2299,1296,57,1,1059
2300,1297,1,1,3829
2301,1298,94,1,889
2302,1298,117,1,799
2303,1298,34,1,349
2304,1299,1,1,3829
2305,1300,65,1,119
2306,1301,112,1,139
2307,1301,54,1,199
2308,1301,41,1,1269
2309,1302,61,1,1759
2310,1302,82,1,1249
2311,1302,7,1,3279
2312,1303,19,1,579
2313,1304,87,2,219
2314,1304,59,3,769
2315,1305,81,1,2109
2316,1305,51,2,779
2317,1305,26,1,4509
2318,1306,58,2,329
2319,1306,90,1,1329
2320,1307,86,1,249
2321,1307,71,1,1049
2322,1307,62,1,109
2323,1308,11,3,3959
2324,1308,58,1,329
2325,1309,65,1,119
2326,1310,88,1,509
2327,1310,20,2,20069
2328,1311,23,2,11319
2329,1311,119,1,379
2330,1312,7,1,3279
2331,1312,104,1,379
2332,1313,41,1,1269
2333,1313,80,2,669
2334,1314,2,1,1219
2335,1315,81,1,2109
2336,1316,16,1,2829
2337,1317,89,1,949
2338,1318,34,1,349
2339,1319,87,2,219
2340,1320,13,2,2419
2341,1320,94,1,889
2342,1321,71,1,1049
2343,1321,80,1,669
2344,1321,32,1,1029
2345,1322,71,1,1049
2346,1323,112,1,139
2347,1324,49,1,1609
2348,1325,100,1,859
2349,1325,22,1,13689
2350,1325,78,1,2029
2351,1326,38,2,339
2352,1326,35,3,1069
2353,1327,98,1,2369
2354,1327,118,1,499
2355,1328,102,2,3799
2356,1329,41,1,1269
2357,1330,10,2,13239
2358,1331,106,2,419
2359,1332,115,3,719
2360,1333,83,2,449
2361,1333,97,2,1049
2362,1334,76,1,999
2363,1334,79,1,919
2364,1335,35,1,1069
2365,1336,52,1,329
2366,1337,67,1,229
2367,1337,93,1,849
2368,1337,3,2,6139
2369,1338,50,1,2799
2370,1338,68,1,859
2371,1338,77,1,259
2372,1338,1,1,3829
2373,1339,103,1,2229
2374,1340,41,2,1269
2375,1341,13,1,2419
2376,1342,14,3,1959
2377,1343,35,1,1069
2378,1344,66,1,399
2379,1345,8,1,659
2380,1345,52,1,329
2381,1345,37,3,1449
2382,1346,79,1,919
2383,1347,47,3,2899
2384,1347,92,1,219
2385,1347,35,1,1069
2386,1348,9,1,11269
2387,1348,42,1,1139
2388,1348,44,1,4769
2389,1349,97,1,1049
2390,1349,32,2,1029
2391,1349,101,1,3679
2392,1349,29,1,1079
2393,1350,7,1,3279
2394,1351,88,1,509
2395,1352,84,2,219
2396,1352,67,1,229
2397,1353,76,1,999
2398,1353,27,2,1069
2399,1353,43,1,209
2400,1353,28,2,1269
2401,1354,97,2,1049
2402,1354,50,1,2799
2403,1355,58,1,329
2404,1355,106,1,419
2405,1355,34,2,349
2406,1355,57,1,1059
2407,1356,19,1,579
2408,1357,13,2,2419
2409,1357,47,1,2899
2410,1357,65,2,119
2411,1358,23,1,11319
2412,1359,28,1,1269
2413,1359,77,2,259
2414,1360,117,1,799
2415,1361,21,1,1179
2416,1361,55,1,1309
2417,1362,20,1,20069
2418,1363,111,1,479
2419,1364,65,1,119
2420,1365,62,1,109
2421,1365,82,1,1249
2422,1365,73,2,399
2423,1366,33,1,849
2424,1366,4,1,9779
2425,1367,100,1,859
2426,1367,70,1,1079
2427,1368,31,1,559
2428,1368,29,1,1079
2429,1369,49,1,1609
2430,1369,7,1,3279
2431,1370,11,3,3959
2432,1371,33,1,849
2433,1372,13,2,2419
2434,1372,96,1,2909
2435,1372,93,1,849
2436,1372,117,2,799
2437,1373,20,1,20069
2438,1374,45,1,1869
2439,1375,11,1,3959
2440,1375,80,2,669
2441,1376,26,1,4509
2442,1376,115,1,719
2443,1377,98,1,2369
2444,1377,2,1,1219
2445,1377,4,1,9779
2446,1377,91,1,1129
2447,1378,35,1,1069
2448,1379,91,1,1129
2449,1379,66,1,399
2450,1379,50,2,2799
2451,1379,17,1,949
2452,1380,10,1,13239
2453,1380,120,2,639
2454,1380,115,3,719
2455,1380,33,1,849
2456,1381,46,1,189
2457,1382,28,1,1269
2458,1383,97,1,1049
2459,1383,98,1,2369
2460,1384,14,1,1959
2461,1385,24,1,3709
2462,1385,60,1,679
2463,1386,52,1,329
2464,1386,112,2,139
2465,1386,114,1,879
2466,1387,67,1,229
2467,1387,118,1,499
2468,1387,85,1,1849
2469,1387,52,1,329
2470,1388,71,1,1049
2471,1388,40,1,549
2472,1388,68,2,859
2473,1389,29,1,1079
2474,1390,103,2,2229
2475,1390,45,1,1869
2476,1390,70,1,1079
2477,1391,49,2,1609
2478,1392,28,2,1269
2479,1392,48,1,509
2480,1392,91,1,1129
2481,1393,72,2,2639
2482,1393,34,1,349
2483,1394,115,1,719
2484,1395,33,1,849
2485,1396,120,1,639
2486,1397,101,1,3679
2487,1397,70,1,1079
2488,1398,2,1,1219
2489,1398,71,1,1049
2490,1399,40,1,549
2491,1399,114,2,879
2492,1399,25,1,1279
2493,1400,45,2,1869
2494,1401,64,1,409
2495,1402,45,2,1869
2496,1403,82,1,1249
2497,1403,21,1,1179
2498,1404,89,1,949
2499,1404,75,1,2779
2500,1404,28,1,1269
2501,1404,80,2,669
2502,1405,19,1,579
2503,1406,15,3,4069
2504,1406,22,1,13689
2505,1407,14,1,1959
2506,1407,108,1,909
2507,1408,98,1,2369
2508,1408,72,2,2639
2509,1409,120,1,639
2510,1409,3,1,6139
2511,1410,19,1,579
2512,1411,28,1,1269
2513,1411,77,1,259
2514,1411,87,3,219
2515,1412,112,1,139
2516,1413,29,1,1079
2517,1413,77,1,259
2518,1413,22,1,13689
2519,1414,110,1,3309
2520,1415,61,1,1759
2521,1416,11,1,3959
2522,1416,2,1,1219
2523,1416,104,1,379
2524,1417,94,1,889
2525,1417,25,1,1279
2526,1418,73,2,399
2527,1419,49,1,1609
2528,1420,68,1,859
2529,1420,103,1,2229
2530,1420,111,1,479
2531,1420,10,1,13239
2532,1421,106,1,419
2533,1422,50,2,2799
2534,1423,62,2,109
2535,1423,38,1,339
2536,1423,97,1,1049
2537,1424,90,1,1329
2538,1425,24,1,3709
2539,1425,23,1,11319
2540,1426,119,1,379
2541,1427,66,1,399
2542,1427,39,1,409
2543,1427,120,1,639
2544,1428,2,1,1219
2545,1429,42,3,1139
2546,1430,109,1,3939
2547,1430,98,1,2369
2548,1431,42,1,1139
2549,1432,79,3,919
2550,1433,50,1,2799
2551,1434,8,1,659
2552,1434,39,3,409
2553,1434,6,1,599
2554,1435,11,1,3959
2555,1436,27,2,1069
2556,1437,59,1,769
2557,1438,93,1,849
2558,1439,79,2,919
2559,1439,118,1,499
2560,1440,2,1,1219
2561,1440,10,1,13239
2562,1440,8,2,659
2563,1441,55,1,1309
2564,1442,96,1,2909
2565,1442,43,1,209
2566,1443,26,1,4509
2567,1444,106,1,419
2568,1444,28,1,1269
2569,1445,53,1,319
2570,1445,64,2,409
2571,1446,84,1,219
2572,1446,74,1,569
2573,1446,31,1,559
2574,1446,100,2,859
2575,1447,27,2,1069
2576,1447,66,2,399
2577,1447,42,1,1139
2578,1448,4,1,9779
2579,1448,32,1,1029
2580,1448,71,1,1049
2581,1448,90,1,1329
2582,1449,62,1,109
2583,1450,32,2,1029
2584,1451,32,1,1029
2585,1452,63,2,339
2586,1452,66,1,399
2587,1452,107,1,429
2588,1453,37,1,1449
2589,1453,27,1,1069
2590,1454,45,1,1869
2591,1455,79,1,919
2592,1455,27,1,1069
2593,1456,95,1,1949
2594,1456,93,2,849
2595,1456,115,1,719
2596,1456,104,1,379
2597,1457,96,1,2909
2598,1458,33,2,849
2599,1458,18,1,10659
2600,1458,16,1,2829
2601,1459,76,1,999
2602,1459,117,1,799
2603,1460,87,2,219
2604,1460,98,1,2369
2605,1460,91,1,1129
2606,1461,58,1,329
2607,1462,28,2,1269
2608,1462,55,1,1309
2609,1463,48,1,509
2610,1464,42,1,1139
2611,1465,108,2,909
2612,1465,29,3,1079
2613,1466,114,1,879
2614,1467,44,1,4769
2615,1468,47,1,2899
2616,1469,40,1,549
2617,1470,50,1,2799
2618,1471,45,1,1869
2619,1471,44,1,4769
2620,1471,100,1,859
2621,1471,33,2,849
2622,1472,23,1,11319
2623,1473,97,1,1049
2624,1474,59,1,769
2625,1474,6,1,599
2626,1475,14,1,1959
2627,1476,3,2,6139
2628,1477,104,2,379
2629,1478,21,3,1179
2630,1479,36,1,3429
2631,1480,105,1,4109
2632,1481,5,1,16419
2633,1481,88,1,509
2634,1482,10,1,13239
2635,1483,3,1,6139
2636,1483,4,2,9779
2637,1484,30,2,299
2638,1484,86,1,249
2639,1484,117,2,799
2640,1485,51,1,779
2641,1486,83,1,449
2642,1486,40,1,549
2643,1487,112,1,139
2644,1488,79,1,919
2645,1488,36,1,3429
2646,1488,26,2,4509
2647,1489,29,2,1079
2648,1490,17,2,949
2649,1490,79,1,919
2650,1490,3,1,6139
2651,1490,65,2,119
2652,1491,96,2,2909
2653,1492,39,1,409
2654,1493,66,1,399
2655,1493,22,1,13689
2656,1494,56,3,1759
2657,1495,64,1,409
2658,1495,17,1,949
2659,1495,110,2,3309
2660,1496,18,2,10659
2661,1496,67,1,229
2662,1496,68,1,859
2663,1496,63,1,339
2664,1497,55,2,1309
2665,1498,110,2,3309
2666,1498,97,2,1049
2667,1499,119,1,379
2668,1499,57,2,1059
2669,1500,108,2,909
2670,1500,1,1,3829
2671,1501,86,1,249
2672,1502,32,1,1029
2673,1502,15,2,4069
2674,1502,75,1,2779
2675,1502,90,1,1329
2676,1503,120,1,639
2677,1503,26,1,4509
2678,1503,4,1,9779
2679,1504,102,1,3799
2680,1505,12,3,18439
2681,1506,36,1,3429
2682,1506,41,1,1269
2683,1507,106,2,419
2684,1507,62,1,109
2685,1508,38,2,339
2686,1509,13,1,2419
2687,1510,52,1,329
2688,1510,104,1,379
2689,1510,36,1,3429
2690,1510,75,2,2779
2691,1511,58,1,329
2692,1512,63,1,339
2693,1512,105,1,4109
2694,1513,24,1,3709
2695,1513,97,1,1049
2696,1514,10,1,13239
2697,1515,114,1,879
2698,1515,21,2,1179
2699,1516,106,1,419
2700,1517,46,1,189
2701,1517,76,3,999
2702,1517,65,2,119
2703,1517,113,1,559
2704,1518,116,3,259
2705,1518,36,1,3429
2706,1518,65,1,119
2707,1518,111,1,479
2708,1519,82,1,1249
2709,1520,34,1,349
2710,1521,47,1,2899
2711,1522,56,1,1759
2712,1523,78,1,2029
2713,1523,15,2,4069
2714,1524,100,3,859
2715,1525,114,1,879
2716,1526,2,1,1219
2717,1527,99,1,769
2718,1528,114,1,879
2719,1528,56,1,1759
2720,1529,120,1,639
2721,1529,61,1,1759
2722,1530,33,1,849
2723,1530,102,2,3799
2724,1531,49,1,1609
2725,1532,95,1,1949
2726,1532,12,1,18439
2727,1532,7,1,3279
2728,1533,80,1,669
2729,1533,14,3,1959
2730,1534,80,1,669
2731,1535,112,1,139
2732,1536,36,1,3429
2733,1537,117,1,799
2734,1538,93,1,849
2735,1539,56,1,1759
2736,1539,70,1,1079
2737,1539,89,1,949
2738,1539,105,1,4109
2739,1540,25,1,1279
2740,1540,76,1,999
2741,1541,78,1,2029
2742,1541,37,1,1449
2743,1542,82,2,1249
2744,1542,69,3,659
2745,1542,42,1,1139
2746,1543,93,1,849
2747,1543,34,1,349
2748,1543,33,2,849
2749,1544,40,1,549
2750,1544,101,1,3679
2751,1545,10,1,13239
2752,1546,20,1,20069
2753,1546,22,1,13689
2754,1547,82,1,1249
2755,1548,65,1,119
2756,1549,102,1,3799
2757,1550,81,1,2109
2758,1550,49,1,1609
2759,1550,18,1,10659
2760,1550,24,1,3709
2761,1551,61,1,1759
2762,1552,106,2,419
2763,1552,62,1,109
2764,1552,77,2,259
2765,1552,86,1,249
2766,1553,63,1,339
2767,1553,67,2,229
2768,1554,46,1,189
2769,1554,30,1,299
2770,1555,63,1,339
2771,1555,83,3,449
2772,1555,22,2,13689
2773,1556,91,1,1129
2774,1557,118,1,499
2775,1557,90,1,1329
2776,1558,91,2,1129
2777,1559,102,3,3799
2778,1559,77,2,259
2779,1559,93,3,849
2780,1560,104,1,379
2781,1560,93,2,849
2782,1560,28,3,1269
2783,1560,17,3,949
2784,1561,114,1,879
2785,1562,3,1,6139
2786,1562,7,1,3279
2787,1562,27,1,1069
2788,1563,57,2,1059
2789,1563,10,1,13239
2790,1564,7,1,3279
2791,1565,53,1,319
2792,1566,66,1,399
2793,1567,91,1,1129
2794,1568,102,1,3799
2795,1569,102,1,3799
2796,1569,100,2,859
2797,1570,56,2,1759
2798,1571,34,1,349
2799,1571,15,1,4069
2800,1572,12,2,18439
2801,1573,11,1,3959
2802,1573,60,1,679
2803,1574,100,1,859
2804,1574,43,1,209
2805,1574,9,2,11269
2806,1575,113,1,559
2807,1575,72,1,2639
2808,1575,40,3,549
2809,1576,93,1,849
2810,1576,75,2,2779
2811,1576,78,1,2029
2812,1576,117,2,799
2813,1577,87,1,219
2814,1578,25,2,1279
2815,1579,29,1,1079
2816,1579,3,1,6139
2817,1580,56,1,1759
2818,1581,106,1,419
2819,1582,54,2,199
2820,1583,75,1,2779
2821,1583,87,1,219
2822,1584,72,1,2639
2823,1585,109,1,3939
2824,1586,50,2,2799
2825,1586,55,1,1309
2826,1587,56,1,1759
2827,1587,62,1,109
2828,1587,34,1,349
2829,1588,102,3,3799
2830,1589,38,1,339
2831,1589,99,1,769
2832,1590,48,1,509
2833,1590,100,1,859
2834,1591,26,1,4509
2835,1592,55,2,1309
2836,1593,80,1,669
2837,1593,22,2,13689
2838,1594,98,2,2369
2839,1594,88,2,509
2840,1595,44,1,4769
2841,1595,37,2,1449
2842,1595,76,3,999
2843,1596,66,2,399
2844,1597,49,1,1609
2845,1598,45,2,1869
2846,1599,84,1,219
2847,1599,119,1,379
2848,1600,86,1,249
2849,1600,38,1,339
2850,1601,63,2,339
2851,1602,60,2,679
2852,1603,1,1,3829
2853,1603,96,1,2909
2854,1604,80,1,669
2855,1605,13,1,2419
2856,1606,100,2,859
2857,1607,62,1,109
2858,1608,47,2,2899
2859,1608,52,1,329
2860,1609,48,1,509
2861,1609,29,1,1079
2862,1610,39,1,409
2863,1611,76,1,999
2864,1612,65,1,119
2865,1613,31,2,559
2866,1613,112,1,139
2867,1613,24,1,3709
2868,1614,94,2,889
2869,1614,118,1,499
2870,1615,43,1,209
2871,1615,25,1,1279
2872,1615,49,1,1609
2873,1615,78,2,2029
2874,1616,30,1,299
2875,1617,51,1,779
2876,1618,109,1,3939
2877,1619,63,1,339
2878,1619,74,1,569
2879,1619,52,1,329
2880,1620,118,1,499
2881,1621,91,1,1129
2882,1622,92,1,219
2883,1622,12,2,18439
2884,1623,43,1,209
2885,1623,54,1,199
2886,1624,27,1,1069
2887,1625,36,2,3429
2888,1626,43,1,209
2889,1626,36,1,3429
2890,1626,77,1,259
2891,1626,14,1,1959
2892,1627,24,1,3709
2893,1628,73,2,399
2894,1628,86,2,249
2895,1628,110,2,3309
2896,1629,80,1,669
2897,1630,99,1,769
2898,1630,32,1,1029
2899,1631,31,1,559
2900,1631,84,1,219
2901,1632,1,1,3829
2902,1633,104,2,379
2903,1634,62,2,109
2904,1635,21,2,1179
2905,1635,102,2,3799
2906,1636,77,1,259
2907,1636,115,1,719
2908,1637,79,2,919
2909,1637,87,1,219
2910,1638,106,1,419
2911,1638,19,1,579
2912,1639,38,2,339
2913,1639,54,1,199
2914,1640,91,1,1129
2915,1641,24,1,3709
2916,1642,58,1,329
2917,1643,92,1,219
2918,1644,1,1,3829
2919,1645,115,1,719
2920,1646,73,1,399
2921,1646,35,1,1069
2922,1647,80,1,669
2923,1647,89,1,949
2924,1647,2,1,1219
2925,1648,59,1,769
2926,1648,106,1,419
2927,1649,41,1,1269
2928,1650,77,1,259
2929,1650,88,1,509
2930,1651,47,1,2899
2931,1652,69,1,659
2932,1653,110,2,3309
2933,1653,76,1,999
2934,1654,60,2,679
2935,1654,17,1,949
2936,1655,5,3,16419
2937,1656,58,1,329
2938,1657,104,2,379
2939,1657,45,1,1869
2940,1657,46,1,189
2941,1657,92,1,219
2942,1658,27,3,1069
2943,1659,59,2,769
2944,1660,50,1,2799
2945,1660,105,1,4109
2946,1661,87,2,219
2947,1662,56,1,1759
2948,1663,39,1,409
2949,1664,94,1,889
2950,1665,80,1,669
2951,1666,116,2,259
2952,1667,105,1,4109
2953,1668,65,1,119
2954,1668,8,1,659
2955,1669,5,1,16419
2956,1670,105,1,4109
2957,1670,27,1,1069
2958,1670,10,1,13239
2959,1671,107,1,429
2960,1671,16,1,2829
2961,1672,100,1,859
2962,1673,94,1,889
2963,1673,21,1,1179
2964,1674,68,1,859
2965,1674,60,1,679
2966,1674,89,1,949
2967,1675,32,1,1029
2968,1675,56,1,1759
2969,1675,33,1,849
2970,1675,77,1,259
2971,1676,39,1,409
2972,1676,2,1,1219
2973,1677,14,1,1959
2974,1677,106,1,419
2975,1678,108,2,909
2976,1678,106,2,419
2977,1678,72,1,2639
2978,1678,28,2,1269
2979,1679,36,1,3429
2980,1680,105,1,4109
2981,1680,69,1,659
2982,1681,12,1,18439
2983,1681,44,3,4769
2984,1682,75,1,2779
2985,1683,84,1,219
2986,1684,87,1,219
2987,1684,26,1,4509
2988,1684,49,1,1609
2989,1685,42,1,1139
2990,1686,7,2,3279
2991,1687,72,1,2639
2992,1687,84,1,219
2993,1688,118,3,499
2994,1689,52,1,329
2995,1690,65,1,119
2996,1690,66,2,399
2997,1690,31,2,559
2998,1691,40,3,549
2999,1691,73,1,399
3000,1692,52,1,329
3001,1693,13,1,2419
3002,1694,68,1,859
3003,1695,27,2,1069
3004,1695,116,1,259
3005,1695,12,1,18439
3006,1696,63,1,339
3007,1697,96,2,2909
3008,1698,116,1,259
3009,1699,44,2,4769
3010,1699,27,2,1069
3011,1700,17,1,949
3012,1700,52,1,329
3013,1700,111,3,479
3014,1701,100,1,859
3015,1702,40,1,549
3016,1703,38,1,339
3017,1704,104,2,379
3018,1705,6,1,599
3019,1706,69,1,659
3020,1707,47,2,2899
3021,1707,86,1,249
3022,1708,33,1,849
3023,1708,18,1,10659
3024,1709,6,1,599
3025,1709,8,1,659
3026,1709,91,2,1129
3027,1710,114,1,879
3028,1711,6,1,599
3029,1711,52,1,329
3030,1712,102,1,3799
3031,1713,52,1,329
3032,1713,59,1,769
3033,1714,9,1,11269
3034,1715,40,1,549
3035,1716,90,2,1329
3036,1717,84,3,219
3037,1717,46,1,189
3038,1717,70,1,1079
3039,1718,29,1,1079
3040,1718,63,2,339
3041,1719,107,1,429
3042,1719,66,3,399
3043,1719,42,1,1139
3044,1720,60,1,679
3045,1721,94,1,889
3046,1722,96,1,2909
3047,1722,29,1,1079
3048,1723,102,2,3799
3049,1723,80,1,669
3050,1723,120,1,639
3051,1724,111,2,479
3052,1725,16,2,2829
3053,1726,33,1,849
3054,1726,99,2,769
3055,1727,15,1,4069
3056,1728,85,1,1849
3057,1728,32,1,1029
3058,1729,3,1,6139
3059,1730,57,2,1059
3060,1730,86,1,249
3061,1730,106,1,419
3062,1731,12,1,18439
3063,1731,77,1,259
3064,1732,57,1,1059
3065,1733,21,2,1179
3066,1733,25,2,1279
3067,1733,32,1,1029
3068,1734,110,1,3309
3069,1735,101,2,3679
3070,1735,31,1,559
3071,1736,49,1,1609
3072,1737,28,2,1269
3073,1738,95,1,1949
3074,1739,51,2,779
3075,1740,70,2,1079
3076,1741,30,1,299
3077,1742,93,1,849
3078,1743,49,1,1609
3079,1744,22,1,13689
3080,1744,16,2,2829
3081,1744,96,2,2909
3082,1745,73,1,399
3083,1745,96,2,2909
3084,1745,55,1,1309
3085,1746,46,1,189
3086,1746,99,1,769
3087,1746,7,1,3279
3088,1747,34,1,349
3089,1748,95,2,1949
3090,1748,14,2,1959
3091,1749,48,3,509
3092,1749,32,1,1029
3093,1750,59,1,769
3094,1751,30,1,299
3095,1751,31,1,559
3096,1752,21,3,1179
3097,1752,64,1,409
3098,1752,13,1,2419
3099,1753,110,1,3309
3100,1754,67,1,229
3101,1755,105,1,4109
3102,1756,94,2,889
3103,1757,19,1,579
3104,1757,107,1,429
3105,1758,115,1,719
3106,1759,34,2,349
3107,1759,82,1,1249
3108,1760,67,1,229
3109,1760,71,1,1049
3110,1761,26,1,4509
3111,1762,21,1,1179
3112,1762,120,1,639
3113,1763,94,1,889
3114,1764,84,1,219
3115,1765,116,2,259
3116,1766,120,1,639
3117,1767,29,3,1079
3118,1767,103,1,2229
3119,1768,113,1,559
3120,1768,44,3,4769
3121,1769,71,1,1049
3122,1769,77,1,259
3123,1770,103,1,2229
3124,1771,44,1,4769
3125,1771,35,1,1069
3126,1771,108,1,909
3127,1772,100,1,859
3128,1772,95,1,1949
3129,1772,60,1,679
3130,1773,100,1,859
3131,1773,90,1,1329
3132,1774,46,1,189
3133,1775,10,1,13239
3134,1776,114,1,879
3135,1776,110,1,3309
3136,1777,57,1,1059
3137,1778,84,1,219
3138,1779,55,1,1309
3139,1780,113,1,559
3140,1781,59,1,769
3141,1782,80,1,669
3142,1783,112,2,139
3143,1783,49,1,1609
3144,1783,41,1,1269
3145,1784,9,2,11269
3146,1784,33,1,849
3147,1784,116,1,259
3148,1785,113,1,559
3149,1786,103,2,2229
3150,1786,42,1,1139
3151,1786,8,1,659
3152,1787,46,1,189
3153,1787,30,2,299
3154,1788,83,2,449
3155,1788,116,2,259
3156,1789,90,1,1329
3157,1790,76,2,999
3158,1790,64,1,409
3159,1791,55,1,1309
3160,1791,80,1,669
3161,1792,83,1,449
3162,1792,44,1,4769
3163,1793,74,1,569
3164,1793,91,1,1129
3165,1793,81,1,2109
3166,1794,52,2,329
3167,1794,112,2,139
3168,1795,68,1,859
3169,1796,22,2,13689
3170,1797,92,1,219
3171,1798,111,2,479
3172,1799,46,2,189
3173,1800,116,3,259
3174,1800,17,2,949
3175,1801,45,1,1869
3176,1801,25,2,1279
3177,1802,109,1,3939
3178,1802,87,1,219
3179,1803,79,2,919
3180,1804,18,1,10659
3181,1804,24,1,3709
3182,1804,51,1,779
3183,1804,88,1,509
3184,1805,59,1,769
3185,1806,97,1,1049
3186,1807,16,2,2829
3187,1807,78,1,2029
3188,1808,70,1,1079
3189,1809,91,1,1129
3190,1810,90,1,1329
3191,1811,117,3,799
3192,1812,14,2,1959
3193,1813,70,1,1079
3194,1814,66,1,399
3195,1814,59,1,769
3196,1814,44,1,4769
3197,1815,111,1,479
3198,1816,72,1,2639
3199,1817,95,1,1949
3200,1818,113,1,559
3201,1819,66,1,399
3202,1819,45,3,1869
3203,1819,77,1,259
3204,1820,117,1,799
3205,1820,73,3,399
3206,1821,70,1,1079
3207,1821,117,1,799
3208,1821,99,1,769
3209,1822,75,1,2779
3210,1823,113,1,559
3211,1824,73,1,399
3212,1824,83,1,449
3213,1825,111,1,479
3214,1826,68,1,859
3215,1827,85,1,1849
3216,1828,109,1,3939
3217,1829,62,1,109
3218,1830,79,1,919
3219,1830,49,1,1609
3220,1831,9,2,11269
3221,1831,43,1,209
3222,1832,72,1,2639
3223,1832,62,2,109
3224,1833,69,1,659
3225,1834,120,2,639
3226,1835,57,1,1059
3227,1835,116,1,259
3228,1836,89,1,949
3229,1837,57,1,1059
3230,1837,100,2,859
3231,1837,108,1,909
3232,1838,45,1,1869
3233,1838,51,1,779
3234,1839,53,2,319
3235,1839,71,1,1049
3236,1840,42,1,1139
3237,1841,31,1,559
3238,1841,34,1,349
3239,1841,83,1,449
3240,1841,93,1,849
3241,1842,90,1,1329
3242,1843,77,1,259
3243,1843,4,2,9779
3244,1844,47,1,2899
3245,1845,107,1,429
3246,1846,6,2,599
3247,1846,50,1,2799
3248,1847,113,1,559
3249,1847,29,1,1079
3250,1848,14,1,1959
3251,1848,23,1,11319
3252,1848,117,2,799
3253,1849,16,1,2829
3254,1849,1,1,3829
3255,1849,39,1,409
3256,1850,72,1,2639
3257,1850,52,2,329
3258,1851,76,2,999
3259,1851,6,1,599
3260,1851,74,1,569
3261,1851,43,1,209
3262,1852,80,1,669
3263,1853,26,1,4509
3264,1854,116,1,259
3265,1855,27,2,1069
3266,1856,55,1,1309
3267,1857,48,1,509
3268,1857,96,2,2909
3269,1858,72,1,2639
3270,1859,91,1,1129
3271,1860,38,2,339
3272,1861,76,1,999
3273,1862,65,1,119
3274,1863,107,1,429
3275,1864,73,1,399
3276,1864,15,1,4069
3277,1864,2,1,1219
3278,1865,99,1,769
3279,1866,68,1,859
3280,1866,82,1,1249
3281,1866,16,1,2829
3282,1866,103,1,2229
3283,1867,52,1,329
3284,1867,50,1,2799
3285,1868,6,1,599
3286,1868,110,1,3309
3287,1869,40,1,549
3288,1870,111,1,479
3289,1871,19,1,579
3290,1872,10,1,13239
3291,1873,72,2,2639
3292,1873,84,1,219
3293,1874,17,3,949
3294,1875,107,1,429
3295,1875,8,1,659
3296,1876,6,1,599
3297,1876,20,1,20069
3298,1877,63,1,339
3299,1878,87,1,219
3300,1878,59,1,769
3301,1878,76,1,999
3302,1879,119,1,379
3303,1879,88,1,509
3304,1880,49,1,1609
3305,1880,6,1,599
3306,1880,57,1,1059
3307,1881,33,1,849
3308,1881,80,1,669
3309,1882,93,1,849
3310,1883,57,1,1059
3311,1883,13,1,2419
3312,1883,24,1,3709
3313,1883,71,1,1049
3314,1884,76,3,999
3315,1885,4,1,9779
3316,1885,17,2,949
3317,1885,48,1,509
3318,1886,48,2,509
3319,1887,78,1,2029
3320,1888,82,1,1249
3321,1889,9,1,11269
3322,1890,104,1,379
3323,1890,57,1,1059
3324,1890,87,2,219
3325,1890,55,2,1309
3326,1891,82,1,1249
3327,1891,49,1,1609
3328,1892,26,1,4509
3329,1892,37,2,1449
3330,1893,60,1,679
3331,1894,16,1,2829
3332,1894,34,1,349
3333,1895,25,1,1279
3334,1895,89,2,949
3335,1896,74,1,569
3336,1897,22,1,13689
3337,1897,113,1,559
3338,1898,57,1,1059
3339,1899,26,2,4509
3340,1900,72,1,2639
3341,1900,102,1,3799
3342,1901,25,1,1279
3343,1902,114,1,879
3344,1903,90,1,1329
3345,1904,62,1,109
3346,1904,115,1,719
3347,1905,32,1,1029
3348,1906,31,1,559
3349,1907,15,1,4069
3350,1908,52,1,329
3351,1908,40,1,549
3352,1909,88,2,509
3353,1910,10,1,13239
3354,1910,53,1,319
3355,1910,71,1,1049
3356,1911,39,1,409
3357,1912,28,3,1269
3358,1912,115,2,719
3359,1912,42,2,1139
3360,1913,19,1,579
3361,1913,37,1,1449
3362,1913,23,2,11319
3363,1914,42,1,1139
3364,1915,70,1,1079
3365,1915,26,1,4509
3366,1915,14,1,1959
3367,1916,10,1,13239
3368,1917,115,3,719
3369,1918,32,2,1029
3370,1918,115,1,719
3371,1919,5,1,16419
3372,1919,56,1,1759
3373,1920,107,1,429
3374,1920,93,2,849
3375,1920,117,2,799
3376,1920,44,1,4769
3377,1921,119,1,379
3378,1922,50,1,2799
3379,1923,107,1,429
3380,1923,4,1,9779
3381,1924,28,3,1269
3382,1925,3,1,6139
3383,1926,85,1,1849
3384,1926,88,1,509
3385,1927,115,1,719
3386,1927,9,1,11269
3387,1928,99,1,769
3388,1928,84,2,219
3389,1929,1,1,3829
3390,1929,102,1,3799
3391,1930,45,2,1869
3392,1930,51,1,779
3393,1931,84,1,219
3394,1932,7,1,3279
3395,1932,96,1,2909
3396,1932,88,1,509
3397,1932,35,2,1069
3398,1933,91,2,1129
3399,1933,2,1,1219
3400,1934,48,2,509
3401,1934,46,2,189
3402,1935,5,1,16419
3403,1936,1,1,3829
3404,1937,41,2,1269
3405,1938,12,2,18439
3406,1939,41,2,1269
3407,1939,108,2,909
3408,1940,59,2,769
3409,1940,100,2,859
3410,1941,73,1,399
3411,1942,84,3,219
3412,1942,118,1,499
3413,1943,120,2,639
3414,1943,94,1,889
3415,1943,49,1,1609
3416,1944,33,1,849
3417,1944,85,2,1849
3418,1945,80,1,669
3419,1946,120,1,639
3420,1946,104,1,379
3421,1946,6,1,599
3422,1947,88,1,509
3423,1947,35,1,1069
3424,1947,40,1,549
3425,1947,95,2,1949
3426,1948,55,1,1309
3427,1949,21,1,1179
3428,1950,25,1,1279
3429,1950,112,1,139
3430,1951,62,1,109
3431,1951,74,1,569
3432,1952,118,1,499
3433,1952,106,1,419
3434,1953,50,1,2799
3435,1953,72,3,2639
3436,1954,51,1,779
3437,1955,53,2,319
3438,1955,4,2,9779
3439,1955,104,2,379
3440,1956,48,1,509
3441,1957,105,2,4109
3442,1957,8,1,659
3443,1958,41,1,1269
3444,1958,39,1,409
3445,1959,81,1,2109
3446,1959,5,1,16419
3447,1959,65,1,119
3448,1960,110,2,3309
3449,1961,58,1,329
3450,1962,114,1,879
3451,1962,69,3,659
3452,1963,82,2,1249
3453,1963,36,1,3429
3454,1964,80,3,669
3455,1964,3,2,6139
3456,1964,92,1,219
3457,1965,81,2,2109
3458,1965,113,2,559
3459,1966,62,1,109
3460,1967,69,2,659
3461,1968,48,1,509
3462,1969,95,1,1949
3463,1969,23,1,11319
3464,1970,45,1,1869
3465,1970,19,2,579
3466,1970,30,3,299
3467,1970,76,1,999
3468,1971,114,1,879
3469,1972,41,1,1269
3470,1973,70,1,1079
3471,1974,46,1,189
3472,1974,96,1,2909
3473,1975,100,1,859
3474,1976,109,3,3939
3475,1976,91,1,1129
3476,1976,36,1,3429
3477,1977,20,1,20069
3478,1978,59,1,769
3479,1979,68,1,859
3480,1979,13,1,2419
3481,1980,15,2,4069
3482,1981,76,2,999
3483,1982,70,1,1079
3484,1982,93,1,849
3485,1983,24,1,3709
3486,1984,78,1,2029
3487,1984,29,3,1079
3488,1985,83,1,449
3489,1986,120,3,639
3490,1987,54,1,199
3491,1987,37,1,1449
3492,1988,71,1,1049
3493,1988,120,1,639
3494,1988,83,1,449
3495,1989,55,1,1309
3496,1989,116,1,259
3497,1990,29,1,1079
3498,1990,10,1,13239
3499,1991,94,1,889
3500,1992,21,1,1179
3501,1993,43,1,209
3502,1994,57,1,1059
3503,1994,2,1,1219
3504,1994,20,1,20069
3505,1995,44,1,4769
3506,1995,2,1,1219
3507,1995,35,2,1069
3508,1996,117,1,799
3509,1996,88,1,509
3510,1996,96,1,2909
3511,1996,101,2,3679
3512,1997,11,2,3959
3513,1997,14,1,1959
3514,1997,18,1,10659
3515,1997,64,1,409
3516,1998,104,1,379
3517,1999,103,1,2229
3518,2000,89,1,949
3519,2000,55,1,1309
3520,2000,68,2,859
3521,2001,36,2,3429
3522,2001,90,1,1329
3523,2002,69,2,659
3524,2002,114,3,879
3525,2002,59,1,769
3526,2003,88,1,509
3527,2003,94,1,889
3528,2004,103,1,2229
3529,2005,6,1,599
3530,2006,63,1,339
3531,2007,22,1,13689
3532,2007,114,2,879
3533,2007,11,1,3959
3534,2007,71,1,1049
3535,2008,78,1,2029
3536,2009,67,1,229
3537,2009,39,3,409
3538,2010,71,1,1049
3539,2011,54,1,199
3540,2011,110,1,3309
3541,2011,14,1,1959
3542,2012,76,1,999
3543,2012,116,1,259
3544,2013,72,1,2639
3545,2014,40,1,549
3546,2014,120,1,639
3547,2015,106,1,419
3548,2016,104,1,379
3549,2016,14,1,1959
3550,2016,112,2,139
3551,2017,51,3,779
3552,2018,42,2,1139
3553,2019,68,1,859
3554,2020,66,1,399
3555,2021,5,1,16419
3556,2021,54,3,199
3557,2022,37,2,1449
3558,2022,40,2,549
3559,2022,67,2,229
3560,2023,22,1,13689
3561,2023,36,2,3429
3562,2023,56,1,1759
3563,2024,112,1,139
3564,2024,79,1,919
3565,2025,33,1,849
3566,2025,10,1,13239
3567,2026,111,1,479
3568,2026,41,1,1269
3569,2027,102,2,3799
3570,2028,36,1,3429
3571,2028,34,1,349
3572,2029,92,2,219
3573,2029,43,1,209
3574,2030,44,1,4769
3575,2030,100,2,859
3576,2031,68,1,859
3577,2031,6,1,599
3578,2031,54,1,199
3579,2032,13,2,2419
3580,2033,120,1,639
3581,2033,7,1,3279
3582,2034,33,1,849
3583,2035,6,1,599
3584,2036,82,1,1249
3585,2036,15,1,4069
3586,2037,35,1,1069
3587,2037,108,1,909
3588,2038,69,1,659
3589,2039,120,3,639
3590,2039,58,2,329
3591,2040,3,1,6139
3592,2040,11,1,3959
3593,2041,44,2,4769
3594,2041,115,1,719
3595,2041,26,1,4509
3596,2042,6,3,599
3597,2042,104,1,379
3598,2043,64,1,409
3599,2043,73,1,399
3600,2043,110,1,3309
3601,2044,21,1,1179
3602,2044,17,1,949
3603,2045,4,2,9779
3604,2046,75,1,2779
3605,2047,38,1,339
3606,2047,48,1,509
3607,2047,66,1,399
3608,2048,104,1,379
3609,2048,63,1,339
3610,2049,117,1,799
3611,2050,98,2,2369
3612,2051,84,2,219
3613,2051,111,2,479
3614,2052,32,1,1029
3615,2053,96,1,2909
3616,2053,19,1,579
3617,2054,80,1,669
3618,2054,110,1,3309
3619,2055,40,2,549
3620,2056,62,1,109
3621,2056,16,1,2829
3622,2057,102,3,3799
3623,2058,57,1,1059
3624,2058,72,1,2639
3625,2058,92,1,219
3626,2059,69,1,659
3627,2059,81,1,2109
3628,2059,86,1,249
3629,2060,97,1,1049
3630,2060,32,2,1029
3631,2061,93,1,849
3632,2061,28,1,1269
3633,2061,62,2,109
3634,2062,71,1,1049
3635,2063,20,1,20069
3636,2063,73,1,399
3637,2064,66,2,399
3638,2064,10,2,13239
3639,2065,52,1,329
3640,2065,54,2,199
3641,2066,63,1,339
3642,2066,18,1,10659
3643,2067,76,3,999
3644,2068,88,2,509
3645,2068,41,1,1269
3646,2068,43,1,209
3647,2069,15,2,4069
3648,2070,39,1,409
3649,2071,57,1,1059
3650,2072,26,3,4509
3651,2073,83,3,449
3652,2074,74,1,569
3653,2075,56,1,1759
3654,2076,9,1,11269
3655,2076,70,1,1079
3656,2077,60,2,679
3657,2077,22,1,13689
3658,2078,114,1,879
3659,2078,108,1,909
3660,2079,37,1,1449
3661,2080,2,1,1219
3662,2080,50,1,2799
3663,2081,89,1,949
3664,2081,11,1,3959
3665,2082,115,1,719
3666,2082,73,1,399
3667,2082,91,1,1129
3668,2083,89,2,949
3669,2083,2,1,1219
3670,2084,115,1,719
3671,2084,26,2,4509
3672,2085,22,2,13689
3673,2085,119,2,379
3674,2086,90,2,1329
3675,2086,93,1,849
3676,2087,16,2,2829
3677,2088,56,1,1759
3678,2088,55,2,1309
3679,2089,83,1,449
3680,2089,20,1,20069
3681,2089,89,2,949
3682,2090,55,1,1309
3683,2090,94,1,889
3684,2091,84,3,219
3685,2091,19,1,579
3686,2091,25,1,1279
3687,2092,110,1,3309
3688,2093,48,1,509
3689,2093,59,2,769
3690,2094,75,1,2779
3691,2095,38,3,339
3692,2096,50,1,2799
3693,2096,40,1,549
3694,2096,12,1,18439
3695,2097,81,1,2109
3696,2098,79,1,919
3697,2099,48,1,509
3698,2100,83,1,449
3699,2100,111,1,479
3700,2101,19,1,579
3701,2102,45,1,1869
3702,2102,104,1,379
3703,2103,107,1,429
3704,2104,51,1,779
3705,2105,43,1,209
3706,2105,111,1,479
3707,2105,41,1,1269
3708,2105,55,1,1309
3709,2106,90,1,1329
3710,2107,26,1,4509
3711,2107,6,2,599
3712,2108,74,1,569
3713,2109,65,1,119
3714,2110,56,1,1759
3715,2110,40,1,549
3716,2111,62,1,109
3717,2111,100,1,859
3718,2112,48,1,509
3719,2113,82,1,1249
3720,2113,120,1,639
3721,2113,28,1,1269
3722,2114,89,1,949
3723,2115,94,1,889
3724,2116,45,1,1869
3725,2117,3,1,6139
3726,2118,77,1,259
3727,2118,50,2,2799
3728,2119,15,1,4069
3729,2119,106,1,419
3730,2120,102,1,3799
3731,2121,64,1,409
3732,2122,85,1,1849
3733,2122,36,1,3429
3734,2122,10,1,13239
3735,2123,23,1,11319
3736,2124,74,2,569
3737,2124,109,1,3939
3738,2124,25,1,1279
3739,2125,15,1,4069
3740,2125,74,3,569
3741,2126,67,1,229
3742,2127,110,1,3309
3743,2127,62,1,109
3744,2128,45,1,1869
3745,2129,113,1,559
3746,2129,83,1,449
3747,2129,60,1,679
3748,2130,96,1,2909
3749,2131,60,1,679
3750,2132,10,1,13239
3751,2132,119,1,379
3752,2133,54,1,199
3753,2133,31,1,559
3754,2133,27,1,1069
3755,2134,50,1,2799
3756,2134,90,2,1329
3757,2135,53,1,319
3758,2135,105,1,4109
3759,2135,8,1,659
3760,2136,32,1,1029
3761,2137,35,1,1069
3762,2138,114,1,879
3763,2139,48,1,509
3764,2139,74,1,569
3765,2139,78,1,2029
3766,2140,34,1,349
3767,2140,110,1,3309
3768,2141,81,1,2109
3769,2141,2,1,1219
3770,2142,70,1,1079
3771,2143,109,1,3939
3772,2144,85,1,1849
3773,2144,102,1,3799
3774,2145,110,1,3309
3775,2146,94,1,889
3776,2146,3,1,6139
3777,2147,102,1,3799
3778,2147,118,1,499
3779,2148,102,1,3799
3780,2149,68,1,859
3781,2149,75,3,2779
3782,2150,85,1,1849
3783,2151,10,2,13239
3784,2152,47,1,2899
3785,2152,3,1,6139
3786,2153,4,1,9779
3787,2154,119,1,379
3788,2154,99,2,769
3789,2155,25,1,1279
3790,2156,65,2,119
3791,2157,84,2,219
3792,2158,101,1,3679
3793,2159,62,1,109
3794,2159,2,1,1219
3795,2160,1,1,3829
3796,2161,112,1,139
3797,2161,60,2,679
3798,2161,66,2,399
3799,2162,68,1,859
3800,2162,99,2,769
3801,2163,91,1,1129
3802,2163,98,1,2369
3803,2164,99,3,769
3804,2165,22,1,13689
3805,2166,100,1,859
3806,2166,77,1,259
3807,2167,68,2,859
3808,2167,42,1,1139
3809,2168,21,1,1179
3810,2169,28,1,1269
3811,2169,8,2,659
3812,2170,108,1,909
3813,2171,73,1,399
3814,2171,120,1,639
3815,2172,76,1,999
3816,2172,4,1,9779
3817,2172,16,1,2829
3818,2173,69,1,659
3819,2173,56,1,1759
3820,2174,101,2,3679
3821,2175,87,1,219
3822,2176,108,1,909
3823,2177,118,1,499
3824,2178,69,1,659
3825,2179,16,1,2829
3826,2179,66,1,399
3827,2180,56,2,1759
3828,2180,110,1,3309
3829,2181,102,2,3799
3830,2181,12,2,18439
3831,2182,82,1,1249
3832,2182,103,1,2229
3833,2183,52,1,329
3834,2184,86,1,249
3835,2184,107,1,429
3836,2184,35,1,1069
3837,2185,10,1,13239
3838,2186,50,1,2799
3839,2187,40,1,549
3840,2188,8,1,659
3841,2189,78,2,2029
3842,2190,54,1,199
3843,2190,36,3,3429
3844,2191,89,1,949
3845,2191,22,2,13689
3846,2191,79,2,919
3847,2192,52,1,329
3848,2193,74,1,569
3849,2194,31,3,559
3850,2194,90,1,1329
3851,2194,75,1,2779
3852,2195,57,1,1059
3853,2195,82,1,1249
3854,2196,36,1,3429
3855,2196,118,2,499
3856,2196,102,2,3799
3857,2197,38,1,339
3858,2198,25,1,1279
3859,2198,108,1,909
3860,2199,36,2,3429
3861,2199,73,1,399
3862,2199,110,1,3309
3863,2200,96,2,2909
3864,2201,5,2,16419
3865,2201,56,1,1759
3866,2202,10,1,13239
3867,2202,17,2,949
3868,2203,113,1,559
3869,2204,75,1,2779
3870,2205,110,1,3309
3871,2205,102,1,3799
3872,2206,12,2,18439
3873,2206,79,1,919
3874,2207,63,1,339
3875,2208,73,1,399
3876,2209,69,1,659
3877,2210,63,2,339
3878,2211,46,1,189
3879,2212,51,1,779
3880,2213,26,2,4509
3881,2213,83,1,449
3882,2214,63,2,339
3883,2215,14,3,1959
3884,2215,23,2,11319
3885,2216,114,2,879
3886,2217,58,1,329
3887,2217,5,1,16419
3888,2218,84,1,219
3889,2219,42,1,1139
3890,2219,87,2,219
3891,2220,110,2,3309
3892,2220,98,1,2369
3893,2221,55,1,1309
3894,2221,12,2,18439
3895,2221,95,1,1949
3896,2222,62,1,109
3897,2223,20,1,20069
3898,2223,83,1,449
3899,2223,68,2,859
3900,2223,24,1,3709
3901,2224,46,2,189
3902,2224,76,1,999
3903,2225,120,1,639
3904,2226,94,1,889
3905,2227,57,1,1059
3906,2228,71,1,1049
3907,2228,17,1,949
3908,2229,14,1,1959
3909,2229,31,1,559
3910,2229,3,1,6139
3911,2230,49,1,1609
3912,2230,61,1,1759
3913,2230,31,2,559
3914,2231,34,2,349
3915,2232,95,1,1949
3916,2232,102,2,3799
3917,2233,16,1,2829
3918,2233,9,1,11269
3919,2234,92,1,219
3920,2235,110,2,3309
3921,2235,51,1,779
3922,2236,117,1,799
3923,2236,115,1,719
3924,2236,63,1,339
3925,2237,27,1,1069
3926,2238,23,1,11319
3927,2238,6,2,599
3928,2238,69,2,659
3929,2239,75,1,2779
3930,2240,30,1,299
3931,2241,55,1,1309
3932,2241,53,1,319
3933,2242,89,1,949
3934,2242,15,1,4069
3935,2243,28,1,1269
3936,2243,79,2,919
3937,2244,89,1,949
3938,2245,20,1,20069
3939,2246,63,1,339
3940,2247,15,1,4069
3941,2247,110,1,3309
3942,2248,22,1,13689
3943,2248,13,1,2419
3944,2249,68,1,859
3945,2249,1,2,3829
3946,2249,54,2,199
3947,2250,114,1,879
3948,2250,1,1,3829
3949,2250,65,1,119
3950,2251,6,1,599
3951,2251,12,2,18439
3952,2252,4,1,9779
3953,2253,117,2,799
3954,2253,24,2,3709
3955,2253,75,2,2779
3956,2254,77,1,259
3957,2255,51,1,779
3958,2256,53,1,319
3959,2257,88,2,509
3960,2258,76,1,999
3961,2258,27,1,1069
3962,2259,33,1,849
3963,2259,49,1,1609
3964,2259,14,1,1959
3965,2260,115,1,719
3966,2261,99,1,769
3967,2261,41,1,1269
3968,2261,87,2,219
3969,2262,40,1,549
3970,2263,97,3,1049
3971,2264,88,1,509
3972,2265,88,1,509
3973,2265,26,1,4509
3974,2266,13,1,2419
3975,2266,119,1,379
3976,2266,74,1,569
3977,2267,115,2,719
3978,2268,102,1,3799
3979,2269,118,3,499
3980,2270,111,1,479
3981,2270,66,1,399
3982,2271,119,1,379
3983,2272,96,2,2909
3984,2273,35,2,1069
3985,2273,9,1,11269
3986,2274,29,1,1079
3987,2274,42,2,1139
3988,2275,39,1,409
3989,2275,83,1,449
3990,2276,12,2,18439
3991,2276,26,2,4509
3992,2277,115,2,719
3993,2278,25,1,1279
3994,2279,76,1,999
3995,2279,30,1,299
3996,2280,87,1,219
3997,2281,16,1,2829
3998,2282,65,3,119
3999,2282,79,2,919
4000,2282,5,2,16419
4001,2283,56,1,1759
4002,2284,99,1,769
4003,2285,115,1,719
4004,2285,110,1,3309
4005,2285,86,1,249
4006,2286,95,2,1949
4007,2286,78,3,2029
4008,2287,5,1,16419
4009,2288,37,1,1449
4010,2288,84,3,219
4011,2289,46,1,189
4012,2290,31,2,559
4013,2291,31,1,559
4014,2291,2,1,1219
4015,2291,25,2,1279
4016,2292,49,1,1609
4017,2292,102,1,3799
4018,2293,12,2,18439
4019,2293,10,2,13239
4020,2293,28,1,1269
4021,2294,5,1,16419
4022,2295,3,2,6139
4023,2295,118,1,499
4024,2296,120,1,639
4025,2297,23,1,11319
4026,2298,6,1,599
4027,2299,40,1,549
4028,2300,61,2,1759
4029,2300,39,2,409
4030,2300,71,3,1049
4031,2301,62,1,109
4032,2302,76,1,999
4033,2303,81,1,2109
4034,2304,43,1,209
4035,2304,101,1,3679
4036,2304,119,1,379
4037,2305,115,2,719
4038,2305,18,1,10659
4039,2306,63,2,339
4040,2306,104,1,379
4041,2307,19,2,579
4042,2307,110,2,3309
4043,2308,103,2,2229
4044,2309,70,1,1079
4045,2310,68,1,859
4046,2310,83,1,449
4047,2311,84,1,219
4048,2311,7,1,3279
4049,2312,98,1,2369
4050,2313,63,1,339
4051,2314,12,1,18439
4052,2314,54,3,199
4053,2315,29,1,1079
4054,2316,114,1,879
4055,2316,99,1,769
4056,2317,96,1,2909
4057,2317,48,1,509
4058,2317,56,1,1759
4059,2318,111,1,479
4060,2318,120,3,639
4061,2319,119,1,379
4062,2320,83,1,449
4063,2321,80,1,669
4064,2321,33,1,849
4065,2322,4,1,9779
4066,2322,64,2,409
4067,2323,109,1,3939
4068,2323,18,1,10659
4069,2324,58,1,329
4070,2325,84,1,219
4071,2325,93,1,849
4072,2326,32,2,1029
4073,2326,20,1,20069
4074,2327,120,1,639
4075,2328,48,1,509
4076,2328,86,2,249
4077,2329,10,1,13239
4078,2329,104,1,379
4079,2330,44,1,4769
4080,2330,105,2,4109
4081,2330,68,1,859
4082,2331,30,1,299
4083,2332,44,1,4769
4084,2332,26,2,4509
4085,2333,87,1,219
4086,2333,37,1,1449
4087,2333,101,1,3679
4088,2334,31,1,559
4089,2334,120,1,639
4090,2335,40,1,549
4091,2335,110,2,3309
4092,2336,10,1,13239
4093,2337,54,1,199
4094,2337,26,1,4509
4095,2338,37,2,1449
4096,2339,95,1,1949
4097,2340,28,2,1269
4098,2340,47,1,2899
4099,2340,118,2,499
4100,2341,76,1,999
4101,2341,12,3,18439
4102,2341,23,1,11319
4103,2341,30,1,299
4104,2342,45,2,1869
4105,2343,82,2,1249
4106,2343,112,1,139
4107,2344,84,1,219
4108,2345,55,1,1309
4109,2345,42,2,1139
4110,2346,50,1,2799
4111,2346,58,1,329
4112,2347,56,1,1759
4113,2348,116,1,259
4114,2349,95,1,1949
4115,2350,36,1,3429
4116,2351,81,1,2109
4117,2352,107,1,429
4118,2353,38,1,339
4119,2354,107,2,429
4120,2355,11,1,3959
4121,2355,24,1,3709
4122,2356,52,1,329
4123,2357,8,1,659
4124,2358,1,1,3829
4125,2359,63,1,339
4126,2359,100,1,859
4127,2359,66,1,399
4128,2360,43,1,209
4129,2361,41,1,1269
4130,2362,71,1,1049
4131,2362,24,2,3709
4132,2363,23,2,11319
4133,2363,27,1,1069
4134,2364,42,2,1139
4135,2365,83,2,449
4136,2365,19,2,579
4137,2366,108,1,909
4138,2366,15,2,4069
4139,2366,105,2,4109
4140,2366,112,1,139
4141,2367,64,1,409
4142,2368,104,2,379
4143,2368,70,1,1079
4144,2368,2,1,1219
4145,2369,88,3,509
4146,2370,83,1,449
4147,2371,2,1,1219
4148,2371,112,2,139
4149,2372,13,1,2419
4150,2372,30,1,299
4151,2373,36,1,3429
4152,2374,34,1,349
4153,2374,13,1,2419
4154,2375,81,2,2109
4155,2375,107,1,429
4156,2376,11,1,3959
4157,2377,35,1,1069
4158,2377,32,1,1029
4159,2377,10,2,13239
4160,2378,76,1,999
4161,2378,58,1,329
4162,2379,15,1,4069
4163,2380,103,1,2229
4164,2380,105,1,4109
4165,2381,62,1,109
4166,2381,67,1,229
4167,2382,101,1,3679
4168,2383,110,2,3309
4169,2383,14,1,1959
4170,2384,5,1,16419
4171,2385,68,1,859
4172,2386,40,1,549
4173,2386,56,1,1759
4174,2387,102,1,3799
4175,2387,112,1,139
4176,2387,66,2,399
4177,2388,33,1,849
4178,2389,79,1,919
4179,2390,108,2,909
4180,2390,6,1,599
4181,2391,23,1,11319
4182,2392,103,1,2229
4183,2392,111,1,479
4184,2393,91,1,1129
4185,2393,53,1,319
4186,2394,49,1,1609
4187,2395,96,2,2909
4188,2395,57,1,1059
4189,2395,5,2,16419
4190,2396,82,1,1249
4191,2396,28,1,1269
4192,2397,82,1,1249
4193,2398,107,1,429
4194,2399,51,1,779
4195,2399,95,2,1949
4196,2399,114,1,879
4197,2399,104,1,379
4198,2400,120,2,639
4199,2401,17,1,949
4200,2402,112,2,139
4201,2402,106,2,419
4202,2402,36,2,3429
4203,2403,21,1,1179
4204,2403,95,1,1949
4205,2404,2,1,1219
4206,2404,71,1,1049
4207,2405,26,1,4509
4208,2405,55,1,1309
4209,2406,40,1,549
4210,2407,90,1,1329
4211,2408,20,1,20069
4212,2409,15,1,4069
4213,2410,40,1,549
4214,2411,10,2,13239
4215,2411,40,1,549
4216,2412,95,1,1949
4217,2412,29,2,1079
4218,2413,116,1,259
4219,2413,16,1,2829
4220,2414,72,1,2639
4221,2415,22,2,13689
4222,2416,72,2,2639
4223,2417,69,1,659
4224,2418,18,1,10659
4225,2418,47,1,2899
4226,2418,97,1,1049
4227,2419,93,2,849
4228,2419,10,1,13239
4229,2420,67,2,229
4230,2421,18,1,10659
4231,2421,13,3,2419
4232,2422,12,3,18439
4233,2423,25,1,1279
4234,2424,115,1,719
4235,2425,105,3,4109
4236,2426,33,1,849
4237,2427,80,1,669
4238,2427,63,1,339
4239,2427,112,2,139
4240,2428,85,1,1849
4241,2428,89,1,949
4242,2429,13,1,2419
4243,2430,103,2,2229
4244,2431,10,1,13239
4245,2432,108,1,909
4246,2432,15,1,4069
4247,2433,33,1,849
4248,2434,13,1,2419
4249,2434,57,1,1059
4250,2435,104,1,379
4251,2436,76,1,999
4252,2437,26,1,4509
4253,2438,74,2,569
4254,2439,113,1,559
4255,2439,7,1,3279
4256,2439,116,2,259
4257,2439,23,1,11319
4258,2440,96,1,2909
4259,2440,53,1,319
4260,2441,31,1,559
4261,2441,64,1,409
4262,2441,5,2,16419
4263,2442,65,1,119
4264,2442,69,1,659
4265,2443,118,1,499
4266,2444,58,1,329
4267,2445,98,2,2369
4268,2445,37,1,1449
4269,2445,96,2,2909
4270,2446,57,1,1059
4271,2446,40,1,549
4272,2446,103,1,2229
4273,2447,8,1,659
4274,2447,97,2,1049
4275,2448,97,1,1049
4276,2449,66,2,399
4277,2450,17,1,949
4278,2450,16,1,2829
4279,2451,6,1,599
4280,2452,56,2,1759
4281,2452,32,1,1029
4282,2453,8,1,659
4283,2454,102,1,3799
4284,2455,32,1,1029
4285,2456,10,2,13239
4286,2456,67,1,229
4287,2457,109,1,3939
4288,2458,76,1,999
4289,2459,47,1,2899
4290,2459,101,3,3679
4291,2460,55,2,1309
4292,2461,11,2,3959
4293,2461,33,1,849
4294,2462,117,3,799
4295,2462,35,1,1069
4296,2463,77,1,259
4297,2463,52,1,329
4298,2464,25,1,1279
4299,2464,78,1,2029
4300,2465,14,1,1959
4301,2466,42,1,1139
4302,2466,24,1,3709
4303,2466,90,1,1329
4304,2467,107,2,429
4305,2468,48,1,509
4306,2468,115,2,719
4307,2469,112,1,139
4308,2470,17,1,949
4309,2471,98,1,2369
4310,2471,78,1,2029
4311,2471,73,1,399
4312,2472,81,2,2109
4313,2472,43,2,209
4314,2473,55,1,1309
4315,2474,119,2,379
4316,2474,32,1,1029
4317,2475,76,1,999
4318,2475,27,1,1069
4319,2475,96,1,2909
4320,2476,19,1,579
4321,2476,53,1,319
4322,2477,20,1,20069
4323,2477,29,1,1079
4324,2478,102,1,3799
4325,2479,22,2,13689
4326,2480,61,1,1759
4327,2481,112,1,139
4328,2482,13,1,2419
4329,2482,84,1,219
4330,2483,28,1,1269
4331,2484,39,1,409
4332,2485,19,1,579
4333,2485,105,1,4109
4334,2485,54,1,199
4335,2486,68,1,859
4336,2486,61,1,1759
4337,2487,30,2,299
4338,2488,96,2,2909
4339,2489,46,3,189
4340,2490,64,1,409
4341,2490,10,1,13239
4342,2490,9,1,11269
4343,2491,49,1,1609
4344,2491,102,2,3799
4345,2492,2,1,1219
4346,2492,43,1,209
4347,2493,33,1,849
4348,2494,97,1,1049
4349,2495,113,2,559
4350,2496,106,1,419
4351,2496,8,2,659
4352,2497,86,1,249
4353,2497,52,1,329
4354,2497,103,1,2229
4355,2498,80,3,669
4356,2499,3,1,6139
4357,2500,9,2,11269
4358,2500,55,1,1309
4359,2501,64,1,409
4360,2501,69,1,659
4361,2502,39,1,409
4362,2502,106,1,419
4363,2502,50,2,2799
4364,2502,32,1,1029
4365,2503,70,1,1079
4366,2503,103,3,2229
4367,2504,24,1,3709
4368,2504,80,2,669
4369,2504,112,1,139
4370,2505,50,1,2799
4371,2506,31,2,559
4372,2507,21,1,1179
4373,2507,22,1,13689
4374,2508,36,2,3429
4375,2508,22,1,13689
4376,2509,94,2,889
4377,2509,22,1,13689
4378,2509,86,1,249
4379,2509,30,1,299
4380,2510,69,1,659
4381,2510,27,1,1069
4382,2510,86,2,249
4383,2511,23,1,11319
4384,2511,97,2,1049
4385,2511,86,1,249
4386,2512,35,1,1069
4387,2512,78,1,2029
4388,2513,61,1,1759
4389,2514,84,2,219
4390,2515,100,1,859
4391,2516,17,1,949
4392,2516,90,2,1329
4393,2517,90,1,1329
4394,2518,74,1,569
4395,2519,114,2,879
4396,2520,35,1,1069
4397,2520,89,1,949
4398,2521,60,1,679
4399,2521,83,1,449
4400,2522,77,1,259
4401,2522,69,3,659
4402,2523,50,2,2799
4403,2524,31,2,559
4404,2524,52,1,329
4405,2525,8,1,659
4406,2526,51,1,779
4407,2526,83,3,449
4408,2526,67,2,229
4409,2527,36,1,3429
4410,2527,68,2,859
4411,2528,97,1,1049
4412,2528,45,1,1869
4413,2529,32,1,1029
4414,2530,84,1,219
4415,2530,107,2,429
4416,2531,114,1,879
4417,2531,87,1,219
4418,2532,60,1,679
4419,2533,91,1,1129
4420,2533,49,1,1609
4421,2533,28,1,1269
4422,2534,20,1,20069
4423,2534,59,2,769
4424,2535,9,1,11269
4425,2535,88,2,509
4426,2535,100,1,859
4427,2536,55,2,1309
4428,2536,109,2,3939
4429,2536,39,1,409
4430,2537,58,2,329
4431,2538,6,1,599
4432,2538,79,3,919
4433,2539,100,1,859
4434,2539,72,1,2639
4435,2540,22,1,13689
4436,2540,71,1,1049
4437,2541,56,1,1759
4438,2541,53,1,319
4439,2542,16,1,2829
4440,2543,33,1,849
4441,2544,112,1,139
4442,2544,97,1,1049
4443,2545,78,2,2029
4444,2545,114,2,879
4445,2546,50,1,2799
4446,2546,29,3,1079
4447,2547,11,1,3959
4448,2548,77,3,259
4449,2548,6,1,599
4450,2548,38,1,339
4451,2549,42,1,1139
4452,2549,93,1,849
4453,2550,11,1,3959
4454,2550,25,1,1279
4455,2551,45,1,1869
4456,2551,99,1,769
4457,2552,40,1,549
4458,2552,78,1,2029
4459,2552,85,1,1849
4460,2552,105,2,4109
4461,2553,78,1,2029
4462,2554,47,1,2899
4463,2554,114,1,879
4464,2555,81,1,2109
4465,2556,95,1,1949
4466,2557,15,1,4069
4467,2558,77,1,259
4468,2559,120,2,639
4469,2560,103,1,2229
4470,2561,70,1,1079
4471,2561,103,1,2229
4472,2561,41,2,1269
4473,2561,6,1,599
4474,2562,43,1,209
4475,2563,87,1,219
4476,2564,27,2,1069
4477,2565,100,2,859
4478,2565,45,1,1869
4479,2565,38,1,339
4480,2566,113,1,559
4481,2567,25,1,1279
4482,2567,74,1,569
4483,2568,96,3,2909
4484,2569,58,1,329
4485,2569,17,1,949
4486,2570,71,2,1049
4487,2571,54,1,199
4488,2571,13,1,2419
4489,2571,109,1,3939
4490,2572,33,1,849
4491,2573,53,1,319
4492,2573,116,1,259
4493,2573,50,1,2799
4494,2574,22,1,13689
4495,2574,95,2,1949
4496,2575,4,1,9779
4497,2576,114,1,879
4498,2577,72,2,2639
4499,2577,22,2,13689
4500,2577,61,1,1759
4501,2577,65,1,119
4502,2578,2,1,1219
4503,2578,116,1,259
4504,2578,98,1,2369
4505,2578,113,1,559
4506,2579,90,2,1329
4507,2580,84,1,219
4508,2580,99,1,769
4509,2581,92,1,219
4510,2581,4,1,9779
4511,2582,105,1,4109
4512,2583,73,1,399
4513,2583,101,2,3679
4514,2583,50,1,2799
4515,2584,114,1,879
4516,2584,42,1,1139
4517,2585,8,1,659
4518,2585,101,2,3679
4519,2585,43,1,209
4520,2586,84,2,219
4521,2587,74,1,569
4522,2588,70,1,1079
4523,2588,102,1,3799
4524,2588,17,1,949
4525,2589,66,1,399
4526,2590,54,1,199
4527,2590,37,1,1449
4528,2591,78,2,2029
4529,2591,116,1,259
4530,2592,89,1,949
4531,2593,37,1,1449
4532,2594,57,2,1059
4533,2594,70,1,1079
4534,2595,16,1,2829
4535,2596,88,2,509
4536,2597,119,1,379
4537,2597,28,1,1269
4538,2598,75,1,2779
4539,2599,97,1,1049
4540,2599,15,2,4069
4541,2599,64,1,409
4542,2600,118,2,499
4543,2600,64,1,409
4544,2601,93,1,849
4545,2602,44,3,4769
4546,2602,33,1,849
4547,2602,16,1,2829
4548,2603,107,2,429
4549,2604,86,2,249
4550,2605,51,1,779
4551,2605,95,1,1949
4552,2605,32,2,1029
4553,2606,22,1,13689
4554,2606,47,1,2899
4555,2606,49,2,1609
4556,2607,59,1,769
4557,2607,87,1,219
4558,2608,113,1,559
4559,2608,69,1,659
4560,2609,96,1,2909
4561,2610,97,1,1049
4562,2610,56,1,1759
4563,2611,3,1,6139
4564,2611,27,1,1069
4565,2612,106,1,419
4566,2613,37,1,1449
4567,2613,49,1,1609
4568,2614,51,3,779
4569,2614,104,2,379
4570,2614,29,1,1079
4571,2614,19,2,579
4572,2615,82,1,1249
4573,2615,115,1,719
4574,2616,65,1,119
4575,2616,26,1,4509
4576,2616,12,1,18439
4577,2616,52,1,329
4578,2617,50,2,2799
4579,2617,104,2,379
4580,2618,2,1,1219
4581,2618,54,1,199
4582,2619,60,1,679
4583,2620,109,1,3939
4584,2620,43,1,209
4585,2620,81,1,2109
4586,2621,30,2,299
4587,2621,113,3,559
4588,2621,32,3,1029
4589,2622,19,1,579
4590,2623,101,1,3679
4591,2624,76,1,999
4592,2624,57,1,1059
4593,2625,56,1,1759
4594,2625,45,1,1869
4595,2626,26,1,4509
4596,2626,94,1,889
4597,2627,95,2,1949
4598,2627,9,1,11269
4599,2628,101,1,3679
4600,2628,83,1,449
4601,2628,21,3,1179
4602,2629,51,1,779
4603,2630,112,1,139
4604,2631,37,2,1449
4605,2631,82,1,1249
4606,2632,45,1,1869
4607,2632,41,1,1269
4608,2632,110,1,3309
4609,2632,5,1,16419
4610,2633,25,1,1279
4611,2633,29,3,1079
4612,2634,43,1,209
4613,2635,11,1,3959
4614,2636,103,1,2229
4615,2636,24,1,3709
4616,2637,27,1,1069
4617,2638,13,1,2419
4618,2638,98,1,2369
4619,2639,12,1,18439
4620,2640,14,1,1959
4621,2640,103,1,2229
4622,2640,54,1,199
4623,2640,53,1,319
4624,2641,101,1,3679
4625,2641,30,1,299
4626,2642,14,2,1959
4627,2642,34,1,349
4628,2643,36,1,3429
4629,2643,28,1,1269
4630,2644,15,1,4069
4631,2645,83,2,449
4632,2645,32,2,1029
4633,2646,116,1,259
4634,2646,14,2,1959
4635,2647,43,1,209
4636,2647,46,2,189
4637,2648,95,3,1949
4638,2649,112,2,139
4639,2649,78,1,2029
4640,2650,80,1,669
4641,2650,81,1,2109
4642,2651,117,1,799
4643,2651,11,2,3959
4644,2652,65,2,119
4645,2652,39,1,409
4646,2652,107,2,429
4647,2653,113,2,559
4648,2654,4,1,9779
4649,2654,44,2,4769
4650,2655,13,3,2419
4651,2655,80,1,669
4652,2656,103,1,2229
4653,2657,77,1,259
4654,2657,68,3,859
4655,2658,5,2,16419
4656,2658,29,1,1079
4657,2659,87,1,219
4658,2659,28,3,1269
4659,2660,76,1,999
4660,2660,103,1,2229
4661,2661,4,1,9779
4662,2662,67,1,229
4663,2662,16,1,2829
4664,2663,113,1,559
4665,2664,44,1,4769
4666,2664,89,1,949
4667,2665,91,1,1129
4668,2666,100,1,859
4669,2666,50,1,2799
4670,2667,42,2,1139
4671,2667,1,1,3829
4672,2668,4,2,9779
4673,2669,74,1,569
4674,2670,61,1,1759
4675,2670,17,1,949
4676,2671,5,1,16419
4677,2672,40,2,549
4678,2673,113,1,559
4679,2674,86,1,249
4680,2675,48,1,509
4681,2675,74,1,569
4682,2675,87,1,219
4683,2675,22,2,13689
4684,2676,21,1,1179
4685,2677,83,1,449
4686,2677,87,1,219
4687,2677,58,2,329
4688,2677,38,1,339
4689,2678,39,1,409
4690,2678,80,1,669
4691,2678,83,1,449
4692,2679,30,1,299
4693,2680,85,1,1849
4694,2681,59,2,769
4695,2682,96,1,2909
4696,2682,14,1,1959
4697,2682,26,1,4509
4698,2682,112,1,139
4699,2683,89,1,949
4700,2684,118,1,499
4701,2684,48,2,509
4702,2685,116,2,259
4703,2685,71,1,1049
4704,2686,120,2,639
4705,2687,37,1,1449
4706,2688,32,1,1029
4707,2689,61,1,1759
4708,2689,118,1,499
4709,2689,15,1,4069
4710,2690,111,1,479
4711,2691,91,1,1129
4712,2692,52,1,329
4713,2692,102,1,3799
4714,2693,95,1,1949
4715,2693,102,2,3799
4716,2694,63,1,339
4717,2694,81,1,2109
4718,2694,85,2,1849
4719,2695,11,1,3959
4720,2695,17,2,949
4721,2696,18,2,10659
4722,2696,85,1,1849
4723,2696,83,1,449
4724,2697,105,2,4109
4725,2697,51,1,779
4726,2697,120,1,639
4727,2698,87,1,219
4728,2699,29,3,1079
4729,2699,37,1,1449
4730,2699,3,1,6139
4731,2700,7,1,3279
4732,2700,6,1,599
4733,2701,104,1,379
4734,2701,96,1,2909
4735,2702,76,2,999
4736,2703,27,2,1069
4737,2703,31,2,559
4738,2704,119,1,379
4739,2704,18,1,10659
4740,2705,16,1,2829
4741,2705,85,1,1849
4742,2705,48,1,509
4743,2706,24,2,3709
4744,2707,65,1,119
4745,2708,12,1,18439
4746,2709,47,1,2899
4747,2709,1,1,3829
4748,2709,41,1,1269
4749,2710,75,1,2779
4750,2710,1,3,3829
4751,2711,14,1,1959
4752,2711,69,1,659
4753,2712,48,1,509
4754,2713,79,2,919
4755,2713,101,2,3679
4756,2714,114,1,879
4757,2715,22,1,13689
4758,2715,33,1,849
4759,2715,83,1,449
4760,2716,56,1,1759
4761,2717,68,2,859
4762,2718,109,1,3939
4763,2719,21,1,1179
4764,2720,10,1,13239
4765,2720,78,2,2029
4766,2721,49,1,1609
4767,2721,10,2,13239
4768,2722,40,2,549
4769,2723,70,1,1079
4770,2723,18,1,10659
4771,2724,95,1,1949
4772,2724,23,1,11319
4773,2725,108,2,909
4774,2725,40,1,549
4775,2726,111,1,479
4776,2726,50,1,2799
4777,2727,54,1,199
4778,2727,84,2,219
4779,2728,81,1,2109
4780,2729,3,1,6139
4781,2730,99,3,769
4782,2730,31,1,559
4783,2730,83,1,449
4784,2731,55,2,1309
4785,2731,98,1,2369
4786,2732,73,1,399
4787,2733,120,1,639
4788,2734,104,2,379
4789,2735,33,1,849
4790,2735,119,1,379
4791,2735,116,1,259
4792,2735,69,2,659
4793,2736,7,1,3279
4794,2737,84,1,219
4795,2737,86,1,249
4796,2737,18,3,10659
4797,2738,42,1,1139
4798,2739,26,1,4509
4799,2739,13,2,2419
4800,2740,2,1,1219
4801,2740,29,1,1079
4802,2741,52,1,329
4803,2742,65,1,119
4804,2743,17,2,949
4805,2744,99,1,769
4806,2744,40,2,549
4807,2744,56,1,1759
4808,2744,21,1,1179
4809,2745,118,1,499
4810,2746,19,1,579
4811,2746,56,1,1759
4812,2746,76,1,999
4813,2746,66,3,399
4814,2747,120,3,639
4815,2748,46,2,189
4816,2748,113,1,559
4817,2749,56,1,1759
4818,2750,2,3,1219
4819,2751,43,2,209
4820,2752,59,2,769
4821,2752,30,2,299
4822,2753,85,1,1849
4823,2754,11,3,3959
4824,2754,98,1,2369
4825,2755,84,1,219
4826,2756,10,2,13239
4827,2756,15,1,4069
4828,2757,4,3,9779
4829,2758,27,1,1069
4830,2758,93,1,849
4831,2758,33,1,849
4832,2759,103,2,2229
4833,2759,61,2,1759
4834,2760,114,1,879
4835,2760,86,1,249
4836,2761,103,1,2229
4837,2762,55,2,1309
4838,2762,98,1,2369
4839,2762,64,2,409
4840,2763,14,1,1959
4841,2764,41,1,1269
4842,2764,105,1,4109
4843,2765,94,1,889
4844,2766,24,1,3709
4845,2767,96,1,2909
4846,2768,105,1,4109
4847,2768,120,1,639
4848,2768,1,1,3829
4849,2769,55,1,1309
4850,2769,21,1,1179
4851,2769,3,1,6139
4852,2770,106,1,419
4853,2770,66,2,399
4854,2770,12,1,18439
4855,2771,47,1,2899
4856,2772,3,1,6139
4857,2773,47,1,2899
4858,2774,8,1,659
4859,2775,10,3,13239
4860,2775,35,1,1069
4861,2775,18,1,10659
4862,2775,74,1,569
4863,2776,37,1,1449
4864,2776,113,1,559
4865,2777,5,1,16419
4866,2777,7,1,3279
4867,2778,67,1,229
4868,2779,100,2,859
4869,2780,42,1,1139
4870,2780,36,1,3429
4871,2781,103,2,2229
4872,2782,58,1,329
4873,2782,22,1,13689
4874,2782,60,2,679
4875,2783,111,2,479
4876,2784,30,1,299
4877,2784,59,1,769
4878,2785,69,2,659
4879,2785,112,1,139
4880,2785,33,1,849
4881,2786,93,1,849
4882,2787,34,2,349
4883,2787,31,1,559
4884,2788,91,2,1129
4885,2789,41,1,1269
4886,2789,53,1,319
4887,2790,113,1,559
4888,2790,45,2,1869
4889,2790,111,2,479
4890,2791,26,2,4509
4891,2792,80,2,669
4892,2793,108,1,909
4893,2793,10,1,13239
4894,2793,80,1,669
4895,2794,48,1,509
4896,2794,97,2,1049
4897,2795,104,1,379
4898,2795,7,3,3279
4899,2796,52,1,329
4900,2797,82,1,1249
4901,2798,79,1,919
4902,2799,118,1,499
4903,2800,39,1,409
4904,2800,44,2,4769
4905,2801,7,1,3279
4906,2802,117,1,799
4907,2802,32,1,1029
4908,2803,104,1,379
4909,2804,113,1,559
4910,2805,80,1,669
4911,2805,72,1,2639
4912,2806,16,1,2829
4913,2807,98,1,2369
4914,2807,20,1,20069
4915,2807,85,2,1849
4916,2808,9,1,11269
4917,2809,19,1,579
4918,2810,45,2,1869
4919,2810,5,1,16419
4920,2810,58,2,329
4921,2811,46,1,189
4922,2812,55,1,1309
4923,2812,74,1,569
4924,2813,116,1,259
4925,2814,11,1,3959
4926,2815,16,1,2829
4927,2815,13,1,2419
4928,2816,80,1,669
4929,2816,52,1,329
4930,2817,46,2,189
4931,2817,33,2,849
4932,2818,85,1,1849
4933,2818,120,1,639
4934,2819,80,1,669
4935,2819,10,1,13239
4936,2820,51,2,779
4937,2821,18,1,10659
4938,2822,62,1,109
4939,2822,96,1,2909
4940,2823,97,1,1049
4941,2824,40,1,549
4942,2824,42,2,1139
4943,2824,16,1,2829
4944,2824,53,2,319
4945,2825,57,1,1059
4946,2825,117,1,799
4947,2825,53,1,319
4948,2825,64,2,409
4949,2826,83,2,449
4950,2826,101,1,3679
4951,2827,115,1,719
4952,2827,14,1,1959
4953,2827,34,1,349
4954,2828,15,1,4069
4955,2829,96,2,2909
4956,2830,67,1,229
4957,2830,63,1,339
4958,2830,19,1,579
4959,2831,43,2,209
4960,2832,103,1,2229
4961,2833,58,1,329
4962,2834,92,1,219
4963,2835,39,1,409
4964,2836,101,1,3679
4965,2837,116,1,259
4966,2838,112,1,139
4967,2839,26,1,4509
4968,2840,94,1,889
4969,2841,67,2,229
4970,2842,23,1,11319
4971,2843,9,1,11269
4972,2844,16,1,2829
4973,2844,120,2,639
4974,2844,35,2,1069
4975,2845,49,1,1609
4976,2845,77,1,259
4977,2845,16,2,2829
4978,2846,89,1,949
4979,2847,27,1,1069
4980,2847,120,1,639
4981,2848,106,2,419
4982,2849,115,2,719
4983,2850,31,1,559
4984,2851,85,1,1849
4985,2852,49,1,1609
4986,2853,20,1,20069
4987,2853,49,1,1609
4988,2854,83,1,449
4989,2854,114,1,879
4990,2855,78,1,2029
4991,2855,36,2,3429
4992,2855,111,1,479
4993,2855,4,2,9779
4994,2856,53,1,319
4995,2856,40,1,549
4996,2857,108,1,909
4997,2857,106,1,419
4998,2858,38,1,339
4999,2859,20,1,20069
5000,2859,30,1,299
5001,2860,98,1,2369
5002,2861,56,2,1759
5003,2861,42,1,1139
5004,2862,24,1,3709
5005,2862,44,1,4769
5006,2863,24,2,3709
5007,2863,106,1,419
5008,2864,19,1,579
5009,2865,10,1,13239
5010,2865,25,1,1279
5011,2865,107,1,429
5012,2865,114,1,879
5013,2866,32,1,1029
5014,2866,58,3,329
5015,2867,40,1,549
5016,2867,28,1,1269
5017,2868,89,1,949
5018,2869,75,2,2779
5019,2870,96,1,2909
5020,2870,35,1,1069
5021,2870,5,2,16419
5022,2871,119,1,379
5023,2871,105,1,4109
5024,2872,111,1,479
5025,2873,59,1,769
5026,2873,24,2,3709
5027,2873,88,1,509
5028,2874,43,1,209
5029,2875,96,1,2909
5030,2875,113,1,559
5031,2875,20,2,20069
5032,2876,65,1,119
5033,2877,72,2,2639
5034,2877,71,2,1049
5035,2877,25,1,1279
5036,2878,30,1,299
5037,2879,23,2,11319
5038,2880,23,1,11319
5039,2880,108,1,909
5040,2881,4,1,9779
5041,2882,49,2,1609
5042,2883,47,1,2899
5043,2883,20,1,20069
5044,2884,23,1,11319
5045,2885,83,1,449
5046,2885,71,1,1049
5047,2885,60,1,679
5048,2886,20,1,20069
5049,2886,5,1,16419
5050,2886,38,1,339
5051,2887,85,1,1849
5052,2888,26,1,4509
5053,2889,23,2,11319
5054,2890,37,1,1449
5055,2891,24,1,3709
5056,2891,61,1,1759
5057,2892,75,1,2779
5058,2892,2,1,1219
5059,2893,44,2,4769
5060,2893,69,1,659
5061,2893,120,1,639
5062,2893,46,1,189
5063,2894,53,1,319
5064,2894,42,3,1139
5065,2895,109,1,3939
5066,2895,30,3,299
5067,2895,50,1,2799
5068,2896,17,2,949
5069,2897,112,1,139
5070,2897,81,1,2109
5071,2897,11,1,3959
5072,2898,3,1,6139
5073,2898,4,1,9779
5074,2898,17,1,949
5075,2899,99,3,769
5076,2899,90,2,1329
5077,2900,101,1,3679
5078,2900,47,2,2899
5079,2900,56,1,1759
5080,2901,25,1,1279
5081,2901,100,1,859
5082,2901,14,2,1959
5083,2902,53,2,319
5084,2902,82,1,1249
5085,2903,102,1,3799
5086,2904,33,2,849
5087,2905,78,1,2029
5088,2906,56,1,1759
5089,2906,77,1,259
5090,2907,89,1,949
5091,2907,83,2,449
5092,2908,69,3,659
5093,2908,103,1,2229
5094,2909,58,2,329
5095,2910,13,1,2419
5096,2910,57,2,1059
5097,2911,92,3,219
5098,2912,119,1,379
5099,2913,89,1,949
5100,2913,20,1,20069
5101,2913,58,1,329
5102,2913,65,1,119
5103,2914,115,1,719
5104,2914,100,1,859
5105,2914,96,1,2909
5106,2915,63,1,339
5107,2915,23,1,11319
5108,2916,69,2,659
5109,2917,31,1,559
5110,2917,22,1,13689
5111,2918,21,3,1179
5112,2919,22,1,13689
5113,2920,47,1,2899
5114,2921,3,1,6139
5115,2922,79,1,919
5116,2923,1,1,3829
5117,2923,93,1,849
5118,2924,39,1,409
5119,2924,84,1,219
5120,2925,23,1,11319
5121,2926,113,1,559
5122,2926,38,1,339
5123,2926,98,1,2369
5124,2927,91,1,1129
5125,2928,93,2,849
5126,2929,64,2,409
5127,2930,38,1,339
5128,2931,65,1,119
5129,2931,23,2,11319
5130,2931,105,2,4109
5131,2932,37,1,1449
5132,2933,106,1,419
5133,2933,84,1,219
5134,2934,38,1,339
5135,2934,31,1,559
5136,2935,59,1,769
5137,2936,100,1,859
5138,2936,31,1,559
5139,2936,69,1,659
5140,2936,95,1,1949
5141,2937,52,1,329
5142,2937,41,2,1269
5143,2937,43,1,209
5144,2938,24,1,3709
5145,2938,109,2,3939
5146,2939,4,1,9779
5147,2939,15,1,4069
5148,2939,48,1,509
5149,2940,78,3,2029
5150,2940,6,2,599
5151,2940,76,2,999
5152,2940,31,2,559
5153,2941,62,1,109
5154,2942,13,2,2419
5155,2942,50,1,2799
5156,2942,31,2,559
5157,2943,108,2,909
5158,2943,43,2,209
5159,2944,113,1,559
5160,2944,76,1,999
5161,2945,48,1,509
5162,2945,6,1,599
5163,2945,75,1,2779
5164,2946,34,1,349
5165,2946,51,1,779
5166,2947,87,2,219
5167,2947,57,1,1059
5168,2948,74,1,569
5169,2949,33,1,849
5170,2949,39,1,409
5171,2950,71,3,1049
5172,2951,100,1,859
5173,2951,84,1,219
5174,2951,77,1,259
5175,2951,115,1,719
5176,2952,1,1,3829
5177,2952,12,1,18439
5178,2953,40,1,549
5179,2953,9,1,11269
5180,2953,37,1,1449
5181,2954,60,2,679
5182,2955,52,1,329
5183,2956,1,2,3829
5184,2957,24,1,3709
5185,2958,65,1,119
5186,2958,102,1,3799
5187,2958,81,1,2109
5188,2958,36,1,3429
5189,2959,84,1,219
5190,2959,19,2,579
5191,2959,6,1,599
5192,2960,117,1,799
5193,2961,82,1,1249
5194,2962,19,1,579
5195,2962,116,1,259
5196,2963,110,1,3309
5197,2963,36,1,3429
5198,2963,56,1,1759
5199,2963,83,1,449
5200,2964,60,1,679
5201,2964,19,1,579
5202,2964,105,1,4109
5203,2965,22,3,13689
5204,2965,100,1,859
5205,2966,30,1,299
5206,2966,46,1,189
5207,2967,64,2,409
5208,2967,1,1,3829
5209,2968,105,3,4109
5210,2969,115,1,719
5211,2969,67,1,229
5212,2970,15,1,4069
5213,2970,51,1,779
5214,2971,54,2,199
5215,2972,51,2,779
5216,2972,42,1,1139
5217,2972,11,2,3959
5218,2973,54,2,199
5219,2973,53,1,319
5220,2974,49,1,1609
5221,2975,104,3,379
5222,2976,61,1,1759
5223,2976,14,2,1959
5224,2976,16,1,2829
5225,2977,16,1,2829
5226,2977,59,2,769
5227,2978,86,1,249
5228,2979,31,2,559
5229,2979,33,1,849
5230,2979,25,1,1279
5231,2980,49,3,1609
5232,2980,64,1,409
5233,2981,63,1,339
5234,2981,82,1,1249
5235,2982,10,2,13239
5236,2982,79,1,919
5237,2983,66,1,399
5238,2983,97,1,1049
5239,2984,87,1,219
5240,2985,103,1,2229
5241,2985,44,1,4769
5242,2986,57,1,1059
5243,2986,109,2,3939
5244,2987,21,1,1179
5245,2987,31,1,559
5246,2987,116,3,259
5247,2988,99,1,769
5248,2988,46,1,189
5249,2988,56,2,1759
5250,2989,119,2,379
5251,2990,57,2,1059
5252,2990,64,1,409
5253,2990,80,1,669
5254,2991,70,1,1079
5255,2991,55,1,1309
5256,2992,88,1,509
5257,2992,109,1,3939
5258,2992,81,1,2109
5259,2992,65,1,119
5260,2993,21,1,1179
5261,2993,100,1,859
5262,2993,62,1,109
5263,2994,94,1,889
5264,2994,93,1,849
5265,2995,39,1,409
5266,2995,10,1,13239
5267,2995,18,1,10659
5268,2995,20,1,20069
5269,2996,118,1,499
5270,2996,81,2,2109
5271,2997,18,1,10659
5272,2997,20,1,20069
5273,2997,3,2,6139
5274,2997,68,1,859
5275,2998,120,1,639
5276,2998,49,1,1609
5277,2998,36,1,3429
5278,2999,37,1,1449
5279,3000,92,1,219
5280,3000,11,1,3959
5281,3000,67,1,229
5282,3000,40,2,549
5283,3001,55,1,1309
5284,3001,86,1,249
5285,3002,27,1,1069
5286,3002,111,1,479
5287,3003,116,1,259
5288,3003,97,1,1049
5289,3004,88,2,509
5290,3004,36,1,3429
5291,3004,84,3,219
5292,3005,84,1,219
5293,3005,41,3,1269
5294,3006,75,1,2779
5295,3006,33,1,849
5296,3006,44,1,4769
5297,3007,98,1,2369
5298,3008,34,1,349
5299,3009,86,1,249
5300,3009,63,1,339
5301,3010,51,3,779
5302,3011,119,1,379
5303,3012,110,1,3309
5304,3013,119,1,379
5305,3014,61,1,1759
5306,3015,60,1,679
5307,3015,33,1,849
5308,3016,13,1,2419
5309,3016,78,1,2029
5310,3016,48,1,509
5311,3016,26,1,4509
5312,3017,94,1,889
5313,3017,43,1,209
5314,3018,27,1,1069
5315,3018,46,3,189
5316,3019,102,1,3799
5317,3019,23,3,11319
5318,3020,2,2,1219
5319,3020,63,1,339
5320,3021,43,2,209
5321,3021,91,1,1129
5322,3022,35,3,1069
5323,3023,76,1,999
5324,3024,31,1,559
5325,3024,82,1,1249
5326,3025,64,1,409
5327,3026,22,3,13689
5328,3027,84,2,219
5329,3028,28,1,1269
5330,3029,35,1,1069
5331,3029,96,3,2909
5332,3029,8,1,659
5333,3029,115,1,719
5334,3030,52,1,329
5335,3030,87,1,219
5336,3031,103,1,2229
5337,3032,101,1,3679
5338,3032,100,1,859
5339,3033,112,1,139
5340,3034,36,1,3429
5341,3035,21,1,1179
5342,3036,65,1,119
5343,3037,11,3,3959
5344,3037,103,1,2229
5345,3037,111,1,479
5346,3038,4,1,9779
5347,3038,120,1,639
5348,3038,18,1,10659
5349,3039,49,1,1609
5350,3039,35,2,1069
5351,3040,79,1,919
5352,3040,96,1,2909
5353,3041,71,1,1049
5354,3041,30,2,299
5355,3042,92,1,219
5356,3042,59,1,769
5357,3043,24,2,3709
5358,3043,93,2,849
5359,3044,77,1,259
5360,3045,116,2,259
5361,3045,79,2,919
5362,3046,13,1,2419
5363,3046,115,1,719
5364,3047,69,2,659
5365,3047,30,1,299
5366,3047,93,1,849
5367,3048,62,2,109
5368,3048,103,1,2229
5369,3049,72,1,2639
5370,3049,74,1,569
5371,3049,33,1,849
5372,3049,103,1,2229
5373,3050,101,1,3679
5374,3051,76,3,999
5375,3051,86,1,249
5376,3051,62,1,109
5377,3051,3,1,6139
5378,3052,35,1,1069
5379,3053,96,1,2909
5380,3054,23,1,11319
5381,3055,92,1,219
5382,3055,17,2,949
5383,3055,83,1,449
5384,3056,18,2,10659
5385,3056,95,1,1949
5386,3056,32,1,1029
5387,3056,52,1,329
5388,3057,44,1,4769
5389,3058,66,3,399
5390,3058,81,1,2109
5391,3058,106,1,419
5392,3059,90,1,1329
5393,3059,30,1,299
5394,3060,97,1,1049
5395,3060,28,2,1269
5396,3060,73,1,399
5397,3061,67,1,229
5398,3061,23,2,11319
5399,3061,118,1,499
5400,3062,36,1,3429
5401,3062,76,1,999
5402,3062,69,2,659
5403,3062,7,1,3279
5404,3063,50,2,2799
5405,3063,87,3,219
5406,3063,103,1,2229
5407,3063,6,1,599
5408,3064,12,1,18439
5409,3064,110,1,3309
5410,3065,27,1,1069
5411,3065,30,1,299
5412,3065,105,1,4109
5413,3066,60,2,679
5414,3066,102,1,3799
5415,3067,48,1,509
5416,3067,80,1,669
5417,3067,66,1,399
5418,3068,5,2,16419
5419,3069,118,2,499
5420,3070,13,1,2419
5421,3070,38,2,339
5422,3070,33,2,849
5423,3071,2,1,1219
5424,3072,100,1,859
5425,3072,34,1,349
5426,3073,91,2,1129
5427,3073,107,1,429
5428,3073,73,2,399
5429,3074,93,1,849
5430,3074,34,2,349
5431,3075,42,3,1139
5432,3076,73,1,399
5433,3076,51,1,779
5434,3077,9,1,11269
5435,3078,75,1,2779
5436,3079,104,1,379
5437,3080,88,2,509
5438,3081,30,1,299
5439,3082,113,3,559
5440,3083,85,1,1849
5441,3083,87,1,219
5442,3084,94,2,889
5443,3085,75,1,2779
5444,3085,14,1,1959
5445,3085,103,1,2229
5446,3085,44,1,4769
5447,3086,11,1,3959
5448,3086,42,1,1139
5449,3087,63,1,339
5450,3088,38,1,339
5451,3089,115,1,719
5452,3089,110,1,3309
5453,3089,52,1,329
5454,3090,58,3,329
5455,3091,106,1,419
5456,3091,40,1,549
5457,3091,83,1,449
5458,3092,71,1,1049
5459,3093,37,1,1449
5460,3093,107,1,429
5461,3094,72,2,2639
5462,3094,20,1,20069
5463,3095,93,2,849
5464,3096,70,3,1079
5465,3097,75,1,2779
5466,3097,43,1,209
5467,3098,102,2,3799
5468,3098,35,2,1069
5469,3098,89,1,949
5470,3099,1,1,3829
5471,3100,103,3,2229
5472,3100,47,3,2899
5473,3101,88,3,509
5474,3102,42,2,1139
5475,3102,48,2,509
5476,3102,118,1,499
5477,3103,33,1,849
5478,3103,89,1,949
5479,3103,75,1,2779
5480,3104,82,1,1249
5481,3105,31,1,559
5482,3105,59,1,769
5483,3106,44,1,4769
5484,3106,4,1,9779
5485,3107,58,1,329
5486,3108,37,1,1449
5487,3108,18,1,10659
5488,3109,41,1,1269
5489,3110,72,1,2639
5490,3110,28,1,1269
5491,3110,61,1,1759
5492,3111,117,1,799
5493,3112,3,1,6139
5494,3112,104,1,379
5495,3112,69,1,659
5496,3113,70,1,1079
5497,3113,21,1,1179
5498,3113,90,1,1329
5499,3114,24,1,3709
5500,3115,114,1,879
5501,3115,95,1,1949
5502,3116,111,2,479
5503,3116,33,3,849
5504,3116,69,3,659
5505,3116,26,2,4509
5506,3117,17,1,949
5507,3117,98,1,2369
5508,3118,27,2,1069
5509,3118,76,1,999
5510,3118,117,2,799
5511,3119,49,1,1609
5512,3119,55,1,1309
5513,3119,84,1,219
5514,3119,13,1,2419
5515,3120,1,1,3829
5516,3121,73,1,399
5517,3122,108,1,909
5518,3123,103,1,2229
5519,3124,90,1,1329
5520,3124,36,3,3429
5521,3125,38,2,339
5522,3126,40,1,549
5523,3126,57,1,1059
5524,3127,27,2,1069
5525,3128,118,1,499
5526,3129,16,1,2829
5527,3129,18,2,10659
5528,3130,28,1,1269
5529,3131,92,2,219
5530,3131,94,1,889
5531,3132,50,1,2799
5532,3132,24,2,3709
5533,3133,5,1,16419
5534,3134,94,1,889
5535,3135,43,2,209
5536,3135,109,1,3939
5537,3136,44,1,4769
5538,3136,84,2,219
5539,3137,44,1,4769
5540,3138,3,1,6139
5541,3139,78,1,2029
5542,3140,93,1,849
5543,3140,105,1,4109
5544,3141,88,1,509
5545,3142,73,1,399
5546,3143,71,2,1049
5547,3143,99,2,769
5548,3144,59,1,769
5549,3145,51,2,779
5550,3146,29,1,1079
5551,3146,25,2,1279
5552,3147,40,3,549
5553,3147,68,1,859
5554,3148,111,1,479
5555,3148,90,1,1329
5556,3149,22,1,13689
5557,3149,12,1,18439
5558,3149,27,1,1069
5559,3149,29,1,1079
5560,3150,93,1,849
5561,3151,2,1,1219
5562,3152,11,1,3959
5563,3152,28,1,1269
5564,3152,108,1,909
5565,3153,42,1,1139
5566,3153,8,1,659
5567,3154,71,1,1049
5568,3155,100,1,859
5569,3155,17,1,949
5570,3156,36,1,3429
5571,3156,86,1,249
5572,3157,97,2,1049
5573,3158,92,1,219
5574,3158,86,1,249
5575,3159,56,1,1759
5576,3160,26,1,4509
5577,3160,14,1,1959
5578,3160,91,1,1129
5579,3161,66,1,399
5580,3161,14,1,1959
5581,3162,21,1,1179
5582,3163,13,1,2419
5583,3163,8,1,659
5584,3164,97,1,1049
5585,3164,76,1,999
5586,3165,94,2,889
5587,3166,79,1,919
5588,3166,91,1,1129
5589,3166,93,2,849
5590,3167,75,1,2779
5591,3168,77,1,259
5592,3169,85,1,1849
5593,3170,20,1,20069
5594,3170,34,1,349
5595,3170,19,3,579
5596,3171,58,1,329
5597,3172,54,2,199
5598,3172,61,1,1759
5599,3173,58,1,329
5600,3173,12,1,18439
5601,3173,89,2,949
5602,3174,12,1,18439
5603,3174,55,1,1309
5604,3175,67,3,229
5605,3175,111,1,479
5606,3175,114,1,879
5607,3176,68,3,859
5608,3177,29,3,1079
5609,3178,119,2,379
5610,3179,8,1,659
5611,3179,54,1,199
5612,3180,47,1,2899
5613,3181,58,1,329
5614,3182,61,1,1759
5615,3183,108,1,909
5616,3183,53,1,319
5617,3184,76,1,999
5618,3184,59,1,769
5619,3185,48,1,509
5620,3186,17,2,949
5621,3186,75,1,2779
5622,3187,22,1,13689
5623,3187,61,2,1759
5624,3188,4,1,9779
5625,3188,16,2,2829
5626,3188,108,2,909
5627,3189,14,1,1959
5628,3189,6,1,599
5629,3189,34,1,349
5630,3190,61,1,1759
5631,3191,8,1,659
5632,3192,13,2,2419
5633,3192,101,1,3679
5634,3193,71,2,1049
5635,3194,48,2,509
5636,3195,86,1,249
5637,3196,5,1,16419
5638,3196,60,1,679
5639,3197,79,2,919
5640,3198,118,1,499
5641,3198,17,2,949
5642,3199,108,1,909
5643,3200,78,1,2029
5644,3200,6,2,599
5645,3200,51,2,779
5646,3201,9,1,11269
5647,3201,82,1,1249
5648,3201,79,2,919
5649,3202,66,1,399
5650,3202,14,1,1959
5651,3202,81,1,2109
5652,3203,117,2,799
5653,3203,90,1,1329
5654,3204,27,1,1069
5655,3204,107,1,429
5656,3205,38,1,339
5657,3206,29,1,1079
5658,3206,54,1,199
5659,3206,114,1,879
5660,3206,67,2,229
5661,3207,9,3,11269
5662,3207,43,1,209
5663,3208,104,1,379
5664,3208,9,1,11269
5665,3209,111,1,479
5666,3209,28,1,1269
5667,3210,38,1,339
5668,3210,97,1,1049
5669,3211,51,1,779
5670,3211,85,2,1849
5671,3212,37,1,1449
5672,3213,111,2,479
5673,3213,37,1,1449
5674,3213,95,3,1949
5675,3214,39,2,409
5676,3215,86,2,249
5677,3215,17,2,949
5678,3216,7,1,3279
5679,3216,101,3,3679
5680,3217,91,1,1129
5681,3217,115,1,719
5682,3217,108,1,909
5683,3218,1,1,3829
5684,3219,104,1,379
5685,3220,12,1,18439
5686,3220,118,1,499
5687,3221,28,2,1269
5688,3221,65,1,119
5689,3221,5,1,16419
5690,3222,27,1,1069
5691,3223,120,1,639
5692,3224,103,1,2229
5693,3224,32,1,1029
5694,3225,93,1,849
5695,3225,60,1,679
5696,3225,5,1,16419
5697,3226,114,1,879
5698,3226,117,2,799
5699,3227,54,1,199
5700,3228,30,1,299
5701,3229,62,1,109
5702,3229,95,1,1949
5703,3230,30,1,299
5704,3231,2,1,1219
5705,3232,115,1,719
5706,3232,72,1,2639
5707,3233,53,1,319
5708,3234,11,1,3959
5709,3235,25,1,1279
5710,3235,63,3,339
5711,3236,118,2,499
5712,3236,45,1,1869
5713,3236,111,1,479
5714,3237,57,1,1059
5715,3238,4,1,9779
5716,3239,23,1,11319
5717,3239,29,1,1079
5718,3240,109,1,3939
5719,3240,61,1,1759
5720,3241,50,1,2799
5721,3241,60,2,679
5722,3241,86,1,249
5723,3242,18,1,10659
5724,3242,83,2,449
5725,3243,59,1,769
5726,3244,100,1,859
5727,3244,110,1,3309
5728,3244,98,1,2369
5729,3245,10,1,13239
5730,3245,38,1,339
5731,3246,28,3,1269
5732,3247,75,1,2779
5733,3247,15,1,4069
5734,3248,10,1,13239
5735,3249,42,1,1139
5736,3249,75,1,2779
5737,3249,114,1,879
5738,3250,87,1,219
5739,3251,45,2,1869
5740,3252,107,1,429
5741,3253,51,1,779
5742,3253,28,1,1269
5743,3254,58,1,329
5744,3255,115,1,719
5745,3256,108,1,909
5746,3256,18,1,10659
5747,3257,34,1,349
5748,3258,115,3,719
5749,3259,18,2,10659
5750,3259,47,1,2899
5751,3260,102,2,3799
5752,3261,45,2,1869
5753,3262,23,2,11319
5754,3262,99,1,769
5755,3262,12,1,18439
5756,3262,53,1,319
5757,3263,6,1,599
5758,3263,55,1,1309
5759,3263,2,2,1219
5760,3263,47,1,2899
5761,3264,61,2,1759
5762,3265,76,1,999
5763,3265,73,3,399
5764,3265,112,2,139
5765,3265,97,1,1049
5766,3266,113,1,559
5767,3266,51,2,779
5768,3266,64,1,409
5769,3267,48,1,509
5770,3267,103,2,2229
5771,3268,60,1,679
5772,3268,7,2,3279
5773,3268,114,2,879
5774,3268,96,1,2909
5775,3269,112,1,139
5776,3270,60,1,679
5777,3270,59,1,769
5778,3271,116,1,259
5779,3272,49,1,1609
5780,3273,116,1,259
5781,3273,76,1,999
5782,3273,84,1,219
5783,3274,110,2,3309
5784,3274,120,1,639
5785,3274,105,1,4109
5786,3275,47,2,2899
5787,3276,92,1,219
5788,3276,6,1,599
5789,3277,84,1,219
5790,3277,29,1,1079
5791,3277,95,1,1949
5792,3278,98,1,2369
5793,3278,16,1,2829
5794,3279,52,2,329
5795,3279,77,1,259
5796,3279,17,1,949
5797,3279,95,1,1949
5798,3280,24,2,3709
5799,3280,81,1,2109
5800,3280,30,1,299
5801,3281,55,1,1309
5802,3282,120,2,639
5803,3282,77,1,259
5804,3283,39,1,409
5805,3284,1,1,3829
5806,3285,48,1,509
5807,3286,24,1,3709
5808,3287,11,3,3959
5809,3288,43,1,209
5810,3288,27,2,1069
5811,3289,58,1,329
5812,3289,100,1,859
5813,3289,111,1,479
5814,3290,97,1,1049
5815,3290,46,1,189
5816,3291,101,1,3679
5817,3291,92,1,219
5818,3291,30,1,299
5819,3291,79,1,919
5820,3292,7,1,3279
5821,3293,24,2,3709
5822,3294,18,3,10659
5823,3295,13,2,2419
5824,3296,87,1,219
5825,3297,111,1,479
5826,3297,114,1,879
5827,3297,71,1,1049
5828,3297,97,1,1049
5829,3298,90,1,1329
5830,3298,64,1,409
5831,3299,2,1,1219
5832,3299,58,1,329
5833,3299,46,1,189
5834,3300,11,2,3959
5835,3300,108,1,909
5836,3301,64,1,409
5837,3302,34,1,349
5838,3303,15,1,4069
5839,3304,31,3,559
5840,3304,72,1,2639
5841,3304,33,1,849
5842,3305,36,1,3429
5843,3306,57,1,1059
5844,3307,115,1,719
5845,3308,75,1,2779
5846,3308,22,2,13689
5847,3308,9,1,11269
5848,3309,72,1,2639
5849,3310,32,1,1029
5850,3311,90,1,1329
5851,3312,88,2,509
5852,3313,7,2,3279
5853,3314,77,1,259
5854,3314,78,1,2029
5855,3315,79,2,919
5856,3315,19,1,579
5857,3315,103,1,2229
5858,3316,16,1,2829
5859,3317,96,1,2909
5860,3317,81,1,2109
5861,3318,91,2,1129
5862,3319,28,1,1269
5863,3320,36,1,3429
5864,3320,79,1,919
5865,3320,71,3,1049
5866,3320,49,1,1609
5867,3321,89,2,949
5868,3322,106,1,419
5869,3322,5,1,16419
5870,3323,14,1,1959
5871,3324,6,1,599
5872,3324,26,2,4509
5873,3325,52,1,329
5874,3326,24,1,3709
5875,3326,94,1,889
5876,3327,46,1,189
5877,3328,28,2,1269
5878,3329,83,1,449
5879,3329,113,1,559
5880,3330,96,1,2909
5881,3330,57,1,1059
5882,3331,53,2,319
5883,3332,95,1,1949
5884,3333,64,1,409
5885,3333,5,2,16419
5886,3334,29,2,1079
5887,3334,102,1,3799
5888,3335,87,1,219
5889,3335,33,1,849
5890,3336,76,2,999
5891,3336,79,1,919
5892,3336,18,1,10659
5893,3337,104,1,379
5894,3338,68,1,859
5895,3338,71,1,1049
5896,3338,32,1,1029
5897,3339,12,1,18439
5898,3339,107,2,429
5899,3340,58,1,329
5900,3341,38,2,339
5901,3342,35,1,1069
5902,3343,70,3,1079
5903,3344,5,1,16419
5904,3345,21,2,1179
5905,3345,24,1,3709
5906,3346,49,2,1609
5907,3346,48,1,509
5908,3347,116,1,259
5909,3348,50,1,2799
5910,3348,27,1,1069
5911,3348,107,2,429
5912,3348,116,1,259
5913,3349,57,1,1059
5914,3349,74,2,569
5915,3349,84,1,219
5916,3349,35,2,1069
5917,3350,56,1,1759
5918,3350,49,1,1609
5919,3350,36,2,3429
5920,3351,99,1,769
5921,3352,67,2,229
5922,3353,107,1,429
5923,3353,9,2,11269
5924,3353,103,1,2229
5925,3354,113,1,559
5926,3354,105,1,4109
5927,3354,11,2,3959
5928,3355,80,1,669
5929,3356,81,1,2109
5930,3357,27,1,1069
5931,3357,83,2,449
5932,3357,28,1,1269
5933,3358,67,2,229
5934,3358,35,1,1069
5935,3358,104,1,379
5936,3359,105,2,4109
5937,3360,118,2,499
5938,3361,76,1,999
5939,3362,89,1,949
5940,3362,117,1,799
5941,3363,20,1,20069
5942,3364,78,1,2029
5943,3365,41,1,1269
5944,3366,60,2,679
5945,3366,102,1,3799
5946,3367,116,1,259
5947,3368,12,1,18439
5948,3369,119,1,379
5949,3369,117,1,799
5950,3370,64,1,409
5951,3371,89,1,949
5952,3372,36,1,3429
5953,3373,114,1,879
5954,3374,52,1,329
5955,3375,11,3,3959
5956,3375,31,2,559
5957,3376,12,1,18439
5958,3377,28,1,1269
5959,3378,40,1,549
5960,3379,52,1,329
5961,3380,14,1,1959
5962,3381,28,1,1269
5963,3382,19,3,579
5964,3383,77,1,259
5965,3384,48,1,509
5966,3384,92,1,219
5967,3385,31,1,559
5968,3386,60,3,679
5969,3387,90,1,1329
5970,3388,48,2,509
5971,3389,56,1,1759
5972,3389,42,1,1139
5973,3389,96,1,2909
5974,3390,117,2,799
5975,3390,5,2,16419
5976,3390,116,1,259
5977,3391,57,1,1059
5978,3391,56,1,1759
5979,3392,118,1,499
5980,3392,96,2,2909
5981,3392,43,1,209
5982,3393,60,2,679
5983,3393,28,1,1269
5984,3394,11,1,3959
5985,3394,108,1,909
5986,3395,13,2,2419
5987,3396,48,1,509
5988,3397,45,1,1869
5989,3397,60,2,679
5990,3397,43,1,209
5991,3398,90,1,1329
5992,3399,88,1,509
5993,3399,91,1,1129
5994,3400,57,1,1059
5995,3401,112,1,139
5996,3402,109,1,3939
5997,3403,59,1,769
5998,3404,88,1,509
5999,3404,40,1,549
6000,3404,56,1,1759
6001,3405,5,1,16419
6002,3405,96,1,2909
6003,3405,16,2,2829
6004,3406,35,3,1069
6005,3406,20,2,20069
6006,3406,102,1,3799
6007,3407,56,3,1759
6008,3407,90,1,1329
6009,3407,30,1,299
6010,3408,70,1,1079
6011,3408,94,1,889
6012,3408,7,1,3279
6013,3408,91,1,1129
6014,3409,11,1,3959
6015,3410,112,1,139
6016,3410,104,1,379
6017,3410,25,1,1279
6018,3411,30,1,299
6019,3412,72,2,2639
6020,3413,67,1,229
6021,3414,76,1,999
6022,3414,81,1,2109
6023,3415,117,1,799
6024,3416,61,3,1759
6025,3417,22,1,13689
6026,3417,109,1,3939
6027,3418,39,1,409
6028,3419,119,2,379
6029,3420,95,1,1949
6030,3421,20,3,20069
6031,3422,20,2,20069
6032,3422,48,1,509
6033,3423,104,1,379
6034,3424,52,2,329
6035,3425,51,2,779
6036,3426,100,1,859
6037,3427,102,1,3799
6038,3428,14,2,1959
6039,3429,64,2,409
6040,3430,120,2,639
6041,3430,98,1,2369
6042,3431,73,1,399
6043,3431,52,2,329
6044,3432,117,1,799
6045,3432,1,1,3829
6046,3432,69,1,659
6047,3433,52,1,329
6048,3433,59,1,769
6049,3434,80,2,669
6050,3435,83,1,449
6051,3435,78,2,2029
6052,3435,10,1,13239
6053,3436,89,2,949
6054,3436,33,2,849
6055,3436,68,1,859
6056,3437,119,1,379
6057,3437,52,1,329
6058,3438,30,2,299
6059,3439,13,1,2419
6060,3439,20,1,20069
6061,3439,69,2,659
6062,3440,76,1,999
6063,3440,69,1,659
6064,3441,60,3,679
6065,3441,14,1,1959
6066,3442,102,1,3799
6067,3442,32,2,1029
6068,3442,84,1,219
6069,3443,105,1,4109
6070,3443,113,2,559
6071,3443,69,1,659
6072,3444,61,3,1759
6073,3444,91,1,1129
6074,3445,4,1,9779
6075,3445,28,1,1269
6076,3446,83,2,449
6077,3447,73,1,399
6078,3448,23,1,11319
6079,3448,40,2,549
6080,3449,93,1,849
6081,3449,40,1,549
6082,3450,12,1,18439
6083,3451,20,1,20069
6084,3451,74,1,569
6085,3451,59,1,769
6086,3452,15,1,4069
6087,3452,43,2,209
6088,3452,86,1,249
6089,3452,108,3,909
6090,3453,36,1,3429
6091,3453,74,1,569
6092,3453,102,1,3799
6093,3453,106,2,419
6094,3454,96,1,2909
6095,3454,81,1,2109
6096,3455,106,1,419
6097,3455,86,1,249
6098,3456,39,1,409
6099,3456,26,2,4509
6100,3457,22,1,13689
6101,3457,119,1,379
6102,3457,76,1,999
6103,3458,75,1,2779
6104,3458,50,1,2799
6105,3459,10,1,13239
6106,3460,9,2,11269
6107,3461,106,3,419
6108,3461,92,1,219
6109,3462,62,2,109
6110,3463,44,1,4769
6111,3464,70,1,1079
6112,3464,108,1,909
6113,3464,49,1,1609
6114,3464,109,2,3939
6115,3465,39,1,409
6116,3466,13,1,2419
6117,3467,35,1,1069
6118,3467,38,1,339
6119,3468,11,1,3959
6120,3469,36,1,3429
6121,3469,93,1,849
6122,3470,22,2,13689
6123,3471,99,3,769
6124,3471,25,1,1279
6125,3472,35,1,1069
6126,3473,88,1,509
6127,3473,100,1,859
6128,3473,46,1,189
6129,3474,45,1,1869
6130,3474,93,1,849
6131,3474,119,1,379
6132,3475,20,1,20069
6133,3476,3,2,6139
6134,3476,56,1,1759
6135,3477,63,1,339
6136,3477,95,1,1949
6137,3477,19,1,579
6138,3478,97,1,1049
6139,3479,4,1,9779
6140,3479,101,1,3679
6141,3479,76,1,999
6142,3480,116,1,259
6143,3481,59,1,769
6144,3481,111,1,479
6145,3482,93,1,849
6146,3482,12,2,18439
6147,3482,11,1,3959
6148,3483,59,1,769
6149,3484,30,1,299
6150,3484,79,2,919
6151,3485,32,1,1029
6152,3485,105,2,4109
6153,3485,9,3,11269
6154,3486,19,1,579
6155,3486,83,1,449
6156,3486,18,1,10659
6157,3487,112,3,139
6158,3488,71,3,1049
6159,3489,38,2,339
6160,3490,74,1,569
6161,3491,70,1,1079
6162,3492,89,1,949
6163,3492,49,1,1609
6164,3492,13,1,2419
6165,3492,115,1,719
6166,3493,80,2,669
6167,3493,75,1,2779
6168,3494,2,1,1219
6169,3495,29,1,1079
6170,3496,6,1,599
6171,3497,69,1,659
6172,3498,106,2,419
6173,3499,119,2,379
6174,3499,102,1,3799
6175,3500,110,1,3309
6176,3500,43,1,209
6177,3500,96,2,2909
6178,3501,89,1,949
6179,3501,35,1,1069
6180,3502,108,1,909
6181,3503,17,1,949
6182,3503,106,2,419
6183,3503,66,1,399
6184,3503,74,2,569
6185,3504,44,1,4769
6186,3504,46,2,189
6187,3504,88,1,509
6188,3505,94,1,889
6189,3505,77,1,259
6190,3506,44,2,4769
6191,3506,32,2,1029
6192,3507,2,1,1219
6193,3508,82,1,1249
6194,3509,60,1,679
6195,3509,118,1,499
6196,3510,86,1,249
6197,3510,63,2,339
6198,3510,89,1,949
6199,3511,79,1,919
6200,3511,35,1,1069
6201,3511,66,1,399
6202,3512,113,1,559
6203,3512,25,1,1279
6204,3512,63,1,339
6205,3513,38,1,339
6206,3514,82,1,1249
6207,3515,82,1,1249
6208,3516,56,1,1759
6209,3516,106,1,419
6210,3516,15,2,4069
6211,3517,86,1,249
6212,3518,25,1,1279
6213,3519,75,1,2779
6214,3519,96,1,2909
6215,3520,94,3,889
6216,3521,35,1,1069
6217,3522,37,1,1449
6218,3523,13,2,2419
6219,3524,113,3,559
6220,3525,116,1,259
6221,3526,101,1,3679
6222,3527,66,1,399
6223,3527,62,1,109
6224,3527,83,1,449
6225,3528,59,2,769
6226,3528,6,2,599
6227,3528,62,1,109
6228,3529,49,1,1609
6229,3530,12,1,18439
6230,3530,32,1,1029
6231,3530,113,1,559
6232,3531,84,1,219
6233,3532,119,1,379
6234,3533,80,1,669
6235,3533,47,1,2899
6236,3534,58,3,329
6237,3535,120,2,639
6238,3536,95,1,1949
6239,3536,59,1,769
6240,3536,60,1,679
6241,3537,13,1,2419
6242,3537,89,1,949
6243,3538,17,1,949
6244,3539,26,1,4509
6245,3539,36,1,3429
6246,3540,40,1,549
6247,3541,57,1,1059
6248,3542,79,1,919
6249,3543,63,2,339
6250,3543,102,1,3799
6251,3544,93,3,849
6252,3545,34,1,349
6253,3546,56,1,1759
6254,3547,106,1,419
6255,3547,9,2,11269
6256,3548,40,2,549
6257,3549,105,1,4109
6258,3549,86,2,249
6259,3550,66,2,399
6260,3551,55,1,1309
6261,3551,119,1,379
6262,3551,61,1,1759
6263,3552,38,1,339
6264,3553,19,3,579
6265,3553,49,1,1609
6266,3554,21,1,1179
6267,3554,49,1,1609
6268,3555,34,3,349
6269,3555,2,2,1219
6270,3556,69,1,659
6271,3557,107,3,429
6272,3557,14,1,1959
6273,3557,43,1,209
6274,3558,80,1,669
6275,3558,46,1,189
6276,3558,52,1,329
6277,3559,49,1,1609
6278,3559,28,1,1269
6279,3560,37,1,1449
6280,3561,76,1,999
6281,3561,104,2,379
6282,3561,9,1,11269
6283,3562,11,1,3959
6284,3563,77,2,259
6285,3564,116,3,259
6286,3564,8,1,659
6287,3565,39,1,409
6288,3566,68,1,859
6289,3567,11,1,3959
6290,3568,31,2,559
6291,3569,64,1,409
6292,3570,10,1,13239
6293,3570,32,1,1029
6294,3571,19,1,579
6295,3572,74,1,569
6296,3572,37,1,1449
6297,3573,103,3,2229
6298,3574,112,1,139
6299,3574,56,1,1759
6300,3575,32,2,1029
6301,3575,78,1,2029
6302,3576,49,1,1609
6303,3576,40,2,549
6304,3577,91,1,1129
6305,3578,88,1,509
6306,3578,62,1,109
6307,3578,9,1,11269
6308,3579,16,1,2829
6309,3579,3,1,6139
6310,3580,24,1,3709
6311,3581,112,3,139
6312,3581,43,1,209
6313,3582,50,1,2799
6314,3583,95,2,1949
6315,3583,27,1,1069
6316,3584,62,1,109
6317,3585,57,1,1059
6318,3586,4,1,9779
6319,3587,90,1,1329
6320,3587,26,1,4509
6321,3587,65,2,119
6322,3587,3,1,6139
6323,3588,55,2,1309
6324,3589,83,1,449
6325,3590,115,1,719
6326,3591,43,1,209
6327,3591,28,1,1269
6328,3591,26,1,4509
6329,3592,75,3,2779
6330,3592,51,2,779
6331,3593,97,2,1049
6332,3593,103,1,2229
6333,3593,33,1,849
6334,3593,54,2,199
6335,3594,64,1,409
6336,3595,41,3,1269
6337,3595,80,1,669
6338,3595,26,1,4509
6339,3596,32,2,1029
6340,3596,27,1,1069
6341,3596,42,1,1139
6342,3597,55,1,1309
6343,3598,69,3,659
6344,3598,3,1,6139
6345,3598,86,2,249
6346,3599,117,2,799
6347,3599,65,1,119
6348,3600,29,1,1079
6349,3600,17,1,949
6350,3600,42,2,1139
6351,3600,111,2,479
6352,3601,4,1,9779
6353,3601,107,1,429
6354,3602,24,1,3709
6355,3603,8,1,659
6356,3604,91,1,1129
6357,3605,26,1,4509
6358,3606,66,1,399
6359,3606,105,1,4109
6360,3607,116,1,259
6361,3608,83,1,449
6362,3608,54,1,199
6363,3609,85,1,1849
6364,3610,89,1,949
6365,3611,37,1,1449
6366,3611,72,1,2639
6367,3612,81,1,2109
6368,3612,22,1,13689
6369,3613,64,1,409
6370,3613,108,1,909
6371,3614,85,1,1849
6372,3614,48,1,509
6373,3615,111,1,479
6374,3615,107,1,429
6375,3616,116,2,259
6376,3616,40,3,549
6377,3616,120,1,639
6378,3616,35,1,1069
6379,3617,81,1,2109
6380,3618,1,2,3829
6381,3618,93,1,849
6382,3618,55,2,1309
6383,3619,70,1,1079
6384,3619,95,1,1949
6385,3620,77,1,259
6386,3621,51,1,779
6387,3621,55,1,1309
6388,3622,4,1,9779
6389,3622,32,2,1029
6390,3623,73,1,399
6391,3624,110,1,3309
6392,3625,103,1,2229
6393,3626,79,1,919
6394,3627,5,1,16419
6395,3628,24,1,3709
6396,3629,16,1,2829
6397,3629,84,1,219
6398,3629,103,1,2229
6399,3630,83,1,449
6400,3631,97,1,1049
6401,3632,37,1,1449
6402,3633,47,1,2899
6403,3633,110,1,3309
6404,3634,104,1,379
6405,3635,41,1,1269
6406,3635,7,2,3279
6407,3635,74,3,569
6408,3635,47,1,2899
6409,3636,80,1,669
6410,3636,70,1,1079
6411,3636,99,1,769
6412,3637,45,1,1869
6413,3637,77,1,259
6414,3638,66,3,399
6415,3639,100,1,859
6416,3640,115,2,719
6417,3640,88,2,509
6418,3640,86,2,249
6419,3641,81,1,2109
6420,3641,86,1,249
6421,3641,22,1,13689
6422,3642,7,1,3279
6423,3642,17,1,949
6424,3643,16,2,2829
6425,3643,65,1,119
6426,3644,25,1,1279
6427,3644,28,1,1269
6428,3644,92,1,219
6429,3644,26,1,4509
6430,3645,66,1,399
6431,3645,120,1,639
6432,3646,19,1,579
6433,3646,80,2,669
6434,3646,48,1,509
6435,3647,75,2,2779
6436,3647,109,1,3939
6437,3647,54,1,199
6438,3647,92,1,219
6439,3648,37,1,1449
6440,3648,58,2,329
6441,3648,45,1,1869
6442,3649,64,1,409
6443,3650,52,1,329
6444,3650,28,1,1269
6445,3651,87,1,219
6446,3652,52,1,329
6447,3652,36,1,3429
6448,3653,90,1,1329
6449,3653,56,1,1759
6450,3654,100,2,859
6451,3654,68,2,859
6452,3655,40,2,549
6453,3655,108,1,909
6454,3656,51,2,779
6455,3656,119,1,379
6456,3657,68,1,859
6457,3657,47,1,2899
6458,3658,67,1,229
6459,3659,46,3,189
6460,3660,56,2,1759
6461,3660,50,2,2799
6462,3661,32,1,1029
6463,3661,10,1,13239
6464,3662,47,1,2899
6465,3663,12,2,18439
6466,3664,36,1,3429
6467,3665,116,1,259
6468,3666,102,1,3799
6469,3666,105,1,4109
6470,3666,57,1,1059
6471,3666,96,1,2909
6472,3667,10,1,13239
6473,3667,69,1,659
6474,3667,97,2,1049
6475,3667,45,1,1869
6476,3668,73,2,399
6477,3669,93,1,849
6478,3669,26,1,4509
6479,3669,95,1,1949
6480,3670,63,1,339
6481,3671,119,1,379
6482,3671,85,1,1849
6483,3672,32,1,1029
6484,3672,20,1,20069
6485,3672,56,1,1759
6486,3673,57,1,1059
6487,3674,83,1,449
6488,3674,27,1,1069
6489,3674,25,1,1279
6490,3675,108,1,909
6491,3676,75,1,2779
6492,3677,1,1,3829
6493,3678,25,2,1279
6494,3679,71,1,1049
6495,3680,51,1,779
6496,3680,97,1,1049
6497,3680,81,2,2109
6498,3681,33,2,849
6499,3682,64,2,409
6500,3682,11,2,3959
6501,3682,9,1,11269
6502,3683,100,1,859
6503,3683,117,1,799
6504,3684,69,2,659
6505,3685,21,1,1179
6506,3685,11,1,3959
6507,3686,33,1,849
6508,3687,6,3,599
6509,3688,113,1,559
6510,3688,95,1,1949
6511,3688,26,1,4509
6512,3688,108,1,909
6513,3689,42,1,1139
6514,3690,8,1,659
6515,3691,86,1,249
6516,3691,35,1,1069
6517,3692,9,1,11269
6518,3693,61,1,1759
6519,3694,14,3,1959
6520,3694,25,1,1279
6521,3694,36,1,3429
6522,3695,63,1,339
6523,3695,32,1,1029
6524,3695,59,2,769
6525,3696,14,2,1959
6526,3697,34,1,349
6527,3697,89,1,949
6528,3698,49,1,1609
6529,3698,46,1,189
6530,3699,115,1,719
6531,3700,92,1,219
6532,3700,70,2,1079
6533,3701,49,3,1609
6534,3701,92,1,219
6535,3702,86,1,249
6536,3702,57,1,1059
6537,3703,8,1,659
6538,3704,13,1,2419
6539,3705,96,2,2909
6540,3706,81,1,2109
6541,3706,108,1,909
6542,3707,42,1,1139
6543,3707,110,2,3309
6544,3708,35,1,1069
6545,3708,66,1,399
6546,3709,71,1,1049
6547,3710,43,1,209
6548,3711,5,1,16419
6549,3711,106,1,419
6550,3711,81,1,2109
6551,3712,12,1,18439
6552,3713,15,1,4069
6553,3713,66,1,399
6554,3713,7,1,3279
6555,3714,46,1,189
6556,3714,13,1,2419
6557,3715,43,1,209
6558,3716,20,1,20069
6559,3717,64,2,409
6560,3718,71,1,1049
6561,3718,99,1,769
6562,3718,85,1,1849
6563,3719,106,1,419
6564,3720,53,2,319
6565,3721,43,1,209
6566,3721,100,1,859
6567,3721,63,2,339
6568,3722,67,2,229
6569,3723,33,2,849
6570,3723,70,1,1079
6571,3723,108,1,909
6572,3724,95,1,1949
6573,3724,41,2,1269
6574,3725,66,2,399
6575,3726,75,1,2779
6576,3726,41,2,1269
6577,3727,17,1,949
6578,3727,43,1,209
6579,3728,59,1,769
6580,3729,104,2,379
6581,3729,38,1,339
6582,3729,80,1,669
6583,3729,33,1,849
6584,3730,93,2,849
6585,3730,4,1,9779
6586,3730,25,1,1279
6587,3731,60,3,679
6588,3732,69,2,659
6589,3733,77,1,259
6590,3733,96,1,2909
6591,3734,113,1,559
6592,3734,25,2,1279
6593,3735,49,1,1609
6594,3735,100,3,859
6595,3736,104,1,379
6596,3737,61,1,1759
6597,3737,39,1,409
6598,3737,96,1,2909
6599,3738,110,2,3309
6600,3739,21,1,1179
6601,3740,94,1,889
6602,3741,89,1,949
6603,3741,13,1,2419
6604,3741,66,1,399
6605,3742,32,1,1029
6606,3742,60,1,679
6607,3743,77,2,259
6608,3744,113,1,559
6609,3745,68,2,859
6610,3745,105,2,4109
6611,3745,111,2,479
6612,3746,105,2,4109
6613,3746,13,1,2419
6614,3747,20,1,20069
6615,3747,87,1,219
6616,3747,91,1,1129
6617,3748,22,3,13689
6618,3749,65,2,119
6619,3750,30,1,299
6620,3751,6,1,599
6621,3751,62,1,109
6622,3751,9,2,11269
6623,3752,74,1,569
6624,3753,82,3,1249
6625,3754,71,2,1049
6626,3755,83,2,449
6627,3756,99,1,769
6628,3757,62,1,109
6629,3757,24,1,3709
6630,3757,87,2,219
6631,3758,119,1,379
6632,3759,18,1,10659
6633,3760,80,2,669
6634,3760,41,2,1269
6635,3760,97,1,1049
6636,3760,26,2,4509
6637,3761,60,1,679
6638,3761,45,1,1869
6639,3762,65,1,119
6640,3763,21,2,1179
6641,3764,105,2,4109
6642,3765,114,3,879
6643,3765,85,2,1849
6644,3765,60,1,679
6645,3766,32,2,1029
6646,3766,117,1,799
6647,3767,66,1,399
6648,3768,87,1,219
6649,3768,49,2,1609
6650,3769,8,1,659
6651,3769,69,1,659
6652,3769,98,2,2369
6653,3770,95,1,1949
6654,3770,113,1,559
6655,3771,49,1,1609
6656,3771,10,2,13239
6657,3772,87,1,219
6658,3772,22,2,13689
6659,3773,37,1,1449
6660,3774,117,1,799
6661,3774,55,1,1309
6662,3775,111,1,479
6663,3776,23,1,11319
6664,3776,10,1,13239
6665,3776,87,1,219
6666,3777,116,1,259
6667,3778,53,3,319
6668,3779,57,2,1059
6669,3780,90,3,1329
6670,3780,12,1,18439
6671,3781,70,1,1079
6672,3782,54,1,199
6673,3783,75,2,2779
6674,3784,67,1,229
6675,3785,85,1,1849
6676,3786,38,1,339
6677,3787,35,2,1069
6678,3788,82,1,1249
6679,3788,40,1,549
6680,3789,67,1,229
6681,3789,88,1,509
6682,3790,54,1,199
6683,3791,27,2,1069
6684,3792,88,1,509
6685,3793,28,1,1269
6686,3794,51,1,779
6687,3794,71,1,1049
6688,3794,80,1,669
6689,3795,39,1,409
6690,3795,78,1,2029
6691,3796,33,2,849
6692,3796,63,1,339
6693,3797,24,1,3709
6694,3797,16,2,2829
6695,3797,23,1,11319
6696,3798,8,3,659
6697,3798,119,1,379
6698,3798,32,1,1029
6699,3799,112,1,139
6700,3800,93,1,849
6701,3800,5,2,16419
6702,3801,82,1,1249
6703,3801,74,1,569
6704,3801,21,1,1179
6705,3801,46,1,189
6706,3802,54,2,199
6707,3803,21,1,1179
6708,3804,60,1,679
6709,3804,22,2,13689
6710,3804,115,2,719
6711,3805,21,1,1179
6712,3806,115,1,719
6713,3807,82,1,1249
6714,3807,108,1,909
6715,3808,90,1,1329
6716,3808,44,2,4769
6717,3809,7,1,3279
6718,3810,82,2,1249
6719,3810,47,1,2899
6720,3810,78,1,2029
6721,3811,16,1,2829
6722,3812,29,1,1079
6723,3812,21,1,1179
6724,3812,71,1,1049
6725,3813,17,1,949
6726,3813,79,1,919
6727,3814,19,1,579
6728,3814,56,2,1759
6729,3814,54,1,199
6730,3814,44,1,4769
6731,3815,92,1,219
6732,3816,93,1,849
6733,3817,105,1,4109
6734,3818,36,1,3429
6735,3819,70,1,1079
6736,3820,84,2,219
6737,3820,16,1,2829
6738,3821,69,1,659
6739,3822,22,2,13689
6740,3823,19,2,579
6741,3824,48,1,509
6742,3824,24,3,3709
6743,3824,79,1,919
6744,3824,68,1,859
6745,3825,62,2,109
6746,3826,87,2,219
6747,3826,40,2,549
6748,3826,84,2,219
6749,3827,56,1,1759
6750,3828,109,1,3939
6751,3829,110,1,3309
6752,3829,81,2,2109
6753,3830,118,1,499
6754,3830,25,1,1279
6755,3831,117,2,799
6756,3831,95,1,1949
6757,3832,57,1,1059
6758,3833,108,1,909
6759,3833,69,2,659
6760,3834,84,2,219
6761,3834,92,1,219
6762,3834,91,1,1129
6763,3834,62,1,109
6764,3835,111,1,479
6765,3835,56,3,1759
6766,3835,106,1,419
6767,3835,58,2,329
6768,3836,51,1,779
6769,3836,98,2,2369
6770,3837,25,1,1279
6771,3837,59,1,769
6772,3837,38,1,339
6773,3837,97,1,1049
6774,3838,96,1,2909
6775,3839,74,1,569
6776,3839,28,1,1269
6777,3839,22,2,13689
6778,3839,110,1,3309
6779,3840,87,2,219
6780,3841,79,1,919
6781,3842,40,1,549
6782,3843,81,1,2109
6783,3844,83,1,449
6784,3844,35,1,1069
6785,3844,24,2,3709
6786,3844,111,1,479
6787,3845,32,1,1029
6788,3845,6,1,599
6789,3846,31,1,559
6790,3847,83,1,449
6791,3847,84,1,219
6792,3847,102,2,3799
6793,3847,22,2,13689
6794,3848,15,1,4069
6795,3849,70,1,1079
6796,3850,4,1,9779
6797,3850,57,1,1059
6798,3850,86,1,249
6799,3851,98,1,2369
6800,3852,97,1,1049
6801,3853,111,1,479
6802,3854,46,2,189
6803,3855,60,1,679
6804,3856,65,1,119
6805,3857,46,1,189
6806,3858,52,1,329
6807,3859,41,1,1269
6808,3859,36,1,3429
6809,3859,3,1,6139
6810,3860,17,1,949
6811,3860,27,1,1069
6812,3860,85,1,1849
6813,3861,3,1,6139
6814,3862,26,2,4509
6815,3862,76,1,999
6816,3862,85,1,1849
6817,3862,89,1,949
6818,3863,72,1,2639
6819,3864,58,1,329
6820,3865,6,1,599
6821,3866,120,1,639
6822,3867,41,1,1269
6823,3867,18,1,10659
6824,3867,75,1,2779
6825,3868,22,1,13689
6826,3868,84,1,219
6827,3869,41,1,1269
6828,3870,94,2,889
6829,3870,85,1,1849
6830,3871,88,2,509
6831,3872,19,1,579
6832,3873,22,1,13689
6833,3873,7,2,3279
6834,3873,100,1,859
6835,3873,56,1,1759
6836,3874,47,2,2899
6837,3875,31,2,559
6838,3876,75,1,2779
6839,3876,80,2,669
6840,3877,85,1,1849
6841,3878,29,3,1079
6842,3879,4,2,9779
6843,3879,7,2,3279
6844,3880,111,1,479
6845,3880,40,3,549
6846,3880,59,1,769
6847,3881,53,1,319
6848,3881,29,2,1079
6849,3882,69,1,659
6850,3882,49,1,1609
6851,3883,23,1,11319
6852,3884,32,1,1029
6853,3884,102,1,3799
6854,3884,116,1,259
6855,3885,107,2,429
6856,3885,1,2,3829
6857,3885,51,2,779
6858,3886,101,3,3679
6859,3886,96,1,2909
6860,3886,75,1,2779
6861,3886,71,1,1049
6862,3887,91,2,1129
6863,3887,61,1,1759
6864,3888,23,1,11319
6865,3889,70,1,1079
6866,3890,4,1,9779
6867,3890,6,1,599
6868,3891,96,1,2909
6869,3892,58,1,329
6870,3892,52,1,329
6871,3893,115,1,719
6872,3893,29,2,1079
6873,3893,12,1,18439
6874,3894,32,1,1029
6875,3895,99,1,769
6876,3895,13,1,2419
6877,3895,31,1,559
6878,3896,20,1,20069
6879,3896,58,1,329
6880,3897,35,1,1069
6881,3897,20,1,20069
6882,3897,36,1,3429
6883,3898,75,3,2779
6884,3898,4,1,9779
6885,3899,92,1,219
6886,3900,9,1,11269
6887,3900,36,1,3429
6888,3901,68,2,859
6889,3902,66,1,399
6890,3903,113,1,559
6891,3903,18,2,10659
6892,3903,39,1,409
6893,3904,15,1,4069
6894,3905,53,2,319
6895,3905,96,3,2909
6896,3906,13,1,2419
6897,3906,117,1,799
6898,3906,34,1,349
6899,3907,107,1,429
6900,3907,72,2,2639
6901,3907,99,2,769
6902,3908,116,2,259
6903,3908,68,1,859
6904,3909,116,1,259
6905,3910,18,1,10659
6906,3910,68,3,859
6907,3910,2,1,1219
6908,3911,26,1,4509
6909,3912,1,3,3829
6910,3913,28,1,1269
6911,3913,36,1,3429
6912,3914,6,1,599
6913,3915,10,1,13239
6914,3916,57,1,1059
6915,3917,59,1,769
6916,3917,47,1,2899
6917,3918,32,1,1029
6918,3918,94,1,889
6919,3918,46,1,189
6920,3919,10,1,13239
6921,3919,26,1,4509
6922,3920,105,2,4109
6923,3921,77,2,259
6924,3921,115,2,719
6925,3922,39,1,409
6926,3922,7,1,3279
6927,3922,96,2,2909
6928,3923,115,1,719
6929,3923,11,1,3959
6930,3924,115,1,719
6931,3924,27,1,1069
6932,3924,54,2,199
6933,3925,99,1,769
6934,3926,109,1,3939
6935,3927,57,1,1059
6936,3927,56,2,1759
6937,3928,81,1,2109
6938,3928,115,2,719
6939,3928,62,1,109
6940,3928,71,1,1049
6941,3929,69,1,659
6942,3930,18,1,10659
6943,3931,85,1,1849
6944,3932,54,1,199
6945,3933,80,1,669
6946,3934,8,1,659
6947,3934,64,1,409
6948,3934,99,1,769
6949,3935,13,2,2419
6950,3935,55,1,1309
6951,3936,22,1,13689
6952,3937,96,3,2909
6953,3937,97,1,1049
6954,3937,65,1,119
6955,3938,85,2,1849
6956,3938,55,1,1309
6957,3939,48,3,509
6958,3940,104,1,379
6959,3940,49,1,1609
6960,3941,82,1,1249
6961,3941,78,1,2029
6962,3941,96,1,2909
6963,3942,100,1,859
6964,3942,34,2,349
6965,3943,69,1,659
6966,3944,41,1,1269
6967,3945,22,1,13689
6968,3945,108,1,909
6969,3946,30,1,299
6970,3947,28,1,1269
6971,3947,22,1,13689
6972,3948,27,2,1069
6973,3948,54,1,199
6974,3949,18,1,10659
6975,3949,88,2,509
6976,3949,24,1,3709
6977,3950,29,1,1079
6978,3950,41,1,1269
6979,3950,116,1,259
6980,3950,86,1,249
6981,3951,90,1,1329
6982,3952,72,1,2639
6983,3953,54,1,199
6984,3954,118,1,499
6985,3955,73,1,399
6986,3955,103,1,2229
6987,3955,84,1,219
6988,3956,112,1,139
6989,3956,115,1,719
6990,3957,43,1,209
6991,3957,82,1,1249
6992,3957,100,1,859
6993,3957,40,1,549
6994,3958,112,1,139
6995,3958,94,1,889
6996,3959,37,2,1449
6997,3960,101,1,3679
6998,3960,87,1,219
6999,3961,77,1,259
7000,3962,26,1,4509
7001,3963,109,1,3939
7002,3963,86,2,249
7003,3963,50,1,2799
7004,3964,1,1,3829
7005,3965,70,1,1079
7006,3965,30,1,299
7007,3966,108,1,909
7008,3967,12,1,18439
7009,3967,18,1,10659
7010,3967,9,2,11269
7011,3968,101,1,3679
7012,3969,27,1,1069
7013,3969,71,3,1049
7014,3970,6,3,599
7015,3970,8,1,659
7016,3970,60,1,679
7017,3971,114,1,879
7018,3971,118,1,499
7019,3971,54,1,199
7020,3971,107,2,429
7021,3972,3,1,6139
7022,3972,13,3,2419
7023,3972,83,2,449
7024,3973,16,1,2829
7025,3974,36,2,3429
7026,3974,4,1,9779
7027,3974,8,1,659
7028,3975,98,1,2369
7029,3976,91,1,1129
7030,3976,87,2,219
7031,3977,92,1,219
7032,3978,46,1,189
7033,3978,49,1,1609
7034,3979,76,2,999
7035,3980,95,1,1949
7036,3980,85,1,1849
7037,3980,12,1,18439
7038,3981,27,1,1069
7039,3982,13,1,2419
7040,3983,90,2,1329
7041,3984,31,1,559
7042,3985,98,2,2369
7043,3985,87,1,219
7044,3985,44,1,4769
7045,3986,74,1,569
7046,3986,46,1,189
7047,3987,42,2,1139
7048,3987,118,1,499
7049,3988,41,1,1269
7050,3989,38,1,339
7051,3990,17,1,949
7052,3991,67,1,229
7053,3991,68,1,859
7054,3992,74,1,569
7055,3992,26,1,4509
7056,3992,30,1,299
7057,3993,46,2,189
7058,3994,66,2,399
7059,3995,98,2,2369
7060,3996,56,1,1759
7061,3997,67,2,229
7062,3997,89,1,949
7063,3998,69,1,659
7064,3999,96,1,2909
7065,4000,106,1,419
7066,4001,112,1,139
7067,4002,96,1,2909
7068,4003,87,1,219
7069,4003,64,1,409
7070,4004,3,1,6139
7071,4005,63,1,339
7072,4006,80,1,669
7073,4006,54,1,199
7074,4006,34,2,349
7075,4007,67,1,229
7076,4007,37,3,1449
7077,4008,24,1,3709
7078,4008,69,1,659
7079,4009,43,1,209
7080,4010,8,1,659
7081,4011,91,1,1129
7082,4012,119,1,379
7083,4012,74,2,569
7084,4013,90,1,1329
7085,4013,49,2,1609
7086,4013,95,1,1949
7087,4014,7,1,3279
7088,4015,82,1,1249
7089,4016,82,2,1249
7090,4016,24,1,3709
7091,4017,101,2,3679
7092,4018,75,1,2779
7093,4019,44,2,4769
7094,4019,33,1,849
7095,4019,94,1,889
7096,4020,51,1,779
7097,4021,99,1,769
7098,4021,20,2,20069
7099,4022,90,1,1329
7100,4022,18,2,10659
7101,4022,34,1,349
7102,4023,94,1,889
7103,4024,26,1,4509
7104,4025,79,1,919
7105,4026,112,1,139
7106,4027,68,2,859
7107,4028,87,1,219
7108,4028,54,2,199
7109,4029,81,1,2109
7110,4030,96,1,2909
7111,4030,113,2,559
7112,4031,113,1,559
7113,4032,70,2,1079
7114,4032,115,3,719
7115,4033,101,2,3679
7116,4033,92,1,219
7117,4034,83,1,449
7118,4035,8,1,659
7119,4036,80,1,669
7120,4037,66,1,399
7121,4037,53,1,319
7122,4038,26,1,4509
7123,4039,9,1,11269
7124,4039,45,1,1869
7125,4040,65,2,119
7126,4040,102,1,3799
7127,4041,42,1,1139
7128,4041,58,1,329
7129,4041,14,1,1959
7130,4041,67,2,229
7131,4042,108,1,909
7132,4042,64,1,409
7133,4043,32,1,1029
7134,4044,96,2,2909
7135,4044,6,1,599
7136,4045,53,1,319
7137,4046,12,1,18439
7138,4047,109,2,3939
7139,4047,99,1,769
7140,4047,88,2,509
7141,4048,37,2,1449
7142,4049,11,1,3959
7143,4050,71,1,1049
7144,4050,77,2,259
7145,4051,35,1,1069
7146,4051,54,1,199
7147,4051,41,1,1269
7148,4052,44,1,4769
7149,4052,96,1,2909
7150,4053,81,2,2109
7151,4054,30,1,299
7152,4055,13,1,2419
7153,4055,34,1,349
7154,4056,41,1,1269
7155,4056,27,1,1069
7156,4057,69,1,659
7157,4058,104,2,379
7158,4058,116,1,259
7159,4059,64,1,409
7160,4059,111,2,479
7161,4060,61,1,1759
7162,4061,85,1,1849
7163,4062,49,1,1609
7164,4063,34,1,349
7165,4064,98,2,2369
7166,4064,21,1,1179
7167,4065,38,1,339
7168,4065,101,2,3679
7169,4065,91,1,1129
7170,4066,79,1,919
7171,4067,71,1,1049
7172,4068,103,1,2229
7173,4068,117,1,799
7174,4069,4,1,9779
7175,4070,43,1,209
7176,4070,37,2,1449
7177,4071,29,1,1079
7178,4072,16,2,2829
7179,4072,36,1,3429
7180,4073,108,3,909
7181,4073,58,2,329
7182,4073,54,1,199
7183,4074,76,1,999
7184,4075,23,1,11319
7185,4076,49,1,1609
7186,4076,61,1,1759
7187,4077,53,1,319
7188,4077,119,1,379
7189,4078,25,2,1279
7190,4079,9,1,11269
7191,4080,82,1,1249
7192,4080,44,1,4769
7193,4081,35,1,1069
7194,4081,80,1,669
7195,4082,1,1,3829
7196,4082,32,3,1029
7197,4083,26,2,4509
7198,4084,108,1,909
7199,4084,26,1,4509
7200,4084,6,1,599
7201,4084,42,2,1139
7202,4085,12,1,18439
7203,4085,94,1,889
7204,4085,42,2,1139
7205,4086,54,1,199
7206,4087,74,1,569
7207,4088,31,2,559
7208,4088,64,1,409
7209,4089,9,3,11269
7210,4090,22,1,13689
7211,4091,57,2,1059
7212,4092,43,1,209
7213,4092,64,2,409
7214,4092,11,3,3959
7215,4093,16,1,2829
7216,4094,94,1,889
7217,4095,102,1,3799
7218,4096,66,2,399
7219,4096,1,1,3829
7220,4096,98,1,2369
7221,4097,70,1,1079
7222,4098,67,1,229
7223,4098,97,2,1049
7224,4098,71,2,1049
7225,4099,4,1,9779
7226,4099,76,1,999
7227,4100,42,1,1139
7228,4101,47,1,2899
7229,4101,89,1,949
7230,4101,57,1,1059
7231,4101,62,1,109
7232,4102,63,1,339
7233,4103,28,1,1269
7234,4104,79,3,919
7235,4105,77,1,259
7236,4105,88,2,509
7237,4106,63,2,339
7238,4107,12,1,18439
7239,4108,67,2,229
7240,4109,111,1,479
7241,4110,6,1,599
7242,4111,6,1,599
7243,4112,5,1,16419
7244,4112,112,1,139
7245,4113,50,1,2799
7246,4113,13,1,2419
7247,4113,65,1,119
7248,4114,67,1,229
7249,4114,98,1,2369
7250,4115,58,2,329
7251,4115,25,1,1279
7252,4115,70,1,1079
7253,4115,88,2,509
7254,4116,36,1,3429
7255,4116,15,1,4069
7256,4117,27,1,1069
7257,4118,16,2,2829
7258,4118,71,2,1049
7259,4119,15,1,4069
7260,4120,72,2,2639
7261,4120,112,1,139
7262,4121,91,1,1129
7263,4122,26,1,4509
7264,4123,10,1,13239
7265,4124,46,2,189
7266,4125,78,3,2029
7267,4125,65,2,119
7268,4126,104,1,379
7269,4127,94,1,889
7270,4127,119,1,379
7271,4127,41,1,1269
7272,4128,30,1,299
7273,4129,48,1,509
7274,4129,43,1,209
7275,4130,99,1,769
7276,4130,9,1,11269
7277,4131,79,1,919
7278,4132,104,2,379
7279,4133,40,3,549
7280,4134,13,1,2419
7281,4135,118,2,499
7282,4135,81,1,2109
7283,4135,2,1,1219
7284,4135,98,1,2369
7285,4136,20,1,20069
7286,4137,57,1,1059
7287,4137,109,2,3939
7288,4138,108,1,909
7289,4139,110,1,3309
7290,4140,17,2,949
7291,4140,79,1,919
7292,4140,112,2,139
7293,4141,80,2,669
7294,4141,87,1,219
7295,4142,115,1,719
7296,4143,6,1,599
7297,4144,67,1,229
7298,4145,7,1,3279
7299,4145,44,1,4769
7300,4146,88,1,509
7301,4147,14,2,1959
7302,4147,104,1,379
7303,4148,12,1,18439
7304,4149,106,2,419
7305,4149,97,2,1049
7306,4150,112,3,139
7307,4150,61,1,1759
7308,4150,80,1,669
7309,4150,43,1,209
7310,4151,35,1,1069
7311,4151,75,1,2779
7312,4152,52,2,329
7313,4153,22,1,13689
7314,4154,35,1,1069
7315,4155,3,1,6139
7316,4155,18,1,10659
7317,4155,108,1,909
7318,4155,52,1,329
7319,4156,32,3,1029
7320,4156,13,1,2419
7321,4156,30,1,299
7322,4157,55,1,1309
7323,4158,99,1,769
7324,4158,51,3,779
7325,4158,45,1,1869
7326,4159,88,1,509
7327,4160,89,1,949
7328,4160,56,3,1759
7329,4160,9,3,11269
7330,4161,35,1,1069
7331,4161,28,2,1269
7332,4162,18,1,10659
7333,4163,114,1,879
7334,4164,17,1,949
7335,4164,54,1,199
7336,4164,2,2,1219
7337,4165,119,1,379
7338,4165,81,1,2109
7339,4166,73,1,399
7340,4167,25,1,1279
7341,4167,97,1,1049
7342,4167,92,1,219
7343,4168,88,1,509
7344,4169,49,1,1609
7345,4169,120,1,639
7346,4169,82,1,1249
7347,4170,43,1,209
7348,4170,64,2,409
7349,4171,27,1,1069
7350,4171,95,2,1949
7351,4171,8,1,659
7352,4172,61,1,1759
7353,4173,18,1,10659
7354,4174,5,1,16419
7355,4174,114,1,879
7356,4174,52,2,329
7357,4175,99,2,769
7358,4175,89,1,949
7359,4175,98,1,2369
7360,4176,114,1,879
7361,4176,103,2,2229
7362,4177,3,1,6139
7363,4178,19,2,579
7364,4179,104,1,379
7365,4179,45,1,1869
7366,4180,2,1,1219
7367,4181,65,1,119
7368,4182,43,1,209
7369,4183,63,1,339
7370,4183,100,1,859
7371,4184,63,1,339
7372,4185,34,1,349
7373,4186,49,2,1609
7374,4187,59,1,769
7375,4188,111,1,479
7376,4189,53,1,319
7377,4189,48,1,509
7378,4190,20,1,20069
7379,4190,96,1,2909
7380,4191,41,1,1269
7381,4192,106,1,419
7382,4193,64,1,409
7383,4193,48,1,509
7384,4194,111,1,479
7385,4194,18,2,10659
7386,4194,117,1,799
7387,4195,74,1,569
7388,4195,118,3,499
7389,4196,44,1,4769
7390,4196,20,1,20069
7391,4196,38,2,339
7392,4197,23,1,11319
7393,4198,52,1,329
7394,4198,21,2,1179
7395,4199,92,2,219
7396,4199,88,1,509
7397,4199,15,1,4069
7398,4200,41,1,1269
7399,4201,31,3,559
7400,4201,104,1,379
7401,4202,17,1,949
7402,4203,24,1,3709
7403,4203,93,3,849
7404,4203,79,1,919
7405,4204,102,3,3799
7406,4204,1,1,3829
7407,4204,27,2,1069
7408,4205,66,1,399
7409,4206,81,2,2109
7410,4206,41,1,1269
7411,4206,101,1,3679
7412,4207,108,1,909
7413,4208,23,1,11319
7414,4208,88,1,509
7415,4208,37,1,1449
7416,4208,91,1,1129
7417,4209,73,1,399
7418,4209,13,1,2419
7419,4210,76,1,999
7420,4210,86,1,249
7421,4210,10,1,13239
7422,4211,11,1,3959
7423,4212,48,1,509
7424,4212,102,1,3799
7425,4213,64,2,409
7426,4213,104,2,379
7427,4214,90,1,1329
7428,4214,60,2,679
7429,4214,48,1,509
7430,4215,118,1,499
7431,4215,48,2,509
7432,4216,3,1,6139
7433,4216,29,2,1079
7434,4217,22,3,13689
7435,4217,55,1,1309
7436,4217,50,1,2799
7437,4218,24,1,3709
7438,4218,61,1,1759
7439,4219,109,1,3939
7440,4219,11,1,3959
7441,4219,68,1,859
7442,4219,57,1,1059
7443,4220,44,1,4769
7444,4220,14,2,1959
7445,4221,43,1,209
7446,4221,48,1,509
7447,4222,30,3,299
7448,4223,37,2,1449
7449,4224,64,1,409
7450,4224,113,1,559
7451,4224,75,1,2779
7452,4224,77,1,259
7453,4225,13,1,2419
7454,4226,99,1,769
7455,4227,45,1,1869
7456,4227,112,1,139
7457,4228,15,1,4069
7458,4229,86,1,249
7459,4229,107,1,429
7460,4230,90,1,1329
7461,4231,13,1,2419
7462,4232,52,1,329
7463,4232,69,1,659
7464,4233,89,1,949
7465,4233,82,1,1249
7466,4233,46,1,189
7467,4234,94,2,889
7468,4234,115,1,719
7469,4234,29,3,1079
7470,4234,5,1,16419
7471,4235,35,3,1069
7472,4235,90,1,1329
7473,4236,42,1,1139
7474,4236,51,2,779
7475,4237,43,2,209
7476,4237,37,1,1449
7477,4238,20,1,20069
7478,4239,46,1,189
7479,4240,33,1,849
7480,4241,44,1,4769
7481,4242,108,1,909
7482,4243,120,1,639
7483,4244,10,1,13239
7484,4244,7,1,3279
7485,4244,84,1,219
7486,4245,110,1,3309
7487,4245,84,1,219
7488,4245,51,1,779
7489,4246,43,1,209
7490,4247,34,1,349
7491,4248,113,1,559
7492,4248,66,2,399
7493,4249,90,1,1329
7494,4249,37,1,1449
7495,4250,83,1,449
7496,4251,57,1,1059
7497,4252,12,1,18439
7498,4253,2,1,1219
7499,4253,24,1,3709
7500,4253,106,1,419
7501,4254,66,1,399
7502,4254,3,1,6139
7503,4254,5,1,16419
7504,4255,67,1,229
7505,4256,10,1,13239
7506,4256,39,1,409
7507,4257,68,1,859
7508,4258,2,1,1219
7509,4259,101,1,3679
7510,4259,3,1,6139
7511,4260,43,1,209
7512,4260,73,1,399
7513,4260,55,1,1309
7514,4260,57,1,1059
7515,4261,11,1,3959
7516,4261,43,1,209
7517,4261,70,1,1079
7518,4262,46,1,189
7519,4263,99,1,769
7520,4264,68,1,859
7521,4264,4,1,9779
7522,4265,32,1,1029
7523,4266,98,1,2369
7524,4266,66,1,399
7525,4267,53,1,319
7526,4268,99,1,769
7527,4269,64,1,409
7528,4270,11,1,3959
7529,4271,46,2,189
7530,4272,9,1,11269
7531,4272,59,1,769
7532,4273,85,1,1849
7533,4274,69,1,659
7534,4275,90,2,1329
7535,4276,69,2,659
7536,4276,46,1,189
7537,4276,89,1,949
7538,4276,101,3,3679
7539,4277,92,1,219
7540,4278,4,2,9779
7541,4279,8,2,659
7542,4280,85,1,1849
7543,4281,44,3,4769
7544,4282,51,3,779
7545,4283,20,1,20069
7546,4284,38,2,339
7547,4285,98,2,2369
7548,4286,23,1,11319
7549,4286,14,1,1959
7550,4287,52,1,329
7551,4288,34,1,349
7552,4289,66,1,399
7553,4289,112,1,139
7554,4289,60,1,679
7555,4290,107,1,429
7556,4290,85,2,1849
7557,4290,65,1,119
7558,4291,47,1,2899
7559,4292,47,1,2899
7560,4293,6,1,599
7561,4293,30,1,299
7562,4293,104,1,379
7563,4293,105,1,4109
7564,4294,89,1,949
7565,4295,38,1,339
7566,4295,33,1,849
7567,4296,105,1,4109
7568,4296,80,1,669
7569,4297,105,1,4109
7570,4297,84,2,219
7571,4298,25,1,1279
7572,4298,32,1,1029
7573,4299,55,1,1309
7574,4299,43,1,209
7575,4300,29,1,1079
7576,4300,100,1,859
7577,4300,26,2,4509
7578,4301,30,2,299
7579,4302,25,3,1279
7580,4302,95,2,1949
7581,4303,55,2,1309
7582,4304,20,3,20069
7583,4305,84,1,219
7584,4306,45,3,1869
7585,4306,113,2,559
7586,4307,105,1,4109
7587,4308,21,1,1179
7588,4308,47,1,2899
7589,4308,34,1,349
7590,4308,18,3,10659
7591,4309,14,1,1959
7592,4310,3,1,6139
7593,4310,28,1,1269
7594,4310,48,1,509
7595,4311,21,1,1179
7596,4312,36,1,3429
7597,4313,57,2,1059
7598,4313,43,3,209
7599,4313,102,1,3799
7600,4314,81,1,2109
7601,4314,76,1,999
7602,4315,44,1,4769
7603,4315,45,1,1869
7604,4315,94,1,889
7605,4316,88,1,509
7606,4316,68,1,859
7607,4317,103,2,2229
7608,4317,10,1,13239
7609,4317,109,1,3939
7610,4318,50,1,2799
7611,4319,108,1,909
7612,4320,39,1,409
7613,4321,12,1,18439
7614,4321,86,1,249
7615,4322,83,1,449
7616,4322,55,2,1309
7617,4322,41,1,1269
7618,4323,109,1,3939
7619,4323,2,1,1219
7620,4324,96,2,2909
7621,4324,110,2,3309
7622,4324,93,1,849
7623,4324,64,2,409
7624,4325,43,1,209
7625,4325,98,1,2369
7626,4326,60,1,679
7627,4326,8,1,659
7628,4326,4,1,9779
7629,4327,6,2,599
7630,4327,1,2,3829
7631,4327,65,1,119
7632,4328,95,1,1949
7633,4328,34,2,349
7634,4328,9,2,11269
7635,4329,55,2,1309
7636,4330,81,1,2109
7637,4331,99,2,769
7638,4332,110,1,3309
7639,4332,71,2,1049
7640,4333,107,1,429
7641,4333,72,2,2639
7642,4333,36,1,3429
7643,4334,50,1,2799
7644,4334,46,1,189
7645,4335,98,2,2369
7646,4336,46,2,189
7647,4337,41,2,1269
7648,4338,8,1,659
7649,4339,21,2,1179
7650,4339,64,1,409
7651,4340,119,1,379
7652,4340,21,1,1179
7653,4340,74,3,569
7654,4341,101,1,3679
7655,4342,17,1,949
7656,4342,84,3,219
7657,4343,99,1,769
7658,4344,6,3,599
7659,4344,73,1,399
7660,4344,90,1,1329
7661,4345,83,1,449
7662,4345,115,1,719
7663,4345,16,1,2829
7664,4346,34,1,349
7665,4346,103,1,2229
7666,4346,7,3,3279
7667,4347,28,3,1269
7668,4347,56,2,1759
7669,4348,86,1,249
7670,4348,108,2,909
7671,4349,7,1,3279
7672,4349,89,2,949
7673,4349,88,1,509
7674,4350,69,1,659
7675,4350,62,2,109
7676,4351,64,1,409
7677,4351,57,1,1059
7678,4351,15,1,4069
7679,4352,7,1,3279
7680,4352,116,1,259
7681,4352,19,1,579
7682,4353,79,1,919
7683,4354,75,2,2779
7684,4354,50,1,2799
7685,4354,14,1,1959
7686,4355,46,2,189
7687,4355,32,2,1029
7688,4356,87,2,219
7689,4356,3,1,6139
7690,4356,114,1,879
7691,4356,75,1,2779
7692,4357,81,1,2109
7693,4358,108,1,909
7694,4358,18,2,10659
7695,4359,21,2,1179
7696,4359,17,1,949
7697,4359,104,1,379
7698,4360,88,1,509
7699,4360,54,1,199
7700,4360,12,1,18439
7701,4360,87,2,219
7702,4361,83,2,449
7703,4361,1,1,3829
7704,4362,46,1,189
7705,4362,55,2,1309
7706,4363,88,1,509
7707,4363,85,1,1849
7708,4363,21,1,1179
7709,4364,43,1,209
7710,4365,67,1,229
7711,4365,100,1,859
7712,4365,51,2,779
7713,4365,53,2,319
7714,4366,119,1,379
7715,4367,25,1,1279
7716,4368,39,1,409
7717,4368,104,1,379
7718,4368,60,1,679
7719,4369,113,1,559
7720,4370,82,1,1249
7721,4370,5,1,16419
7722,4371,26,2,4509
7723,4372,25,1,1279
7724,4373,22,2,13689
7725,4374,77,1,259
7726,4374,33,3,849
7727,4375,86,1,249
7728,4376,90,1,1329
7729,4377,74,1,569
7730,4377,28,1,1269
7731,4377,86,1,249
7732,4377,82,2,1249
7733,4378,10,1,13239
7734,4379,39,2,409
7735,4380,29,1,1079
7736,4381,62,1,109
7737,4381,114,2,879
7738,4382,48,1,509
7739,4383,3,2,6139
7740,4384,25,2,1279
7741,4385,2,3,1219
7742,4386,44,1,4769
7743,4387,4,1,9779
7744,4388,1,1,3829
7745,4388,99,1,769
7746,4388,32,1,1029
7747,4388,80,1,669
7748,4389,1,1,3829
7749,4389,89,2,949
7750,4389,2,1,1219
7751,4390,65,1,119
7752,4391,67,1,229
7753,4392,120,1,639
7754,4392,31,2,559
7755,4392,28,1,1269
7756,4393,61,1,1759
7757,4393,19,1,579
7758,4394,67,1,229
7759,4394,116,2,259
7760,4394,96,2,2909
7761,4395,53,1,319
7762,4396,58,1,329
7763,4397,34,1,349
7764,4398,9,1,11269
7765,4398,71,1,1049
7766,4399,31,1,559
7767,4399,65,2,119
7768,4400,69,2,659
7769,4400,110,1,3309
7770,4401,118,1,499
7771,4402,24,1,3709
7772,4402,31,1,559
7773,4403,57,1,1059
7774,4404,13,1,2419
7775,4404,110,1,3309
7776,4405,25,2,1279
7777,4405,67,1,229
7778,4406,79,1,919
7779,4406,111,1,479
7780,4407,56,1,1759
7781,4408,53,2,319
7782,4409,60,1,679
7783,4410,10,3,13239
7784,4411,59,2,769
7785,4412,114,1,879
7786,4412,41,2,1269
7787,4413,93,1,849
7788,4413,86,1,249
7789,4414,102,2,3799
7790,4415,104,1,379
7791,4416,69,1,659
7792,4417,45,1,1869
7793,4417,24,1,3709
7794,4417,83,1,449
7795,4418,90,1,1329
7796,4419,119,1,379
7797,4420,36,1,3429
7798,4421,62,1,109
7799,4422,55,2,1309
7800,4423,119,2,379
7801,4424,57,1,1059
7802,4424,29,1,1079
7803,4424,38,2,339
7804,4425,55,1,1309
7805,4425,82,1,1249
7806,4426,56,1,1759
7807,4427,7,1,3279
7808,4428,46,1,189
7809,4428,71,1,1049
7810,4429,40,1,549
7811,4430,47,2,2899
7812,4431,38,1,339
7813,4432,8,1,659
7814,4433,33,1,849
7815,4434,29,1,1079
7816,4434,71,2,1049
7817,4435,2,1,1219
7818,4435,100,1,859
7819,4435,8,1,659
7820,4436,34,1,349
7821,4436,79,1,919
7822,4437,18,1,10659
7823,4437,117,2,799
7824,4437,50,2,2799
7825,4438,20,1,20069
7826,4439,31,1,559
7827,4439,3,3,6139
7828,4440,112,1,139
7829,4441,41,1,1269
7830,4441,50,1,2799
7831,4441,110,1,3309
7832,4442,2,1,1219
7833,4442,10,1,13239
7834,4443,12,1,18439
7835,4443,30,1,299
7836,4444,1,1,3829
7837,4445,84,2,219
7838,4445,114,1,879
7839,4445,108,1,909
7840,4446,96,2,2909
7841,4446,112,1,139
7842,4447,119,2,379
7843,4447,81,1,2109
7844,4447,54,2,199
7845,4448,101,1,3679
7846,4448,95,1,1949
7847,4448,77,1,259
7848,4448,39,1,409
7849,4449,29,2,1079
7850,4450,40,1,549
7851,4451,17,3,949
7852,4452,33,2,849
7853,4452,101,1,3679
7854,4452,8,1,659
7855,4452,99,1,769
7856,4453,53,2,319
7857,4453,40,2,549
7858,4454,82,1,1249
7859,4455,106,2,419
7860,4455,58,1,329
7861,4456,7,1,3279
7862,4457,86,1,249
7863,4457,44,1,4769
7864,4457,119,1,379
7865,4458,75,1,2779
7866,4458,87,2,219
7867,4458,23,1,11319
7868,4459,59,2,769
7869,4460,120,1,639
7870,4461,69,1,659
7871,4462,111,1,479
7872,4462,11,2,3959
7873,4462,59,1,769
7874,4462,41,1,1269
7875,4463,85,2,1849
7876,4464,94,1,889
7877,4465,118,1,499
7878,4465,97,1,1049
7879,4466,63,1,339
7880,4466,61,1,1759
7881,4467,63,3,339
7882,4467,101,2,3679
7883,4468,5,1,16419
7884,4468,88,1,509
7885,4468,13,3,2419
7886,4469,77,1,259
7887,4470,24,1,3709
7888,4470,13,1,2419
7889,4470,95,1,1949
7890,4471,43,1,209
7891,4471,44,1,4769
7892,4472,63,1,339
7893,4473,8,1,659
7894,4473,77,1,259
7895,4473,69,1,659
7896,4474,9,1,11269
7897,4475,48,1,509
7898,4476,53,1,319
7899,4476,119,1,379
7900,4477,50,2,2799
7901,4478,34,1,349
7902,4478,104,1,379
7903,4479,51,2,779
7904,4480,50,1,2799
7905,4480,79,1,919
7906,4481,95,2,1949
7907,4481,14,1,1959
7908,4482,22,1,13689
7909,4483,75,1,2779
7910,4484,47,1,2899
7911,4484,54,1,199
7912,4485,54,1,199
7913,4485,100,3,859
7914,4485,33,1,849
7915,4486,85,1,1849
7916,4487,59,1,769
7917,4488,118,2,499
7918,4489,53,2,319
7919,4490,88,2,509
7920,4491,18,1,10659
7921,4492,17,1,949
7922,4492,55,2,1309
7923,4492,23,1,11319
7924,4493,10,1,13239
7925,4493,101,1,3679
7926,4494,43,1,209
7927,4495,81,1,2109
7928,4496,38,1,339
7929,4496,15,3,4069
7930,4497,62,1,109
7931,4497,48,3,509
7932,4497,7,2,3279
7933,4498,10,2,13239
7934,4498,9,1,11269
7935,4498,117,1,799
7936,4499,36,1,3429
7937,4499,40,1,549
7938,4499,30,1,299
7939,4500,29,1,1079
7940,4500,102,1,3799
7941,4501,120,1,639
7942,4501,23,1,11319
7943,4501,43,2,209
7944,4502,30,1,299
7945,4503,108,2,909
7946,4504,80,1,669
7947,4505,41,2,1269
7948,4506,30,1,299
7949,4507,95,3,1949
7950,4507,35,1,1069
7951,4508,78,1,2029
7952,4508,62,1,109
7953,4509,109,2,3939
7954,4509,27,2,1069
7955,4509,77,1,259
7956,4510,91,1,1129
7957,4510,94,1,889
7958,4511,2,1,1219
7959,4512,66,1,399
7960,4513,116,2,259
7961,4514,4,2,9779
7962,4515,75,1,2779
7963,4515,83,1,449
7964,4515,93,1,849
7965,4516,71,1,1049
7966,4516,115,1,719
7967,4516,58,1,329
7968,4516,49,1,1609
7969,4517,81,1,2109
7970,4518,104,1,379
7971,4519,68,3,859
7972,4519,96,1,2909
7973,4520,59,2,769
7974,4520,37,2,1449
7975,4521,59,1,769
7976,4521,21,1,1179
7977,4521,64,1,409
7978,4522,82,1,1249
7979,4522,98,2,2369
7980,4523,74,1,569
7981,4523,77,3,259
7982,4524,59,2,769
7983,4524,27,1,1069
7984,4524,88,3,509
7985,4525,44,3,4769
7986,4525,93,1,849
7987,4526,30,1,299
7988,4527,75,1,2779
7989,4528,27,1,1069
7990,4528,118,2,499
7991,4529,107,2,429
7992,4529,110,1,3309
7993,4530,10,2,13239
7994,4530,51,2,779
7995,4531,117,3,799
7996,4531,57,2,1059
7997,4532,117,1,799
7998,4533,18,2,10659
7999,4533,105,2,4109
8000,4534,78,2,2029
8001,4534,37,3,1449
8002,4535,32,2,1029
8003,4536,44,1,4769
8004,4537,13,1,2419
8005,4537,119,1,379
8006,4538,43,1,209
8007,4538,25,1,1279
8008,4539,109,1,3939
8009,4540,20,1,20069
8010,4541,49,1,1609
8011,4542,32,1,1029
8012,4542,102,1,3799
8013,4542,91,1,1129
8014,4543,87,1,219
8015,4543,50,1,2799
8016,4544,8,1,659
8017,4544,36,1,3429
8018,4545,81,1,2109
8019,4546,94,2,889
8020,4547,27,1,1069
8021,4547,118,3,499
8022,4548,84,1,219
8023,4549,30,1,299
8024,4549,14,2,1959
8025,4550,108,3,909
8026,4550,109,1,3939
8027,4550,55,2,1309
8028,4550,116,1,259
8029,4551,16,1,2829
8030,4552,44,1,4769
8031,4553,66,1,399
8032,4553,108,1,909
8033,4554,41,1,1269
8034,4554,63,1,339
8035,4555,102,1,3799
8036,4556,61,1,1759
8037,4557,56,3,1759
8038,4557,15,3,4069
8039,4558,15,1,4069
8040,4559,46,3,189
8041,4560,61,1,1759
8042,4560,85,1,1849
8043,4561,113,3,559
8044,4562,98,1,2369
8045,4562,62,1,109
8046,4563,74,1,569
8047,4564,81,1,2109
8048,4565,48,1,509
8049,4565,67,1,229
8050,4566,110,1,3309
8051,4566,114,1,879
8052,4566,112,1,139
8053,4566,65,1,119
8054,4567,92,2,219
8055,4568,69,2,659
8056,4569,33,1,849
8057,4569,27,1,1069
8058,4569,26,1,4509
8059,4569,89,1,949
8060,4570,16,1,2829
8061,4570,110,1,3309
8062,4570,69,1,659
8063,4571,55,1,1309
8064,4572,46,1,189
8065,4573,7,1,3279
8066,4573,26,2,4509
8067,4573,95,1,1949
8068,4573,39,1,409
8069,4574,59,2,769
8070,4575,45,1,1869
8071,4576,16,2,2829
8072,4576,90,2,1329
8073,4577,50,1,2799
8074,4577,88,1,509
8075,4577,114,1,879
8076,4578,15,1,4069
8077,4578,48,1,509
8078,4579,10,1,13239
8079,4580,41,1,1269
8080,4580,3,1,6139
8081,4580,57,1,1059
8082,4581,120,3,639
8083,4581,104,1,379
8084,4582,24,3,3709
8085,4582,113,1,559
8086,4583,115,1,719
8087,4583,22,2,13689
8088,4583,49,2,1609
8089,4584,108,1,909
8090,4584,84,2,219
8091,4585,82,1,1249
8092,4586,82,1,1249
8093,4587,43,1,209
8094,4587,111,1,479
8095,4588,105,1,4109
8096,4589,27,1,1069
8097,4590,13,1,2419
8098,4590,44,1,4769
8099,4590,73,1,399
8100,4591,33,1,849
8101,4592,2,1,1219
8102,4593,104,1,379
8103,4593,19,1,579
8104,4594,36,1,3429
8105,4595,80,1,669
8106,4595,89,1,949
8107,4595,112,1,139
8108,4595,34,1,349
8109,4596,42,2,1139
8110,4597,117,1,799
8111,4598,76,2,999
8112,4598,69,2,659
8113,4598,51,1,779
8114,4599,68,1,859
8115,4599,76,2,999
8116,4600,24,1,3709
8117,4600,57,2,1059
8118,4600,118,1,499
8119,4601,79,1,919
8120,4602,95,2,1949
8121,4603,32,1,1029
8122,4603,96,1,2909
8123,4603,10,2,13239
8124,4604,23,2,11319
8125,4605,103,1,2229
8126,4606,15,1,4069
8127,4607,54,1,199
8128,4608,54,1,199
8129,4609,93,1,849
8130,4610,32,1,1029
8131,4611,86,1,249
8132,4612,24,1,3709
8133,4613,16,1,2829
8134,4614,66,1,399
8135,4615,64,1,409
8136,4616,10,1,13239
8137,4617,96,3,2909
8138,4618,48,2,509
8139,4618,85,1,1849
8140,4618,7,2,3279
8141,4618,56,1,1759
8142,4619,73,1,399
8143,4619,19,1,579
8144,4619,46,1,189
8145,4619,8,2,659
8146,4620,74,2,569
8147,4620,111,1,479
8148,4621,44,1,4769
8149,4622,65,1,119
8150,4622,120,2,639
8151,4622,110,1,3309
8152,4623,49,1,1609
8153,4624,96,1,2909
8154,4625,66,2,399
8155,4625,77,1,259
8156,4626,98,1,2369
8157,4626,96,1,2909
8158,4627,110,1,3309
8159,4627,67,1,229
8160,4628,87,1,219
8161,4629,25,1,1279
8162,4629,39,1,409
8163,4629,45,1,1869
8164,4630,67,2,229
8165,4630,75,1,2779
8166,4631,112,1,139
8167,4631,51,1,779
8168,4632,109,1,3939
8169,4632,85,1,1849
8170,4632,9,1,11269
8171,4632,30,1,299
8172,4633,71,1,1049
8173,4634,23,1,11319
8174,4634,9,1,11269
8175,4635,56,3,1759
8176,4636,65,2,119
8177,4637,29,1,1079
8178,4638,78,1,2029
8179,4638,72,1,2639
8180,4639,25,1,1279
8181,4639,8,1,659
8182,4640,39,1,409
8183,4640,85,1,1849
8184,4640,6,2,599
8185,4641,109,1,3939
8186,4641,13,1,2419
8187,4642,83,1,449
8188,4643,43,1,209
8189,4644,89,1,949
8190,4644,87,1,219
8191,4644,24,1,3709
8192,4644,99,2,769
8193,4645,108,1,909
8194,4646,105,1,4109
8195,4647,58,1,329
8196,4648,15,1,4069
8197,4648,78,1,2029
8198,4648,21,3,1179
8199,4649,95,1,1949
8200,4650,120,1,639
8201,4651,118,1,499
8202,4652,29,1,1079
8203,4653,38,1,339
8204,4653,114,1,879
8205,4654,44,1,4769
8206,4654,51,1,779
8207,4654,56,1,1759
8208,4655,120,1,639
8209,4656,103,1,2229
8210,4657,117,1,799
8211,4657,95,1,1949
8212,4658,103,1,2229
8213,4659,113,1,559
8214,4660,41,2,1269
8215,4661,113,1,559
8216,4662,98,1,2369
8217,4663,104,1,379
8218,4663,34,1,349
8219,4663,48,2,509
8220,4664,7,3,3279
8221,4665,74,2,569
8222,4665,35,1,1069
8223,4665,46,1,189
8224,4666,55,1,1309
8225,4667,43,2,209
8226,4668,114,2,879
8227,4668,91,1,1129
8228,4669,45,1,1869
8229,4669,24,1,3709
8230,4670,117,1,799
8231,4670,17,1,949
8232,4670,110,2,3309
8233,4671,91,1,1129
8234,4672,6,1,599
8235,4672,37,1,1449
8236,4672,14,1,1959
8237,4673,116,2,259
8238,4673,51,1,779
8239,4674,83,1,449
8240,4675,84,1,219
8241,4676,18,1,10659
8242,4677,98,2,2369
8243,4678,10,1,13239
8244,4679,96,1,2909
8245,4679,94,1,889
8246,4680,31,3,559
8247,4680,89,3,949
8248,4680,96,1,2909
8249,4680,108,2,909
8250,4681,67,1,229
8251,4681,114,1,879
8252,4682,116,1,259
8253,4682,34,1,349
8254,4683,49,1,1609
8255,4684,25,1,1279
8256,4684,58,2,329
8257,4684,82,1,1249
8258,4685,100,1,859
8259,4686,5,2,16419
8260,4687,13,1,2419
8261,4688,108,1,909
8262,4688,15,1,4069
8263,4688,107,1,429
8264,4689,45,1,1869
8265,4689,53,2,319
8266,4690,31,1,559
8267,4690,99,1,769
8268,4690,52,1,329
8269,4691,103,1,2229
8270,4692,105,1,4109
8271,4693,6,1,599
8272,4693,18,1,10659
8273,4693,104,2,379
8274,4694,26,1,4509
8275,4694,70,1,1079
8276,4695,31,1,559
8277,4696,113,3,559
8278,4696,13,2,2419
8279,4696,59,1,769
8280,4697,79,1,919
8281,4697,95,1,1949
8282,4698,120,1,639
8283,4698,94,1,889
8284,4699,49,1,1609
8285,4699,6,1,599
8286,4700,97,1,1049
8287,4700,1,1,3829
8288,4700,115,1,719
8289,4701,48,1,509
8290,4701,32,2,1029
8291,4702,10,1,13239
8292,4702,44,1,4769
8293,4702,100,1,859
8294,4702,43,2,209
8295,4703,107,2,429
8296,4703,22,1,13689
8297,4704,100,2,859
8298,4704,36,1,3429
8299,4705,92,1,219
8300,4706,117,1,799
8301,4707,98,1,2369
8302,4707,85,1,1849
8303,4708,79,2,919
8304,4709,8,2,659
8305,4710,48,1,509
8306,4710,9,1,11269
8307,4710,11,3,3959
8308,4711,59,2,769
8309,4712,93,1,849
8310,4713,106,2,419
8311,4713,50,2,2799
8312,4714,79,1,919
8313,4715,25,1,1279
8314,4715,21,2,1179
8315,4716,101,2,3679
8316,4717,28,1,1269
8317,4717,10,1,13239
8318,4718,99,1,769
8319,4719,96,1,2909
8320,4719,55,1,1309
8321,4719,84,2,219
8322,4720,52,1,329
8323,4721,79,1,919
8324,4721,26,1,4509
8325,4722,27,1,1069
8326,4723,78,1,2029
8327,4724,35,2,1069
8328,4725,3,1,6139
8329,4726,16,1,2829
8330,4727,111,1,479
8331,4727,73,1,399
8332,4727,5,1,16419
8333,4728,83,1,449
8334,4728,72,2,2639
8335,4729,116,1,259
8336,4729,113,2,559
8337,4729,72,3,2639
8338,4730,25,2,1279
8339,4730,73,2,399
8340,4731,87,2,219
8341,4732,63,2,339
8342,4733,57,1,1059
8343,4734,4,2,9779
8344,4734,20,1,20069
8345,4735,37,1,1449
8346,4735,91,1,1129
8347,4735,87,1,219
8348,4736,48,1,509
8349,4736,31,2,559
8350,4736,62,1,109
8351,4737,53,1,319
8352,4738,26,2,4509
8353,4738,49,2,1609
8354,4739,61,1,1759
8355,4739,3,1,6139
8356,4740,105,1,4109
8357,4741,47,2,2899
8358,4742,34,1,349
8359,4743,32,1,1029
8360,4744,79,1,919
8361,4745,92,2,219
8362,4746,32,1,1029
8363,4746,100,1,859
8364,4747,59,1,769
8365,4748,10,2,13239
8366,4748,104,2,379
8367,4748,34,1,349
8368,4748,75,1,2779
8369,4749,43,1,209
8370,4749,33,1,849
8371,4750,4,2,9779
8372,4750,77,1,259
8373,4750,34,1,349
8374,4750,40,1,549
8375,4751,17,1,949
8376,4752,116,2,259
8377,4753,30,1,299
8378,4753,109,1,3939
8379,4753,1,1,3829
8380,4753,61,1,1759
8381,4754,59,1,769
8382,4755,62,1,109
8383,4755,5,1,16419
8384,4755,15,2,4069
8385,4755,2,1,1219
8386,4756,102,1,3799
8387,4756,3,1,6139
8388,4756,31,1,559
8389,4757,71,1,1049
8390,4758,20,1,20069
8391,4758,101,1,3679
8392,4759,72,2,2639
8393,4759,97,1,1049
8394,4759,45,1,1869
8395,4759,85,1,1849
8396,4760,91,1,1129
8397,4761,98,1,2369
8398,4762,27,1,1069
8399,4762,12,1,18439
8400,4763,6,2,599
8401,4763,120,1,639
8402,4764,40,1,549
8403,4764,15,1,4069
8404,4765,40,2,549
8405,4765,5,1,16419
8406,4765,96,1,2909
8407,4766,10,2,13239
8408,4766,105,2,4109
8409,4767,52,1,329
8410,4768,109,1,3939
8411,4768,111,1,479
8412,4769,96,1,2909
8413,4769,82,2,1249
8414,4769,1,1,3829
8415,4770,58,1,329
8416,4771,98,2,2369
8417,4771,40,3,549
8418,4772,54,1,199
8419,4773,19,1,579
8420,4773,89,1,949
8421,4774,82,1,1249
8422,4774,27,1,1069
8423,4775,51,1,779
8424,4775,95,1,1949
8425,4776,11,1,3959
8426,4777,31,2,559
8427,4778,40,1,549
8428,4778,46,1,189
8429,4779,46,1,189
8430,4779,78,1,2029
8431,4780,120,1,639
8432,4781,72,1,2639
8433,4782,109,1,3939
8434,4782,35,2,1069
8435,4782,65,1,119
8436,4783,89,1,949
8437,4784,80,1,669
8438,4785,94,1,889
8439,4786,31,1,559
8440,4786,108,1,909
8441,4787,38,2,339
8442,4787,95,2,1949
8443,4788,36,1,3429
8444,4788,40,1,549
8445,4789,32,3,1029
8446,4790,50,1,2799
8447,4790,78,1,2029
8448,4791,60,1,679
8449,4791,53,1,319
8450,4791,115,1,719
8451,4791,95,2,1949
8452,4792,74,1,569
8453,4793,59,1,769
8454,4794,99,1,769
8455,4794,28,1,1269
8456,4795,39,1,409
8457,4796,25,1,1279
8458,4796,110,1,3309
8459,4797,112,1,139
8460,4797,21,3,1179
8461,4797,94,1,889
8462,4798,80,1,669
8463,4799,93,2,849
8464,4800,67,1,229
8465,4800,37,1,1449
8466,4801,84,3,219
8467,4801,73,1,399
8468,4802,55,2,1309
8469,4803,32,3,1029
8470,4804,48,1,509
8471,4805,81,1,2109
8472,4805,69,1,659
8473,4806,47,1,2899
8474,4807,35,2,1069
8475,4808,82,1,1249
8476,4809,116,1,259
8477,4810,80,1,669
8478,4811,49,1,1609
8479,4811,65,2,119
8480,4811,96,1,2909
8481,4812,72,2,2639
8482,4813,72,1,2639
8483,4814,59,1,769
8484,4814,49,1,1609
8485,4815,108,2,909
8486,4816,74,2,569
8487,4816,114,1,879
8488,4817,18,1,10659
8489,4818,1,1,3829
8490,4818,117,1,799
8491,4819,92,1,219
8492,4820,49,1,1609
8493,4820,116,1,259
8494,4821,107,1,429
8495,4821,88,1,509
8496,4822,110,1,3309
8497,4822,8,1,659
8498,4823,108,1,909
8499,4824,5,1,16419
8500,4825,93,1,849
8501,4826,42,1,1139
8502,4826,73,1,399
8503,4827,112,1,139
8504,4828,34,1,349
8505,4829,77,2,259
8506,4830,56,2,1759
8507,4831,5,1,16419
8508,4832,92,1,219
8509,4833,103,1,2229
8510,4834,69,1,659
8511,4834,85,1,1849
8512,4835,8,1,659
8513,4836,92,1,219
8514,4836,96,2,2909
8515,4836,62,1,109
8516,4837,76,1,999
8517,4837,86,1,249
8518,4838,31,2,559
8519,4839,15,1,4069
8520,4839,28,1,1269
8521,4840,75,1,2779
8522,4840,9,1,11269
8523,4840,22,2,13689
8524,4841,56,2,1759
8525,4841,39,1,409
8526,4842,57,2,1059
8527,4843,41,1,1269
8528,4844,108,1,909
8529,4845,101,1,3679
8530,4846,12,1,18439
8531,4847,56,2,1759
8532,4847,69,1,659
8533,4847,31,1,559
8534,4848,13,2,2419
8535,4848,106,1,419
8536,4849,94,1,889
8537,4849,19,1,579
8538,4849,91,1,1129
8539,4849,14,2,1959
8540,4850,116,1,259
8541,4850,66,1,399
8542,4851,111,1,479
8543,4851,77,2,259
8544,4851,44,1,4769
8545,4852,117,1,799
8546,4853,47,2,2899
8547,4853,70,2,1079
8548,4854,111,3,479
8549,4854,52,1,329
8550,4855,80,2,669
8551,4856,80,1,669
8552,4857,25,2,1279
8553,4858,33,1,849
8554,4859,39,1,409
8555,4859,104,1,379
8556,4860,6,1,599
8557,4860,26,1,4509
8558,4860,47,1,2899
8559,4861,49,2,1609
8560,4862,111,1,479
8561,4863,59,2,769
8562,4864,107,1,429
8563,4865,105,1,4109
8564,4865,67,1,229
8565,4865,87,1,219
8566,4866,59,3,769
8567,4867,60,1,679
8568,4867,95,1,1949
8569,4868,60,2,679
8570,4869,101,1,3679
8571,4869,78,1,2029
8572,4870,74,1,569
8573,4871,40,1,549
8574,4872,40,1,549
8575,4872,60,1,679
8576,4873,102,2,3799
8577,4874,31,1,559
8578,4875,30,1,299
8579,4875,76,1,999
8580,4876,98,1,2369
8581,4877,72,1,2639
8582,4878,40,1,549
8583,4879,89,1,949
8584,4880,95,1,1949
8585,4880,62,1,109
8586,4881,36,1,3429
8587,4881,67,1,229
8588,4882,19,1,579
8589,4883,114,1,879
8590,4883,47,2,2899
8591,4884,72,1,2639
8592,4885,45,1,1869
8593,4885,75,1,2779
8594,4886,32,1,1029
8595,4886,62,1,109
8596,4886,12,1,18439
8597,4887,115,1,719
8598,4888,59,1,769
8599,4888,37,1,1449
8600,4888,47,1,2899
8601,4888,91,2,1129
8602,4889,69,2,659
8603,4889,18,1,10659
8604,4889,19,1,579
8605,4890,90,1,1329
8606,4890,33,1,849
8607,4891,28,1,1269
8608,4892,108,1,909
8609,4893,18,1,10659
8610,4894,56,1,1759
8611,4895,66,1,399
8612,4896,54,1,199
8613,4897,1,1,3829
8614,4898,82,1,1249
8615,4899,72,1,2639
8616,4900,10,2,13239
8617,4900,105,1,4109
8618,4901,74,1,569
8619,4902,96,2,2909
8620,4903,40,1,549
8621,4903,56,1,1759
8622,4904,2,1,1219
8623,4905,28,1,1269
8624,4905,5,2,16419
8625,4906,26,1,4509
8626,4907,22,1,13689
8627,4907,99,1,769
8628,4907,44,1,4769
8629,4908,51,1,779
8630,4909,100,1,859
8631,4909,99,1,769
8632,4910,50,1,2799
8633,4911,25,1,1279
8634,4912,93,1,849
8635,4912,87,1,219
8636,4912,17,3,949
8637,4913,90,1,1329
8638,4913,4,1,9779
8639,4914,50,2,2799
8640,4915,37,1,1449
8641,4916,55,1,1309
8642,4916,46,1,189
8643,4916,51,1,779
8644,4917,116,1,259
8645,4917,104,2,379
8646,4918,45,1,1869
8647,4918,8,1,659
8648,4919,3,2,6139
8649,4920,66,1,399
8650,4920,55,1,1309
8651,4921,71,1,1049
8652,4922,76,1,999
8653,4923,24,1,3709
8654,4923,69,1,659
8655,4923,62,1,109
8656,4924,110,2,3309
8657,4925,112,1,139
8658,4926,10,2,13239
8659,4926,16,2,2829
8660,4927,13,1,2419
8661,4928,119,1,379
8662,4929,61,1,1759
8663,4930,44,1,4769
8664,4930,21,1,1179
8665,4930,58,1,329
8666,4930,120,1,639
8667,4931,77,2,259
8668,4932,109,1,3939
8669,4933,58,2,329
8670,4934,88,2,509
8671,4934,100,2,859
8672,4934,73,1,399
8673,4934,29,1,1079
8674,4935,45,1,1869
8675,4935,17,1,949
8676,4935,6,1,599
8677,4936,63,2,339
8678,4936,86,1,249
8679,4937,4,1,9779
8680,4938,61,2,1759
8681,4939,4,1,9779
8682,4939,47,1,2899
8683,4939,32,1,1029
8684,4940,4,1,9779
8685,4940,63,1,339
8686,4940,110,3,3309
8687,4941,97,1,1049
8688,4941,115,2,719
8689,4942,70,1,1079
8690,4942,26,1,4509
8691,4943,51,1,779
8692,4943,92,2,219
8693,4944,86,1,249
8694,4944,63,1,339
8695,4945,102,1,3799
8696,4946,67,1,229
8697,4946,25,1,1279
8698,4946,103,2,2229
8699,4947,82,1,1249
8700,4948,102,2,3799
8701,4949,95,2,1949
8702,4949,8,1,659
8703,4950,71,2,1049
8704,4950,107,1,429
8705,4950,89,1,949
8706,4950,91,1,1129
8707,4951,83,1,449
8708,4952,117,2,799
8709,4952,29,1,1079
8710,4953,74,1,569
8711,4953,45,1,1869
8712,4954,119,1,379
8713,4955,111,1,479
8714,4956,110,1,3309
8715,4956,103,2,2229
8716,4957,14,1,1959
8717,4958,111,1,479
8718,4958,7,2,3279
8719,4959,119,1,379
8720,4959,16,1,2829
8721,4959,24,2,3709
8722,4960,16,1,2829
8723,4961,51,2,779
8724,4961,90,1,1329
8725,4961,48,1,509
8726,4962,105,2,4109
8727,4962,107,1,429
8728,4962,34,1,349
8729,4963,38,2,339
8730,4964,90,1,1329
8731,4964,33,1,849
8732,4965,116,2,259
8733,4966,22,1,13689
8734,4966,78,1,2029
8735,4966,55,3,1309
8736,4966,98,1,2369
8737,4967,10,1,13239
8738,4967,12,1,18439
8739,4967,16,1,2829
8740,4968,7,1,3279
8741,4968,111,1,479
8742,4969,50,2,2799
8743,4970,61,1,1759
8744,4971,61,2,1759
8745,4972,2,1,1219
8746,4972,84,1,219
8747,4972,112,1,139
8748,4973,14,1,1959
8749,4974,116,1,259
8750,4975,90,1,1329
8751,4976,31,1,559
8752,4977,118,1,499
8753,4978,80,3,669
8754,4979,23,1,11319
8755,4980,48,1,509
8756,4981,115,3,719
8757,4981,65,3,119
8758,4981,45,1,1869
8759,4981,61,1,1759
8760,4982,70,1,1079
8761,4982,23,1,11319
8762,4983,117,1,799
8763,4983,4,1,9779
8764,4984,109,1,3939
8765,4985,19,3,579
8766,4985,48,1,509
8767,4985,16,3,2829
8768,4986,93,1,849
8769,4986,64,1,409
8770,4987,84,1,219
8771,4988,22,1,13689
8772,4988,48,1,509
8773,4989,30,1,299
8774,4990,116,2,259
8775,4990,80,2,669
8776,4991,82,2,1249
8777,4992,63,1,339
8778,4992,106,2,419
8779,4993,70,3,1079
8780,4994,108,2,909
8781,4994,7,3,3279
8782,4995,105,1,4109
8783,4995,25,1,1279
8784,4996,108,1,909
8785,4997,18,2,10659
8786,4998,41,1,1269
8787,4998,63,1,339
8788,4998,52,1,329
8789,4999,100,1,859
8790,5000,37,1,1449
8791,5000,111,2,479
8792,5001,39,1,409
8793,5002,120,1,639
8794,5003,116,1,259
8795,5003,70,3,1079
8796,5004,56,1,1759
8797,5004,35,2,1069
8798,5005,38,1,339
8799,5006,111,1,479
8800,5006,70,3,1079
8801,5006,120,1,639
8802,5007,84,1,219
8803,5008,63,1,339
8804,5008,85,1,1849
8805,5008,99,1,769
8806,5009,102,2,3799
8807,5009,67,1,229
8808,5009,68,1,859
8809,5010,69,1,659
8810,5011,71,1,1049
8811,5011,51,1,779
8812,5012,3,1,6139
8813,5013,120,1,639
8814,5014,44,1,4769
8815,5015,50,1,2799
8816,5016,28,1,1269
8817,5016,69,1,659
8818,5017,10,1,13239
8819,5018,60,2,679
8820,5018,21,1,1179
8821,5018,32,3,1029
8822,5019,24,1,3709
8823,5019,50,1,2799
8824,5020,49,1,1609
8825,5021,92,2,219
8826,5021,49,1,1609
8827,5022,25,1,1279
8828,5023,76,2,999
8829,5023,2,2,1219
8830,5024,30,1,299
8831,5024,4,1,9779
8832,5024,110,1,3309
8833,5025,45,1,1869
8834,5025,87,2,219
8835,5025,61,1,1759
8836,5026,82,1,1249
8837,5026,20,2,20069
8838,5026,29,1,1079
8839,5027,67,1,229
8840,5028,76,1,999
8841,5029,35,1,1069
8842,5029,96,1,2909
8843,5029,117,1,799
8844,5030,115,1,719
8845,5030,40,1,549
8846,5030,81,1,2109
8847,5031,96,1,2909
8848,5031,2,1,1219
8849,5031,87,2,219
8850,5032,86,1,249
8851,5033,75,2,2779
8852,5033,111,1,479
8853,5033,99,1,769
8854,5034,99,2,769
8855,5034,61,2,1759
8856,5034,17,1,949
8857,5035,45,1,1869
8858,5035,57,1,1059
8859,5035,44,2,4769
8860,5036,62,1,109
8861,5037,101,1,3679
8862,5037,50,1,2799
8863,5038,16,1,2829
8864,5038,21,2,1179
8865,5038,111,2,479
8866,5039,52,1,329
8867,5040,89,1,949
8868,5040,90,1,1329
8869,5041,113,1,559
8870,5041,87,2,219
8871,5041,5,1,16419
8872,5042,34,1,349
8873,5043,75,2,2779
8874,5044,92,2,219
8875,5045,8,2,659
8876,5045,97,1,1049
8877,5045,116,3,259
8878,5045,28,1,1269
8879,5046,18,1,10659
8880,5047,69,1,659
8881,5048,119,1,379
8882,5049,9,1,11269
8883,5050,26,1,4509
8884,5051,60,1,679
8885,5051,9,2,11269
8886,5052,103,2,2229
8887,5052,53,1,319
8888,5052,92,1,219
8889,5052,73,1,399
8890,5053,65,1,119
8891,5054,22,1,13689
8892,5055,8,1,659
8893,5055,31,1,559
8894,5056,2,1,1219
8895,5057,117,1,799
8896,5057,25,1,1279
8897,5058,108,1,909
8898,5058,30,1,299
8899,5059,15,1,4069
8900,5060,29,1,1079
8901,5060,48,2,509
8902,5061,26,2,4509
8903,5062,26,1,4509
8904,5062,45,1,1869
8905,5063,2,3,1219
8906,5064,18,3,10659
8907,5065,75,1,2779
8908,5066,49,1,1609
8909,5066,45,1,1869
8910,5067,96,1,2909
8911,5068,64,1,409
8912,5069,20,3,20069
8913,5069,31,1,559
8914,5069,68,1,859
8915,5070,46,1,189
8916,5071,115,2,719
8917,5071,56,1,1759
8918,5072,36,2,3429
8919,5073,80,1,669
8920,5074,24,1,3709
8921,5074,86,1,249
8922,5075,28,1,1269
8923,5076,115,2,719
8924,5077,109,1,3939
8925,5078,64,1,409
8926,5079,8,1,659
8927,5080,68,1,859
8928,5081,73,1,399
8929,5082,106,2,419
8930,5082,33,1,849
8931,5083,7,2,3279
8932,5084,74,1,569
8933,5085,100,1,859
8934,5086,104,1,379
8935,5086,45,2,1869
8936,5087,106,2,419
8937,5087,7,1,3279
8938,5088,104,1,379
8939,5088,79,1,919
8940,5088,85,1,1849
8941,5089,103,1,2229
8942,5089,71,1,1049
8943,5090,96,1,2909
8944,5090,47,1,2899
8945,5091,57,2,1059
8946,5091,32,1,1029
8947,5092,83,1,449
8948,5092,9,2,11269
8949,5092,102,1,3799
8950,5092,40,2,549
8951,5093,49,2,1609
8952,5093,83,1,449
8953,5094,41,1,1269
8954,5094,36,2,3429
8955,5094,40,2,549
8956,5095,95,1,1949
8957,5095,32,1,1029
8958,5096,118,1,499
8959,5096,12,2,18439
8960,5096,44,3,4769
8961,5097,93,1,849
8962,5097,7,1,3279
8963,5098,53,2,319
8964,5098,91,1,1129
8965,5098,25,1,1279
8966,5099,114,1,879
8967,5100,116,1,259
8968,5101,21,1,1179
8969,5102,116,1,259
8970,5103,34,1,349
8971,5103,99,1,769
8972,5104,73,3,399
8973,5105,106,1,419
8974,5106,84,2,219
8975,5107,32,1,1029
8976,5108,83,1,449
8977,5108,81,1,2109
8978,5109,42,1,1139
8979,5109,118,2,499
8980,5110,22,1,13689
8981,5110,71,1,1049
8982,5111,33,1,849
8983,5112,37,1,1449
8984,5112,27,1,1069
8985,5113,76,1,999
8986,5114,44,1,4769
8987,5115,118,1,499
8988,5115,90,1,1329
8989,5116,1,1,3829
8990,5116,65,1,119
8991,5117,3,1,6139
8992,5117,56,2,1759
8993,5118,87,1,219
8994,5118,83,1,449
8995,5119,75,2,2779
8996,5119,64,1,409
8997,5119,98,1,2369
8998,5120,87,1,219
8999,5121,75,1,2779
9000,5122,49,1,1609
9001,5122,61,1,1759
9002,5122,77,1,259
9003,5122,119,2,379
9004,5123,115,1,719
9005,5124,101,2,3679
9006,5124,108,1,909
9007,5125,109,2,3939
9008,5125,34,2,349
9009,5125,87,2,219
9010,5126,109,1,3939
9011,5126,14,1,1959
9012,5126,120,1,639
9013,5127,104,1,379
9014,5128,35,2,1069
9015,5129,108,3,909
9016,5130,72,2,2639
9017,5131,111,2,479
9018,5131,22,1,13689
9019,5132,33,1,849
9020,5132,39,1,409
9021,5132,102,1,3799
9022,5133,96,2,2909
9023,5134,87,1,219
9024,5134,56,1,1759
9025,5134,81,1,2109
9026,5135,29,2,1079
9027,5135,6,1,599
9028,5135,109,2,3939
9029,5136,11,1,3959
9030,5136,108,2,909
9031,5137,58,1,329
9032,5138,70,1,1079
9033,5139,95,1,1949
9034,5140,74,2,569
9035,5140,75,2,2779
9036,5141,5,1,16419
9037,5142,9,1,11269
9038,5143,97,1,1049
9039,5144,114,1,879
9040,5144,48,1,509
9041,5144,26,1,4509
9042,5145,83,1,449
9043,5145,88,2,509
9044,5145,36,1,3429
9045,5146,63,1,339
9046,5146,51,1,779
9047,5147,8,1,659
9048,5147,22,1,13689
9049,5147,106,1,419
9050,5148,41,1,1269
9051,5149,6,1,599
9052,5150,71,1,1049
9053,5150,88,1,509
9054,5151,29,1,1079
9055,5151,86,1,249
9056,5151,91,1,1129
9057,5152,24,1,3709
9058,5153,104,1,379
9059,5154,55,1,1309
9060,5155,108,1,909
9061,5156,51,1,779
9062,5156,110,1,3309
9063,5156,80,1,669
9064,5157,114,1,879
9065,5157,77,1,259
9066,5157,88,2,509
9067,5158,70,1,1079
9068,5158,87,1,219
9069,5158,33,1,849
9070,5158,115,1,719
9071,5159,2,1,1219
9072,5159,72,1,2639
9073,5160,98,1,2369
9074,5160,53,3,319
9075,5161,119,1,379
9076,5162,118,2,499
9077,5163,94,1,889
9078,5164,28,2,1269
9079,5164,92,1,219
9080,5165,33,1,849
9081,5165,27,1,1069
9082,5165,36,1,3429
9083,5166,51,1,779
9084,5166,113,1,559
9085,5167,97,1,1049
9086,5168,119,1,379
9087,5168,85,1,1849
9088,5169,5,1,16419
9089,5170,56,2,1759
9090,5170,67,1,229
9091,5171,38,2,339
9092,5172,87,1,219
9093,5173,39,1,409
9094,5173,83,1,449
9095,5174,99,1,769
9096,5174,100,1,859
9097,5175,114,1,879
9098,5175,17,1,949
9099,5175,54,1,199
9100,5175,63,1,339
9101,5176,92,1,219
9102,5176,100,1,859
9103,5176,55,1,1309
9104,5177,26,1,4509
9105,5178,81,1,2109
9106,5178,73,1,399
9107,5179,9,1,11269
9108,5179,7,1,3279
9109,5180,86,2,249
9110,5180,84,1,219
9111,5181,99,1,769
9112,5181,101,1,3679
9113,5182,62,1,109
9114,5182,39,1,409
9115,5183,111,1,479
9116,5183,67,1,229
9117,5183,31,2,559
9118,5183,47,1,2899
9119,5184,9,3,11269
9120,5185,45,2,1869
9121,5185,67,2,229
9122,5186,80,2,669
9123,5187,53,1,319
9124,5188,22,2,13689
9125,5189,65,1,119
9126,5190,81,1,2109
9127,5190,73,1,399
9128,5190,117,1,799
9129,5191,55,1,1309
9130,5191,73,3,399
9131,5192,94,3,889
9132,5192,32,1,1029
9133,5192,100,1,859
9134,5193,52,1,329
9135,5194,83,1,449
9136,5194,82,2,1249
9137,5195,109,3,3939
9138,5196,48,1,509
9139,5197,13,1,2419
9140,5197,9,1,11269
9141,5198,106,1,419
9142,5199,70,2,1079
9143,5199,40,1,549
9144,5200,75,1,2779
9145,5201,12,1,18439
9146,5201,63,1,339
9147,5201,60,2,679
9148,5202,115,2,719
9149,5203,44,1,4769
9150,5204,105,1,4109
9151,5204,78,2,2029
9152,5204,8,1,659
9153,5205,18,1,10659
9154,5206,4,1,9779
9155,5206,97,1,1049
9156,5207,108,1,909
9157,5207,52,1,329
9158,5208,112,1,139
9159,5208,101,2,3679
9160,5209,35,2,1069
9161,5210,106,1,419
9162,5211,90,2,1329
9163,5212,73,1,399
9164,5212,39,2,409
9165,5212,110,2,3309
9166,5213,82,1,1249
9167,5213,107,2,429
9168,5214,41,1,1269
9169,5214,44,1,4769
9170,5214,108,3,909
9171,5214,111,1,479
9172,5215,43,1,209
9173,5215,96,1,2909
9174,5216,91,2,1129
9175,5217,107,1,429
9176,5218,6,1,599
9177,5219,11,1,3959
9178,5219,84,2,219
9179,5220,2,1,1219
9180,5220,113,1,559
9181,5221,33,1,849
9182,5222,83,2,449
9183,5222,63,1,339
9184,5223,98,1,2369
9185,5224,24,1,3709
9186,5224,34,2,349
9187,5224,73,1,399
9188,5224,49,2,1609
9189,5225,2,2,1219
9190,5226,98,1,2369
9191,5227,16,1,2829
9192,5228,96,1,2909
9193,5228,120,1,639
9194,5228,4,2,9779
9195,5229,28,1,1269
9196,5229,90,1,1329
9197,5230,55,1,1309
9198,5230,113,1,559
9199,5231,6,2,599
9200,5231,59,1,769
9201,5232,58,3,329
9202,5232,114,1,879
9203,5233,60,1,679
9204,5234,112,2,139
9205,5234,98,2,2369
9206,5235,66,1,399
9207,5235,15,1,4069
9208,5236,49,2,1609
9209,5236,104,1,379
9210,5237,83,1,449
9211,5238,18,2,10659
9212,5238,98,1,2369
9213,5238,16,1,2829
9214,5239,63,1,339
9215,5240,11,2,3959
9216,5241,5,1,16419
9217,5241,115,1,719
9218,5242,45,1,1869
9219,5243,29,1,1079
9220,5243,48,1,509
9221,5243,90,2,1329
9222,5243,7,1,3279
9223,5244,49,1,1609
9224,5245,18,1,10659
9225,5246,102,1,3799
9226,5246,23,1,11319
9227,5247,69,1,659
9228,5247,67,1,229
9229,5248,25,2,1279
9230,5248,64,1,409
9231,5248,26,1,4509
9232,5249,37,2,1449
9233,5250,67,1,229
9234,5250,1,2,3829
9235,5250,113,1,559
9236,5250,98,1,2369
9237,5251,87,1,219
9238,5251,29,2,1079
9239,5251,101,1,3679
9240,5252,63,1,339
9241,5252,52,1,329
9242,5253,95,1,1949
9243,5253,111,2,479
9244,5253,47,1,2899
9245,5254,32,1,1029
9246,5255,111,1,479
9247,5255,50,1,2799
9248,5255,12,1,18439
9249,5256,4,2,9779
9250,5257,21,1,1179
9251,5257,29,3,1079
9252,5258,109,3,3939
9253,5258,80,2,669
9254,5259,92,1,219
9255,5259,38,2,339
9256,5260,33,1,849
9257,5261,110,2,3309
9258,5262,56,2,1759
9259,5263,5,1,16419
9260,5264,65,1,119
9261,5264,43,1,209
9262,5265,32,1,1029
9263,5265,61,1,1759
9264,5266,89,1,949
9265,5266,56,1,1759
9266,5267,30,1,299
9267,5268,18,1,10659
9268,5269,101,3,3679
9269,5269,9,1,11269
9270,5269,97,1,1049
9271,5270,57,1,1059
9272,5271,61,1,1759
9273,5272,95,1,1949
9274,5272,18,1,10659
9275,5273,91,1,1129
9276,5273,115,1,719
9277,5273,94,1,889
9278,5274,14,1,1959
9279,5274,107,1,429
9280,5275,89,1,949
9281,5276,71,1,1049
9282,5276,58,1,329
9283,5277,46,1,189
9284,5278,65,1,119
9285,5278,3,1,6139
9286,5279,6,2,599
9287,5279,59,1,769
9288,5280,70,1,1079
9289,5281,87,1,219
9290,5281,115,1,719
9291,5281,90,1,1329
9292,5282,49,1,1609
9293,5283,106,2,419
9294,5283,8,1,659
9295,5283,95,1,1949
9296,5284,78,1,2029
9297,5284,68,1,859
9298,5284,33,1,849
9299,5285,28,1,1269
9300,5286,117,1,799
9301,5286,18,1,10659
9302,5287,93,1,849
9303,5287,79,1,919
9304,5287,101,2,3679
9305,5288,105,1,4109
9306,5288,49,1,1609
9307,5288,28,1,1269
9308,5289,99,2,769
9309,5289,72,1,2639
9310,5289,65,2,119
9311,5290,2,1,1219
9312,5291,96,1,2909
9313,5291,37,2,1449
9314,5291,67,2,229
9315,5292,102,1,3799
9316,5292,44,1,4769
9317,5293,18,1,10659
9318,5294,3,2,6139
9319,5295,60,1,679
9320,5296,22,3,13689
9321,5296,57,1,1059
9322,5296,115,1,719
9323,5297,91,1,1129
9324,5297,9,3,11269
9325,5297,50,1,2799
9326,5298,32,2,1029
9327,5298,57,1,1059
9328,5299,29,1,1079
9329,5300,62,3,109
9330,5300,71,1,1049
9331,5301,97,1,1049
9332,5302,51,1,779
9333,5303,47,1,2899
9334,5303,88,1,509
9335,5304,104,1,379
9336,5304,10,1,13239
9337,5304,43,1,209
9338,5305,113,1,559
9339,5306,119,1,379
9340,5306,23,1,11319
9341,5307,54,1,199
9342,5307,32,1,1029
9343,5307,2,1,1219
9344,5307,116,1,259
9345,5308,2,1,1219
9346,5309,77,2,259
9347,5309,90,1,1329
9348,5310,69,2,659
9349,5310,100,1,859
9350,5311,81,1,2109
9351,5312,100,3,859
9352,5312,59,1,769
9353,5313,57,1,1059
9354,5314,10,1,13239
9355,5314,69,1,659
9356,5315,116,1,259
9357,5315,120,1,639
9358,5316,5,1,16419
9359,5316,23,1,11319
9360,5317,66,1,399
9361,5318,76,1,999
9362,5318,108,1,909
9363,5319,101,1,3679
9364,5319,42,1,1139
9365,5320,94,1,889
9366,5320,115,1,719
9367,5321,51,2,779
9368,5321,91,1,1129
9369,5322,117,1,799
9370,5323,90,1,1329
9371,5323,50,1,2799
9372,5324,118,1,499
9373,5325,119,2,379
9374,5326,87,1,219
9375,5327,68,1,859
9376,5328,73,1,399
9377,5329,42,1,1139
9378,5330,1,1,3829
9379,5331,82,1,1249
9380,5332,79,1,919
9381,5332,18,2,10659
9382,5333,92,1,219
9383,5334,68,2,859
9384,5334,64,2,409
9385,5335,98,2,2369
9386,5335,4,2,9779
9387,5336,29,1,1079
9388,5337,53,1,319
9389,5338,104,1,379
9390,5339,30,3,299
9391,5340,108,1,909
9392,5341,77,2,259
9393,5341,93,1,849
9394,5341,18,1,10659
9395,5342,100,2,859
9396,5343,100,1,859
9397,5343,84,1,219
9398,5344,21,1,1179
9399,5345,108,1,909
9400,5345,70,1,1079
9401,5345,76,1,999
9402,5345,90,1,1329
9403,5346,120,1,639
9404,5346,41,1,1269
9405,5346,10,1,13239
9406,5347,30,1,299
9407,5348,59,1,769
9408,5349,91,1,1129
9409,5349,96,1,2909
9410,5349,55,2,1309
9411,5350,12,2,18439
9412,5351,85,1,1849
9413,5351,1,1,3829
9414,5352,37,1,1449
9415,5352,55,1,1309
9416,5352,9,1,11269
9417,5352,39,2,409
9418,5353,80,1,669
9419,5354,47,1,2899
9420,5354,5,1,16419
9421,5354,40,1,549
9422,5355,107,2,429
9423,5356,5,1,16419
9424,5357,99,1,769
9425,5357,76,1,999
9426,5357,14,2,1959
9427,5357,67,2,229
9428,5358,29,2,1079
9429,5359,36,1,3429
9430,5359,83,1,449
9431,5360,1,1,3829
9432,5360,64,1,409
9433,5361,46,1,189
9434,5362,91,1,1129
9435,5363,23,1,11319
9436,5363,47,2,2899
9437,5363,74,1,569
9438,5364,14,2,1959
9439,5365,34,2,349
9440,5365,106,2,419
9441,5366,8,1,659
9442,5366,119,1,379
9443,5367,104,1,379
9444,5368,75,2,2779
9445,5368,73,1,399
9446,5369,94,1,889
9447,5370,16,1,2829
9448,5370,91,1,1129
9449,5371,19,3,579
9450,5371,108,2,909
9451,5372,43,1,209
9452,5373,39,1,409
9453,5374,30,1,299
9454,5374,82,1,1249
9455,5374,59,3,769
9456,5375,59,3,769
9457,5375,47,1,2899
9458,5375,36,1,3429
9459,5375,119,1,379
9460,5376,23,1,11319
9461,5376,45,1,1869
9462,5376,87,1,219
9463,5377,14,2,1959
9464,5377,41,1,1269
9465,5378,10,2,13239
9466,5379,2,1,1219
9467,5380,73,2,399
9468,5380,86,2,249
9469,5381,1,3,3829
9470,5381,95,1,1949
9471,5381,27,2,1069
9472,5382,93,1,849
9473,5383,35,1,1069
9474,5383,5,2,16419
9475,5383,70,2,1079
9476,5384,30,1,299
9477,5384,24,1,3709
9478,5384,70,1,1079
9479,5385,15,2,4069
9480,5386,58,1,329
9481,5386,118,1,499
9482,5387,97,1,1049
9483,5387,2,1,1219
9484,5388,50,1,2799
9485,5388,14,2,1959
9486,5388,112,1,139
9487,5388,102,1,3799
9488,5389,120,1,639
9489,5389,99,1,769
9490,5389,48,1,509
9491,5390,47,2,2899
9492,5391,108,1,909
9493,5391,116,2,259
9494,5392,74,1,569
9495,5392,111,1,479
9496,5392,82,1,1249
9497,5393,10,1,13239
9498,5394,88,1,509
9499,5394,58,3,329
9500,5395,5,1,16419
9501,5395,58,1,329
9502,5396,85,1,1849
9503,5397,2,3,1219
9504,5398,57,1,1059
9505,5399,17,1,949
9506,5400,81,1,2109
9507,5400,29,1,1079
9508,5401,9,1,11269
9509,5401,47,1,2899
9510,5401,107,1,429
9511,5401,54,1,199
9512,5402,37,2,1449
9513,5402,32,1,1029
9514,5403,33,1,849
9515,5404,14,1,1959
9516,5404,22,1,13689
9517,5405,108,1,909
9518,5405,73,2,399
9519,5405,90,1,1329
9520,5406,118,1,499
9521,5407,49,1,1609
9522,5407,72,1,2639
9523,5407,60,2,679
9524,5408,22,2,13689
9525,5408,106,1,419
9526,5409,31,1,559
9527,5410,15,2,4069
9528,5411,76,2,999
9529,5412,43,2,209
9530,5412,87,1,219
9531,5413,25,1,1279
9532,5413,39,1,409
9533,5413,102,1,3799
9534,5413,2,1,1219
9535,5414,40,1,549
9536,5414,120,3,639
9537,5415,39,1,409
9538,5415,80,1,669
9539,5415,108,1,909
9540,5415,51,1,779
9541,5416,89,1,949
9542,5417,38,3,339
9543,5418,84,2,219
9544,5419,5,2,16419
9545,5419,21,1,1179
9546,5420,76,2,999
9547,5420,35,1,1069
9548,5421,94,1,889
9549,5421,102,1,3799
9550,5421,38,1,339
9551,5422,47,1,2899
9552,5422,118,1,499
9553,5422,89,1,949
9554,5423,41,2,1269
9555,5424,13,2,2419
9556,5425,29,1,1079
9557,5426,45,1,1869
9558,5426,68,1,859
9559,5427,2,1,1219
9560,5427,92,1,219
9561,5428,49,1,1609
9562,5429,28,1,1269
9563,5430,25,1,1279
9564,5431,23,1,11319
9565,5432,92,1,219
9566,5432,6,1,599
9567,5432,82,1,1249
9568,5433,80,1,669
9569,5434,85,1,1849
9570,5434,5,2,16419
9571,5435,14,1,1959
9572,5436,56,1,1759
9573,5436,61,1,1759
9574,5437,18,1,10659
9575,5437,22,3,13689
9576,5437,24,1,3709
9577,5438,106,1,419
9578,5439,28,1,1269
9579,5439,17,1,949
9580,5440,85,1,1849
9581,5440,98,1,2369
9582,5441,100,1,859
9583,5441,80,1,669
9584,5442,96,1,2909
9585,5443,69,1,659
9586,5443,64,1,409
9587,5444,43,1,209
9588,5445,86,1,249
9589,5445,35,1,1069
9590,5445,103,1,2229
9591,5446,48,1,509
9592,5446,53,2,319
9593,5447,15,3,4069
9594,5448,95,1,1949
9595,5448,100,1,859
9596,5449,95,2,1949
9597,5449,59,1,769
9598,5450,38,2,339
9599,5450,119,1,379
9600,5450,61,1,1759
9601,5450,104,1,379
9602,5451,96,1,2909
9603,5452,76,1,999
9604,5453,90,1,1329
9605,5453,16,3,2829
9606,5454,21,2,1179
9607,5455,26,1,4509
9608,5456,50,1,2799
9609,5457,66,1,399
9610,5458,67,2,229
9611,5459,89,1,949
9612,5460,97,3,1049
9613,5461,74,1,569
9614,5461,14,1,1959
9615,5461,33,1,849
9616,5462,26,1,4509
9617,5463,78,2,2029
9618,5463,103,1,2229
9619,5464,85,1,1849
9620,5465,117,1,799
9621,5466,68,1,859
9622,5466,37,1,1449
9623,5466,30,1,299
9624,5467,29,2,1079
9625,5467,37,1,1449
9626,5467,23,1,11319
9627,5467,36,1,3429
9628,5468,117,1,799
9629,5469,75,1,2779
9630,5469,103,2,2229
9631,5470,73,1,399
9632,5471,43,1,209
9633,5472,46,1,189
9634,5473,4,1,9779
9635,5473,106,1,419
9636,5473,68,1,859
9637,5474,19,1,579
9638,5475,14,1,1959
9639,5476,21,1,1179
9640,5476,15,1,4069
9641,5477,44,1,4769
9642,5477,59,1,769
9643,5478,59,1,769
9644,5478,21,2,1179
9645,5479,86,1,249
9646,5480,38,1,339
9647,5481,42,3,1139
9648,5481,105,1,4109
9649,5481,117,1,799
9650,5481,23,1,11319
9651,5482,32,2,1029
9652,5482,92,2,219
9653,5483,70,2,1079
9654,5483,113,2,559
9655,5484,53,1,319
9656,5484,30,1,299
9657,5484,116,1,259
9658,5484,10,1,13239
9659,5485,61,1,1759
9660,5485,84,1,219
9661,5486,90,2,1329
9662,5487,59,1,769
9663,5488,34,1,349
9664,5488,6,1,599
9665,5488,98,1,2369
9666,5489,42,2,1139
9667,5490,90,1,1329
9668,5491,78,1,2029
9669,5491,58,1,329
9670,5492,45,1,1869
9671,5492,28,1,1269
9672,5492,67,2,229
9673,5493,68,1,859
9674,5493,95,2,1949
9675,5494,24,2,3709
9676,5495,72,1,2639
9677,5496,29,1,1079
9678,5497,32,1,1029
9679,5498,77,1,259
9680,5498,103,2,2229
9681,5499,57,1,1059
9682,5500,39,2,409
9683,5500,81,1,2109
9684,5500,67,2,229
9685,5500,30,1,299
9686,5501,45,1,1869
9687,5502,6,1,599
9688,5502,93,2,849
9689,5503,38,3,339
9690,5504,109,1,3939
9691,5504,3,1,6139
9692,5504,110,1,3309
9693,5505,14,1,1959
9694,5505,64,1,409
9695,5505,36,1,3429
9696,5505,118,1,499
9697,5506,78,1,2029
9698,5507,62,1,109
9699,5507,31,1,559
9700,5508,32,1,1029
9701,5508,92,1,219
9702,5509,14,1,1959
9703,5509,2,1,1219
9704,5510,73,1,399
9705,5511,20,1,20069
9706,5511,93,3,849
9707,5512,42,1,1139
9708,5513,20,1,20069
9709,5513,12,1,18439
9710,5514,57,1,1059
9711,5514,111,1,479
9712,5515,88,1,509
9713,5515,119,1,379
9714,5516,96,1,2909
9715,5516,112,1,139
9716,5517,85,1,1849
9717,5518,107,1,429
9718,5519,64,1,409
9719,5520,68,1,859
9720,5521,44,1,4769
9721,5522,25,1,1279
9722,5523,4,1,9779
9723,5524,11,1,3959
9724,5525,99,1,769
9725,5525,119,1,379
9726,5525,103,1,2229
9727,5526,58,2,329
9728,5526,19,1,579
9729,5527,25,1,1279
9730,5528,34,3,349
9731,5529,58,1,329
9732,5530,12,1,18439
9733,5530,71,1,1049
9734,5530,101,1,3679
9735,5530,17,1,949
9736,5531,6,1,599
9737,5531,90,2,1329
9738,5532,105,1,4109
9739,5533,69,1,659
9740,5533,11,1,3959
9741,5533,39,3,409
9742,5534,94,1,889
9743,5535,105,1,4109
9744,5536,62,1,109
9745,5536,16,1,2829
9746,5537,16,3,2829
9747,5537,92,1,219
9748,5537,103,1,2229
9749,5538,33,1,849
9750,5538,45,2,1869
9751,5538,72,1,2639
9752,5539,28,1,1269
9753,5540,114,1,879
9754,5540,17,1,949
9755,5541,44,2,4769
9756,5541,86,1,249
9757,5542,27,1,1069
9758,5543,17,1,949
9759,5544,32,1,1029
9760,5544,47,2,2899
9761,5544,105,1,4109
9762,5544,64,1,409
9763,5545,10,1,13239
9764,5546,92,3,219
9765,5546,35,2,1069
9766,5547,29,1,1079
9767,5548,1,1,3829
9768,5548,111,1,479
9769,5549,17,1,949
9770,5549,88,2,509
9771,5550,69,1,659
9772,5550,28,1,1269
9773,5550,86,1,249
9774,5551,61,1,1759
9775,5551,21,1,1179
9776,5552,114,2,879
9777,5552,48,1,509
9778,5552,63,1,339
9779,5553,71,1,1049
9780,5553,86,1,249
9781,5554,54,1,199
9782,5555,42,1,1139
9783,5556,17,2,949
9784,5557,48,1,509
9785,5558,97,1,1049
9786,5559,98,1,2369
9787,5560,56,1,1759
9788,5560,66,1,399
9789,5561,1,2,3829
9790,5562,94,1,889
9791,5563,56,1,1759
9792,5563,77,1,259
9793,5563,39,1,409
9794,5564,29,1,1079
9795,5564,34,1,349
9796,5565,11,1,3959
9797,5566,38,3,339
9798,5567,3,1,6139
9799,5567,58,3,329
9800,5567,42,1,1139
9801,5568,52,1,329
9802,5568,67,1,229
9803,5568,9,1,11269
9804,5569,114,1,879
9805,5570,74,1,569
9806,5571,112,2,139
9807,5572,78,1,2029
9808,5573,47,2,2899
9809,5574,54,2,199
9810,5575,97,1,1049
9811,5576,50,1,2799
9812,5576,9,1,11269
9813,5577,112,1,139
9814,5577,80,1,669
9815,5578,46,1,189
9816,5579,54,1,199
9817,5579,27,2,1069
9818,5579,66,1,399
9819,5579,103,1,2229
9820,5580,42,2,1139
9821,5581,80,1,669
9822,5581,70,2,1079
9823,5581,43,1,209
9824,5581,111,1,479
9825,5582,9,1,11269
9826,5582,16,1,2829
9827,5582,50,1,2799
9828,5582,7,2,3279
9829,5583,30,1,299
9830,5584,96,1,2909
9831,5584,24,3,3709
9832,5585,92,1,219
9833,5586,11,1,3959
9834,5587,58,2,329
9835,5587,104,1,379
9836,5587,44,1,4769
9837,5587,107,3,429
9838,5588,73,2,399
9839,5589,112,2,139
9840,5590,25,1,1279
9841,5591,76,1,999
9842,5592,70,2,1079
9843,5593,12,1,18439
9844,5594,77,1,259
9845,5595,82,3,1249
9846,5595,106,1,419
9847,5595,114,1,879
9848,5596,104,1,379
9849,5596,107,1,429
9850,5597,18,1,10659
9851,5598,105,3,4109
9852,5599,26,1,4509
9853,5599,92,1,219
9854,5599,110,1,3309
9855,5600,74,1,569
9856,5600,34,2,349
9857,5600,15,1,4069
9858,5601,28,1,1269
9859,5601,74,1,569
9860,5602,59,1,769
9861,5602,79,1,919
9862,5603,13,1,2419
9863,5603,73,3,399
9864,5604,107,1,429
9865,5604,99,1,769
9866,5604,14,1,1959
9867,5604,83,1,449
9868,5605,107,2,429
9869,5605,28,2,1269
9870,5606,48,1,509
9871,5606,12,1,18439
9872,5607,11,1,3959
9873,5607,77,1,259
9874,5608,62,1,109
9875,5608,114,1,879
9876,5609,85,2,1849
9877,5610,112,1,139
9878,5611,60,1,679
9879,5611,75,1,2779
9880,5611,15,1,4069
9881,5612,31,1,559
9882,5613,17,1,949
9883,5614,109,1,3939
9884,5615,49,1,1609
9885,5616,68,3,859
9886,5616,108,1,909
9887,5617,89,1,949
9888,5618,83,3,449
9889,5618,86,2,249
9890,5618,43,2,209
9891,5619,12,1,18439
9892,5620,78,1,2029
9893,5621,63,1,339
9894,5621,59,1,769
9895,5621,57,1,1059
9896,5622,83,3,449
9897,5622,20,1,20069
9898,5623,68,1,859
9899,5623,36,1,3429
9900,5624,74,1,569
9901,5624,16,1,2829
9902,5624,100,2,859
9903,5625,61,1,1759
9904,5626,94,1,889
9905,5626,79,2,919
9906,5627,44,1,4769
9907,5627,66,1,399
9908,5627,37,1,1449
9909,5628,82,1,1249
9910,5629,88,3,509
9911,5630,46,1,189
9912,5630,89,1,949
9913,5631,38,1,339
9914,5631,60,1,679
9915,5632,61,1,1759
9916,5633,67,1,229
9917,5633,68,1,859
9918,5634,97,2,1049
9919,5634,55,1,1309
9920,5635,97,1,1049
9921,5636,79,1,919
9922,5636,12,1,18439
9923,5637,16,1,2829
9924,5638,20,1,20069
9925,5639,14,1,1959
9926,5640,68,2,859
9927,5641,9,1,11269
9928,5641,21,2,1179
9929,5641,23,2,11319
9930,5642,28,3,1269
9931,5643,89,2,949
9932,5643,26,3,4509
9933,5644,12,2,18439
9934,5645,89,1,949
9935,5645,1,2,3829
9936,5646,72,1,2639
9937,5646,109,2,3939
9938,5646,91,1,1129
9939,5647,17,2,949
9940,5647,49,1,1609
9941,5648,56,2,1759
9942,5649,37,1,1449
9943,5649,27,1,1069
9944,5650,59,1,769
9945,5651,54,1,199
9946,5652,111,1,479
9947,5653,120,1,639
9948,5654,73,1,399
9949,5655,113,1,559
9950,5655,59,1,769
9951,5655,61,1,1759
9952,5655,64,1,409
9953,5656,46,1,189
9954,5656,24,1,3709
9955,5657,42,1,1139
9956,5657,29,1,1079
9957,5658,104,1,379
9958,5658,35,1,1069
9959,5659,84,2,219
9960,5659,118,1,499
9961,5660,24,1,3709
9962,5660,67,2,229
9963,5660,71,1,1049
9964,5661,10,3,13239
9965,5661,28,1,1269
9966,5661,98,1,2369
9967,5662,21,1,1179
9968,5663,73,1,399
9969,5664,78,1,2029
9970,5665,113,1,559
9971,5665,30,1,299
9972,5665,11,1,3959
9973,5665,100,1,859
9974,5666,68,1,859
9975,5666,9,1,11269
9976,5667,68,1,859
9977,5668,44,1,4769
9978,5668,76,2,999
9979,5669,115,1,719
9980,5670,75,1,2779
9981,5671,19,1,579
9982,5672,83,1,449
9983,5673,38,1,339
9984,5674,61,1,1759
9985,5675,27,1,1069
9986,5676,81,1,2109
9987,5677,102,2,3799
9988,5677,93,1,849
9989,5678,93,1,849
9990,5679,54,1,199
9991,5680,94,3,889
9992,5680,53,1,319
9993,5681,25,1,1279
9994,5682,65,2,119
9995,5682,17,2,949
9996,5683,53,1,319
9997,5684,35,1,1069
9998,5685,4,3,9779
9999,5685,23,2,11319
10000,5685,25,1,1279
10001,5686,55,1,1309
10002,5687,31,1,559
10003,5687,82,1,1249
10004,5687,5,1,16419
10005,5687,83,1,449
10006,5688,42,3,1139
10007,5688,113,1,559
10008,5688,119,2,379
10009,5688,85,1,1849
10010,5689,23,1,11319
10011,5690,99,2,769
10012,5690,42,1,1139
10013,5691,36,1,3429
10014,5692,80,1,669
10015,5692,106,2,419
10016,5693,52,1,329
10017,5693,4,2,9779
10018,5693,55,2,1309
10019,5694,52,1,329
10020,5695,83,2,449
10021,5696,112,2,139
10022,5696,119,1,379
10023,5696,35,2,1069
10024,5696,95,1,1949
10025,5697,58,2,329
10026,5698,75,1,2779
10027,5699,81,1,2109
10028,5700,108,1,909
10029,5701,104,1,379
10030,5701,107,1,429
10031,5702,99,2,769
10032,5702,46,3,189
10033,5702,29,1,1079
10034,5702,113,2,559
10035,5703,77,1,259
10036,5703,87,1,219
10037,5704,13,2,2419
10038,5705,11,1,3959
10039,5706,36,2,3429
10040,5706,11,2,3959
10041,5706,58,2,329
10042,5707,75,3,2779
10043,5707,66,2,399
10044,5708,1,1,3829
10045,5709,77,1,259
10046,5710,117,1,799
10047,5711,107,1,429
10048,5711,98,1,2369
10049,5711,25,1,1279
10050,5712,18,1,10659
10051,5713,1,2,3829
10052,5714,49,3,1609
10053,5715,106,1,419
10054,5715,81,1,2109
10055,5716,120,2,639
10056,5717,14,1,1959
10057,5717,22,1,13689
10058,5717,58,1,329
10059,5718,14,1,1959
10060,5719,5,1,16419
10061,5719,104,1,379
10062,5720,85,1,1849
10063,5721,45,1,1869
10064,5721,97,2,1049
10065,5722,79,1,919
10066,5722,46,1,189
10067,5723,5,1,16419
10068,5723,67,1,229
10069,5724,65,1,119
10070,5725,88,1,509
10071,5725,95,1,1949
10072,5726,7,1,3279
10073,5726,26,2,4509
10074,5726,6,1,599
10075,5727,46,1,189
10076,5727,54,1,199
10077,5727,87,1,219
10078,5728,68,2,859
10079,5728,4,1,9779
10080,5729,119,1,379
10081,5730,78,2,2029
10082,5730,16,2,2829
10083,5731,51,1,779
10084,5732,26,1,4509
10085,5732,114,1,879
10086,5732,33,2,849
10087,5733,73,1,399
10088,5734,3,1,6139
10089,5734,110,1,3309
10090,5734,119,1,379
10091,5734,72,1,2639
10092,5735,104,2,379
10093,5735,13,1,2419
10094,5735,31,1,559
10095,5736,64,1,409
10096,5737,115,1,719
10097,5737,56,1,1759
10098,5737,51,1,779
10099,5738,59,2,769
10100,5738,46,1,189
10101,5738,115,1,719
10102,5739,66,1,399
10103,5740,1,1,3829
10104,5740,41,1,1269
10105,5741,59,1,769
10106,5741,52,1,329
10107,5741,17,2,949
10108,5742,28,1,1269
10109,5743,70,1,1079
10110,5744,69,1,659
10111,5744,20,1,20069
10112,5745,71,1,1049
10113,5745,79,1,919
10114,5746,24,1,3709
10115,5747,102,1,3799
10116,5748,17,1,949
10117,5749,72,1,2639
10118,5750,117,2,799
10119,5751,42,2,1139
10120,5751,2,1,1219
10121,5752,69,1,659
10122,5753,44,1,4769
10123,5754,120,1,639
10124,5755,120,1,639
10125,5756,109,2,3939
10126,5756,55,2,1309
10127,5756,101,1,3679
10128,5757,93,1,849
10129,5758,16,2,2829
10130,5759,107,1,429
10131,5760,107,1,429
10132,5761,69,3,659
10133,5762,69,1,659
10134,5762,12,1,18439
10135,5763,67,1,229
10136,5764,115,1,719
10137,5764,76,1,999
10138,5764,46,1,189
10139,5765,22,1,13689
10140,5766,45,1,1869
10141,5766,27,2,1069
10142,5766,61,1,1759
10143,5767,106,1,419
10144,5767,103,1,2229
10145,5768,105,1,4109
10146,5769,13,1,2419
10147,5769,14,1,1959
10148,5770,25,1,1279
10149,5771,107,1,429
10150,5772,56,1,1759
10151,5772,99,1,769
10152,5773,27,2,1069
10153,5773,53,1,319
10154,5774,110,1,3309
10155,5775,6,1,599
10156,5775,96,1,2909
10157,5776,49,1,1609
10158,5776,25,1,1279
10159,5776,68,1,859
10160,5776,64,1,409
10161,5777,51,1,779
10162,5777,28,1,1269
10163,5778,1,1,3829
10164,5779,56,3,1759
10165,5779,110,2,3309
10166,5779,73,1,399
10167,5779,42,2,1139
10168,5780,34,2,349
10169,5781,109,1,3939
10170,5782,68,1,859
10171,5783,55,1,1309
10172,5784,78,1,2029
10173,5785,53,1,319
10174,5785,90,1,1329
10175,5785,28,2,1269
10176,5786,42,1,1139
10177,5787,44,1,4769
10178,5787,36,1,3429
10179,5787,8,2,659
10180,5788,118,1,499
10181,5789,83,1,449
10182,5789,90,1,1329
10183,5790,43,3,209
10184,5790,87,1,219
10185,5791,53,1,319
10186,5791,33,1,849
10187,5791,20,1,20069
10188,5792,87,2,219
10189,5792,33,1,849
10190,5793,89,1,949
10191,5794,94,1,889
10192,5795,68,1,859
10193,5795,63,3,339
10194,5795,49,1,1609
10195,5796,70,1,1079
10196,5796,16,1,2829
10197,5796,48,3,509
10198,5797,73,2,399
10199,5797,12,3,18439
10200,5798,79,1,919
10201,5798,49,2,1609
10202,5799,37,1,1449
10203,5800,98,2,2369
10204,5800,73,1,399
10205,5801,3,1,6139
10206,5801,1,1,3829
10207,5802,2,2,1219
10208,5803,102,1,3799
10209,5804,42,2,1139
10210,5804,19,1,579
10211,5805,26,2,4509
10212,5805,109,1,3939
10213,5806,101,1,3679
10214,5806,98,1,2369
10215,5807,3,2,6139
10216,5808,24,1,3709
10217,5809,59,1,769
10218,5809,114,2,879
10219,5810,92,2,219
10220,5810,36,1,3429
10221,5810,89,1,949
10222,5810,93,1,849
10223,5811,67,3,229
10224,5811,50,1,2799
10225,5812,104,3,379
10226,5812,43,1,209
10227,5813,111,1,479
10228,5813,91,1,1129
10229,5814,20,1,20069
10230,5815,105,1,4109
10231,5815,20,2,20069
10232,5816,31,1,559
10233,5817,67,1,229
10234,5818,86,1,249
10235,5818,52,1,329
10236,5819,93,1,849
10237,5819,84,1,219
10238,5820,111,2,479
10239,5820,49,2,1609
10240,5821,118,2,499
10241,5821,85,1,1849
10242,5822,119,2,379
10243,5823,91,1,1129
10244,5824,24,2,3709
10245,5825,21,3,1179
10246,5825,15,1,4069
10247,5826,19,1,579
10248,5827,64,2,409
10249,5828,24,1,3709
10250,5829,56,1,1759
10251,5829,119,1,379
10252,5830,56,1,1759
10253,5830,26,1,4509
10254,5830,47,1,2899
10255,5831,84,1,219
10256,5831,56,1,1759
10257,5832,91,1,1129
10258,5833,95,1,1949
10259,5834,28,1,1269
10260,5835,90,3,1329
10261,5835,75,1,2779
10262,5835,40,1,549
10263,5836,109,1,3939
10264,5836,17,3,949
10265,5837,99,1,769
10266,5838,77,1,259
10267,5839,66,1,399
10268,5839,72,1,2639
10269,5840,40,1,549
10270,5840,82,1,1249
10271,5841,43,1,209
10272,5841,100,1,859
10273,5841,51,1,779
10274,5842,77,1,259
10275,5842,8,1,659
10276,5843,66,2,399
10277,5844,101,1,3679
10278,5844,52,1,329
10279,5845,103,1,2229
10280,5846,105,1,4109
10281,5847,6,1,599
10282,5848,51,2,779
10283,5849,28,1,1269
10284,5850,17,2,949
10285,5851,37,1,1449
10286,5851,103,1,2229
10287,5852,48,1,509
10288,5853,25,1,1279
10289,5853,46,3,189
10290,5853,72,1,2639
10291,5854,36,1,3429
10292,5855,53,1,319
10293,5855,69,1,659
10294,5856,4,2,9779
10295,5857,26,1,4509
10296,5857,55,1,1309
10297,5858,2,1,1219
10298,5859,17,1,949
10299,5860,41,1,1269
10300,5861,109,1,3939
10301,5862,5,1,16419
10302,5862,63,1,339
10303,5863,39,1,409
10304,5863,2,1,1219
10305,5863,69,1,659
10306,5864,47,2,2899
10307,5864,19,1,579
10308,5865,109,1,3939
10309,5865,60,1,679
10310,5866,102,1,3799
10311,5867,54,1,199
10312,5867,63,1,339
10313,5868,30,1,299
10314,5868,14,1,1959
10315,5868,90,1,1329
10316,5868,20,1,20069
10317,5869,46,1,189
10318,5869,97,2,1049
10319,5870,88,1,509
10320,5870,28,1,1269
10321,5871,36,1,3429
10322,5871,9,1,11269
10323,5872,109,1,3939
10324,5873,35,1,1069
10325,5873,40,1,549
10326,5873,72,1,2639
10327,5873,102,1,3799
10328,5874,89,1,949
10329,5874,92,3,219
10330,5875,74,1,569
10331,5875,15,2,4069
10332,5876,24,1,3709
10333,5877,31,1,559
10334,5878,105,2,4109
10335,5878,44,1,4769
10336,5879,33,2,849
10337,5880,75,1,2779
10338,5880,40,1,549
10339,5881,106,1,419
10340,5881,14,1,1959
10341,5882,113,1,559
10342,5883,29,3,1079
10343,5883,55,1,1309
10344,5884,41,1,1269
10345,5885,101,1,3679
10346,5886,83,1,449
10347,5886,66,1,399
10348,5886,120,1,639
10349,5887,22,1,13689
10350,5888,50,1,2799
10351,5888,32,2,1029
10352,5889,38,1,339
10353,5889,77,1,259
10354,5889,68,1,859
10355,5890,106,1,419
10356,5891,87,1,219
10357,5891,17,3,949
10358,5892,91,1,1129
10359,5893,102,1,3799
10360,5894,118,1,499
10361,5894,96,1,2909
10362,5895,117,1,799
10363,5895,41,1,1269
10364,5896,115,1,719
10365,5896,74,1,569
10366,5896,116,1,259
10367,5897,50,3,2799
10368,5898,17,1,949
10369,5898,36,1,3429
10370,5899,16,2,2829
10371,5899,28,1,1269
10372,5899,70,3,1079
10373,5900,85,1,1849
10374,5900,22,1,13689
10375,5901,2,1,1219
10376,5902,13,1,2419
10377,5903,101,1,3679
10378,5903,96,2,2909
10379,5904,83,1,449
10380,5904,110,2,3309
10381,5905,20,1,20069
10382,5905,118,1,499
10383,5906,44,1,4769
10384,5906,112,1,139
10385,5906,59,1,769
10386,5907,5,1,16419
10387,5908,4,1,9779
10388,5908,111,2,479
10389,5909,58,1,329
10390,5910,81,1,2109
10391,5910,1,1,3829
10392,5911,92,1,219
10393,5912,44,1,4769
10394,5912,115,2,719
10395,5913,50,1,2799
10396,5914,5,1,16419
10397,5914,92,2,219
10398,5914,8,1,659
10399,5915,6,1,599
10400,5915,17,2,949
10401,5916,73,1,399
10402,5916,66,1,399
10403,5917,34,2,349
10404,5917,97,3,1049
10405,5918,88,1,509
10406,5918,111,1,479
10407,5918,5,1,16419
10408,5919,23,3,11319
10409,5919,92,1,219
10410,5919,20,2,20069
10411,5919,36,2,3429
10412,5920,102,1,3799
10413,5921,9,2,11269
10414,5921,45,1,1869
10415,5922,73,1,399
10416,5922,85,1,1849
10417,5923,14,1,1959
10418,5924,64,2,409
10419,5925,34,1,349
10420,5925,110,2,3309
10421,5926,115,1,719
10422,5926,110,2,3309
10423,5927,91,1,1129
10424,5928,55,2,1309
10425,5928,101,1,3679
10426,5929,80,1,669
10427,5929,2,1,1219
10428,5930,48,1,509
10429,5931,32,1,1029
10430,5931,24,2,3709
10431,5931,3,2,6139
10432,5932,71,1,1049
10433,5932,56,1,1759
10434,5933,116,1,259
10435,5933,34,1,349
10436,5934,61,1,1759
10437,5934,84,1,219
10438,5934,120,3,639
10439,5935,33,1,849
10440,5935,6,1,599
10441,5935,52,2,329
10442,5936,5,1,16419
10443,5937,78,1,2029
10444,5938,5,1,16419
10445,5938,48,1,509
10446,5939,44,1,4769
10447,5939,53,2,319
10448,5940,72,1,2639
10449,5941,65,1,119
10450,5941,11,2,3959
10451,5941,104,1,379
10452,5941,47,1,2899
10453,5942,107,1,429
10454,5942,76,1,999
10455,5943,30,1,299
10456,5944,23,2,11319
10457,5945,69,1,659
10458,5945,60,1,679
10459,5945,53,1,319
10460,5945,91,1,1129
10461,5946,81,1,2109
10462,5947,118,1,499
10463,5948,94,2,889
10464,5949,51,2,779
10465,5950,22,1,13689
10466,5950,48,1,509
10467,5951,57,1,1059
10468,5951,6,1,599
10469,5952,57,1,1059
10470,5953,110,1,3309
10471,5953,118,1,499
10472,5954,105,1,4109
10473,5954,8,1,659
10474,5955,6,1,599
10475,5955,40,1,549
10476,5955,59,1,769
10477,5955,117,1,799
10478,5956,71,1,1049
10479,5956,94,1,889
10480,5956,60,1,679
10481,5957,92,1,219
10482,5958,54,1,199
10483,5959,89,3,949
10484,5959,47,2,2899
10485,5959,55,1,1309
10486,5959,28,1,1269
10487,5960,116,1,259
10488,5960,10,1,13239
10489,5961,60,1,679
10490,5961,91,2,1129
10491,5962,17,1,949
10492,5963,104,1,379
10493,5963,109,1,3939
10494,5963,15,1,4069
10495,5964,105,1,4109
10496,5965,56,2,1759
10497,5965,32,2,1029
10498,5965,108,3,909
10499,5965,46,1,189
10500,5966,76,2,999
10501,5966,33,1,849
10502,5967,27,1,1069
10503,5967,12,1,18439
10504,5967,3,1,6139
10505,5968,7,1,3279
10506,5969,25,2,1279
10507,5969,86,2,249
10508,5969,44,1,4769
10509,5970,6,1,599
10510,5970,8,1,659
10511,5971,86,1,249
10512,5971,85,1,1849
10513,5972,78,1,2029
10514,5973,57,1,1059
10515,5973,46,3,189
10516,5973,83,1,449
10517,5973,101,1,3679
10518,5974,63,1,339
10519,5974,94,1,889
10520,5974,45,1,1869
10521,5974,16,1,2829
10522,5975,40,2,549
10523,5975,94,3,889
10524,5975,90,1,1329
10525,5975,89,1,949
10526,5976,14,1,1959
10527,5977,114,1,879
10528,5978,118,1,499
10529,5979,45,2,1869
10530,5980,60,1,679
10531,5981,97,1,1049
10532,5982,91,2,1129
10533,5983,100,3,859
10534,5983,23,1,11319
10535,5983,13,1,2419
10536,5983,30,1,299
10537,5984,96,1,2909
10538,5985,24,1,3709
10539,5986,78,1,2029
10540,5987,88,1,509
10541,5987,106,1,419
10542,5988,110,1,3309
10543,5988,57,1,1059
10544,5989,30,1,299
10545,5990,44,1,4769
10546,5991,34,2,349
10547,5991,27,1,1069
10548,5992,45,1,1869
10549,5992,59,1,769
10550,5992,113,1,559
10551,5992,42,1,1139
10552,5993,53,1,319
10553,5993,34,1,349
10554,5993,16,1,2829
10555,5994,14,2,1959
10556,5995,68,1,859
10557,5996,13,1,2419
10558,5996,71,2,1049
10559,5997,75,2,2779
10560,5997,67,2,229
10561,5997,66,1,399
10562,5998,22,1,13689
10563,5998,47,2,2899
10564,5998,27,1,1069
10565,5999,100,1,859
10566,6000,88,1,509
10567,6001,40,1,549
10568,6001,101,1,3679
10569,6002,13,1,2419
10570,6003,58,1,329
10571,6003,106,1,419
10572,6003,34,1,349
10573,6003,56,1,1759
10574,6004,46,1,189
10575,6004,111,1,479
10576,6005,90,1,1329
10577,6006,87,2,219
10578,6007,116,1,259
10579,6008,25,1,1279
10580,6008,59,2,769
10581,6009,11,1,3959
10582,6010,82,2,1249
10583,6011,97,1,1049
10584,6011,6,1,599
10585,6011,117,1,799
10586,6011,10,1,13239
10587,6012,72,1,2639
10588,6012,107,1,429
10589,6013,73,1,399
10590,6014,107,1,429
10591,6014,104,1,379
10592,6014,54,1,199
10593,6015,74,1,569
10594,6015,11,1,3959
10595,6015,18,2,10659
10596,6016,46,1,189
10597,6017,58,2,329
10598,6017,32,1,1029
10599,6018,107,1,429
10600,6019,50,2,2799
10601,6020,98,2,2369
10602,6020,86,1,249
10603,6020,40,1,549
10604,6021,104,2,379
10605,6021,58,1,329
10606,6022,61,3,1759
10607,6022,45,1,1869
10608,6022,73,1,399
10609,6023,18,1,10659
10610,6024,10,2,13239
10611,6024,73,2,399
10612,6024,83,1,449
10613,6025,8,1,659
10614,6025,16,1,2829
10615,6025,98,1,2369
10616,6026,39,2,409
10617,6026,48,1,509
10618,6027,68,1,859
10619,6028,85,1,1849
10620,6028,117,2,799
10621,6029,93,1,849
10622,6029,15,1,4069
10623,6029,68,1,859
10624,6030,82,3,1249
10625,6031,60,3,679
10626,6031,53,2,319
10627,6032,70,2,1079
10628,6033,48,1,509
10629,6034,11,2,3959
10630,6035,42,1,1139
10631,6035,114,1,879
10632,6035,25,2,1279
10633,6036,71,1,1049
10634,6036,87,1,219
10635,6037,66,1,399
10636,6038,38,1,339
10637,6038,5,2,16419
10638,6038,23,1,11319
10639,6039,48,1,509
10640,6039,30,1,299
10641,6040,117,1,799
10642,6041,5,1,16419
10643,6041,57,1,1059
10644,6041,25,1,1279
10645,6042,95,1,1949
10646,6043,109,1,3939
10647,6043,101,1,3679
10648,6044,3,1,6139
10649,6045,93,1,849
10650,6046,75,1,2779
10651,6046,79,1,919
10652,6047,119,1,379
10653,6048,13,1,2419
10654,6048,116,1,259
10655,6048,67,2,229
10656,6049,74,1,569
10657,6050,48,1,509
10658,6050,118,1,499
10659,6051,24,1,3709
10660,6052,30,3,299
10661,6052,13,2,2419
10662,6053,32,1,1029
10663,6053,44,1,4769
10664,6054,94,1,889
10665,6055,108,1,909
10666,6056,120,1,639
10667,6057,39,1,409
10668,6057,40,1,549
10669,6058,118,1,499
10670,6058,57,2,1059
10671,6059,80,2,669
10672,6060,29,3,1079
10673,6060,22,1,13689
10674,6061,43,2,209
10675,6061,14,2,1959
10676,6062,54,1,199
10677,6063,74,1,569
10678,6063,89,1,949
10679,6064,110,1,3309
10680,6065,62,1,109
10681,6066,6,1,599
10682,6067,50,1,2799
10683,6068,114,1,879
10684,6069,12,1,18439
10685,6069,75,1,2779
10686,6070,89,1,949
10687,6070,14,1,1959
10688,6070,74,1,569
10689,6070,18,3,10659
10690,6071,25,1,1279
10691,6071,49,1,1609
10692,6071,41,1,1269
10693,6072,49,1,1609
10694,6073,8,1,659
10695,6074,104,1,379
10696,6074,1,1,3829
10697,6074,118,1,499
10698,6075,55,1,1309
10699,6075,15,1,4069
10700,6075,45,2,1869
10701,6075,80,1,669
10702,6076,70,2,1079
10703,6076,20,1,20069
10704,6077,41,1,1269
10705,6077,26,1,4509
10706,6078,44,1,4769
10707,6078,75,1,2779
10708,6079,42,1,1139
10709,6079,13,1,2419
10710,6080,14,1,1959
10711,6081,56,1,1759
10712,6082,18,1,10659
10713,6083,94,1,889
10714,6084,17,1,949
10715,6085,110,1,3309
10716,6085,66,1,399
10717,6085,58,1,329
10718,6086,113,1,559
10719,6087,21,1,1179
10720,6088,103,1,2229
10721,6089,44,1,4769
10722,6090,68,1,859
10723,6091,43,3,209
10724,6092,44,1,4769
10725,6093,27,1,1069
10726,6094,60,1,679
10727,6094,29,1,1079
10728,6095,101,2,3679
10729,6096,70,1,1079
10730,6097,69,1,659
10731,6098,93,1,849
10732,6098,40,1,549
10733,6098,110,2,3309
10734,6098,95,1,1949
10735,6099,5,1,16419
10736,6100,42,1,1139
10737,6100,2,1,1219
10738,6101,54,1,199
10739,6101,76,1,999
10740,6101,13,1,2419
10741,6101,96,1,2909
10742,6102,97,1,1049
10743,6103,58,1,329
10744,6103,39,1,409
10745,6104,11,1,3959
10746,6104,69,1,659
10747,6105,60,1,679
10748,6106,53,2,319
10749,6106,33,1,849
10750,6107,67,2,229
10751,6107,11,1,3959
10752,6107,90,1,1329
10753,6107,5,1,16419
10754,6108,87,1,219
10755,6109,31,2,559
10756,6109,51,3,779
10757,6110,10,1,13239
10758,6110,107,1,429
10759,6111,49,1,1609
10760,6111,45,1,1869
10761,6112,99,2,769
10762,6113,76,1,999
10763,6114,92,1,219
10764,6115,95,1,1949
10765,6115,13,1,2419
10766,6116,72,1,2639
10767,6117,9,1,11269
10768,6117,29,1,1079
10769,6117,59,1,769
10770,6117,112,1,139
10771,6118,54,1,199
10772,6119,37,1,1449
10773,6120,21,1,1179
10774,6121,63,1,339
10775,6121,115,1,719
10776,6122,113,1,559
10777,6122,115,1,719
10778,6122,114,2,879
10779,6123,47,1,2899
10780,6123,20,1,20069
10781,6124,84,1,219
10782,6125,66,2,399
10783,6126,60,1,679
10784,6127,113,1,559
10785,6127,14,1,1959
10786,6128,118,1,499
10787,6129,19,1,579
10788,6130,97,2,1049
10789,6130,1,1,3829
10790,6131,1,2,3829
10791,6132,7,1,3279
10792,6132,23,1,11319
10793,6133,36,1,3429
10794,6133,27,1,1069
10795,6134,11,1,3959
10796,6135,9,1,11269
10797,6136,75,1,2779
10798,6136,10,1,13239
10799,6137,99,2,769
10800,6138,73,1,399
10801,6139,73,1,399
10802,6139,55,1,1309
10803,6140,18,1,10659
10804,6140,89,1,949
10805,6140,50,1,2799
10806,6141,25,1,1279
10807,6141,73,1,399
10808,6142,106,1,419
10809,6143,8,2,659
10810,6143,77,1,259
10811,6144,44,3,4769
10812,6145,28,1,1269
10813,6145,31,1,559
10814,6146,113,1,559
10815,6146,8,1,659
10816,6147,14,1,1959
10817,6147,3,1,6139
10818,6148,44,1,4769
10819,6149,41,2,1269
10820,6150,64,1,409
10821,6150,105,1,4109
10822,6151,107,1,429
10823,6152,8,1,659
10824,6153,101,1,3679
10825,6153,22,1,13689
10826,6153,97,1,1049
10827,6154,38,1,339
10828,6155,97,1,1049
10829,6155,43,1,209
10830,6155,91,1,1129
10831,6156,47,1,2899
10832,6157,20,1,20069
10833,6158,13,1,2419
10834,6158,22,2,13689
10835,6159,105,1,4109
10836,6159,88,1,509
10837,6160,91,1,1129
10838,6160,22,1,13689
10839,6161,112,1,139
10840,6161,120,2,639
10841,6161,36,1,3429
10842,6162,102,3,3799
10843,6163,79,1,919
10844,6163,32,2,1029
10845,6163,69,2,659
10846,6163,87,1,219
10847,6164,48,1,509
10848,6165,53,2,319
10849,6165,111,2,479
10850,6165,97,1,1049
10851,6166,30,1,299
10852,6167,107,2,429
10853,6167,37,1,1449
10854,6167,11,1,3959
10855,6168,67,1,229
10856,6168,92,1,219
10857,6169,111,1,479
10858,6170,38,1,339
10859,6171,12,1,18439
10860,6171,93,1,849
10861,6172,26,1,4509
10862,6173,114,1,879
10863,6174,80,1,669
10864,6174,71,1,1049
10865,6174,66,1,399
10866,6175,61,1,1759
10867,6175,89,1,949
10868,6175,34,1,349
10869,6175,23,1,11319
10870,6176,104,1,379
10871,6176,1,1,3829
10872,6177,40,1,549
10873,6178,56,1,1759
10874,6179,1,1,3829
10875,6180,59,1,769
10876,6180,37,3,1449
10877,6181,109,1,3939
10878,6182,85,1,1849
10879,6183,86,1,249
10880,6184,2,1,1219
10881,6184,62,1,109
10882,6185,56,1,1759
10883,6185,46,3,189
10884,6186,56,1,1759
10885,6187,105,1,4109
10886,6187,30,1,299
10887,6188,34,1,349
10888,6189,83,1,449
10889,6190,43,1,209
10890,6190,6,1,599
10891,6191,2,1,1219
10892,6192,116,2,259
10893,6192,58,1,329
10894,6193,113,2,559
10895,6194,104,2,379
10896,6194,61,1,1759
10897,6194,27,1,1069
10898,6195,73,3,399
10899,6195,8,1,659
10900,6196,44,1,4769
10901,6196,81,1,2109
10902,6197,15,1,4069
10903,6198,98,1,2369
10904,6199,77,2,259
10905,6199,58,1,329
10906,6199,89,2,949
10907,6199,43,1,209
10908,6200,51,1,779
10909,6200,118,1,499
10910,6200,120,3,639
10911,6201,28,2,1269
10912,6202,42,2,1139
10913,6203,81,1,2109
10914,6204,81,1,2109
10915,6205,46,1,189
10916,6206,54,1,199
10917,6207,91,1,1129
10918,6207,20,1,20069
10919,6207,46,1,189
10920,6208,97,1,1049
10921,6209,46,1,189
10922,6210,119,2,379
10923,6211,26,1,4509
10924,6212,82,1,1249
10925,6213,31,3,559
10926,6214,60,1,679
10927,6214,10,1,13239
10928,6215,76,1,999
10929,6216,51,1,779
10930,6217,35,1,1069
10931,6217,78,1,2029
10932,6218,83,1,449
10933,6219,64,1,409
10934,6219,5,1,16419
10935,6220,117,1,799
10936,6221,66,3,399
10937,6221,92,1,219
10938,6221,61,1,1759
10939,6222,16,2,2829
10940,6222,91,1,1129
10941,6223,61,1,1759
10942,6223,120,2,639
10943,6223,110,1,3309
10944,6223,92,3,219
10945,6224,7,1,3279
10946,6224,85,1,1849
10947,6224,30,1,299
10948,6225,71,1,1049
10949,6225,110,1,3309
10950,6226,3,2,6139
10951,6226,77,1,259
10952,6226,23,1,11319
10953,6227,57,1,1059
10954,6227,89,2,949
10955,6227,37,2,1449
10956,6228,86,1,249
10957,6229,88,1,509
10958,6229,5,1,16419
10959,6230,57,1,1059
10960,6230,92,1,219
10961,6231,111,1,479
10962,6232,52,1,329
10963,6233,92,1,219
10964,6233,35,1,1069
10965,6234,27,1,1069
10966,6235,98,1,2369
10967,6235,45,1,1869
10968,6235,10,1,13239
10969,6236,110,1,3309
10970,6236,68,1,859
10971,6237,49,1,1609
10972,6237,42,2,1139
10973,6238,88,2,509
10974,6239,28,1,1269
10975,6240,37,1,1449
10976,6241,110,1,3309
10977,6242,111,3,479
10978,6242,79,1,919
10979,6242,84,1,219
10980,6243,110,1,3309
10981,6243,97,1,1049
10982,6243,55,1,1309
10983,6244,20,1,20069
10984,6245,77,1,259
10985,6246,118,1,499
10986,6246,84,2,219
10987,6247,44,1,4769
10988,6247,94,1,889
10989,6247,102,1,3799
10990,6248,3,2,6139
10991,6249,16,1,2829
10992,6249,107,1,429
10993,6250,15,1,4069
10994,6251,60,3,679
10995,6252,30,2,299
10996,6252,31,3,559
10997,6253,74,1,569
10998,6253,90,1,1329
10999,6253,41,2,1269
11000,6254,114,1,879
11001,6254,15,1,4069
11002,6255,36,1,3429
11003,6256,54,1,199
11004,6257,70,1,1079
11005,6257,37,1,1449
11006,6257,97,1,1049
11007,6258,109,1,3939
11008,6259,21,1,1179
11009,6259,62,1,109
11010,6260,104,1,379
11011,6261,83,1,449
11012,6261,48,1,509
11013,6262,74,1,569
11014,6263,76,1,999
11015,6264,107,1,429
11016,6264,23,1,11319
11017,6265,46,1,189
11018,6266,94,1,889
11019,6266,97,1,1049
11020,6267,119,1,379
11021,6267,83,1,449
11022,6267,100,1,859
11023,6267,103,1,2229
11024,6268,90,1,1329
11025,6268,2,1,1219
11026,6269,42,2,1139
11027,6269,32,1,1029
11028,6270,112,1,139
11029,6270,31,1,559
11030,6271,92,1,219
11031,6271,44,1,4769
11032,6271,9,1,11269
11033,6271,14,3,1959
11034,6272,46,1,189
11035,6272,97,1,1049
11036,6273,103,1,2229
11037,6274,114,1,879
11038,6274,56,2,1759
11039,6275,14,1,1959
11040,6275,59,1,769
11041,6276,6,1,599
11042,6277,82,1,1249
11043,6277,35,1,1069
11044,6277,62,1,109
11045,6277,60,1,679
11046,6278,25,1,1279
11047,6278,106,1,419
11048,6278,39,1,409
11049,6279,13,1,2419
11050,6279,41,1,1269
11051,6280,56,2,1759
11052,6281,24,1,3709
11053,6282,99,1,769
11054,6282,77,2,259
11055,6283,87,1,219
11056,6284,69,1,659
11057,6284,80,3,669
11058,6284,36,1,3429
11059,6285,87,1,219
11060,6285,71,1,1049
11061,6286,27,1,1069
11062,6287,39,1,409
11063,6287,31,1,559
11064,6288,75,1,2779
11065,6288,104,3,379
11066,6289,18,1,10659
11067,6290,37,2,1449
11068,6291,98,2,2369
11069,6292,26,2,4509
11070,6292,103,1,2229
11071,6292,16,1,2829
11072,6293,3,2,6139
11073,6293,32,1,1029
11074,6294,51,1,779
11075,6295,112,1,139
11076,6296,105,1,4109
11077,6297,19,3,579
11078,6297,100,2,859
11079,6297,120,1,639
11080,6298,63,1,339
11081,6299,53,1,319
11082,6300,77,1,259
11083,6301,102,1,3799
11084,6302,8,1,659
11085,6303,18,2,10659
11086,6304,12,1,18439
11087,6304,55,1,1309
11088,6305,81,2,2109
11089,6305,15,3,4069
11090,6306,89,1,949
11091,6306,82,1,1249
11092,6307,11,1,3959
11093,6308,4,2,9779
11094,6308,14,1,1959
11095,6308,65,1,119
11096,6308,93,2,849
11097,6309,22,2,13689
11098,6309,25,1,1279
11099,6309,9,1,11269
11100,6309,28,1,1269
11101,6310,62,1,109
11102,6311,98,1,2369
11103,6311,118,1,499
11104,6312,68,1,859
11105,6312,61,1,1759
11106,6313,94,3,889
11107,6314,97,3,1049
11108,6314,11,1,3959
11109,6314,14,2,1959
11110,6315,54,1,199
11111,6316,2,1,1219
11112,6316,83,1,449
11113,6317,85,1,1849
11114,6318,14,1,1959
11115,6319,109,3,3939
11116,6320,73,1,399
11117,6321,11,2,3959
11118,6322,110,2,3309
11119,6322,96,2,2909
11120,6322,4,2,9779
11121,6323,74,2,569
11122,6324,82,1,1249
11123,6325,24,2,3709
11124,6325,43,1,209
11125,6325,20,3,20069
11126,6326,111,1,479
11127,6326,16,1,2829
11128,6327,8,1,659
11129,6327,59,1,769
11130,6328,57,1,1059
11131,6328,10,1,13239
11132,6329,94,1,889
11133,6329,11,1,3959
11134,6329,87,1,219
11135,6330,28,1,1269
11136,6330,15,1,4069
11137,6331,65,2,119
11138,6332,88,1,509
11139,6332,64,1,409
11140,6333,2,1,1219
11141,6333,1,1,3829
11142,6333,12,2,18439
11143,6334,39,3,409
11144,6335,111,2,479
11145,6336,53,2,319
11146,6336,17,1,949
11147,6337,86,1,249
11148,6338,110,1,3309
11149,6338,25,1,1279
11150,6338,10,1,13239
11151,6338,41,2,1269
11152,6339,101,1,3679
11153,6339,34,1,349
11154,6340,78,1,2029
11155,6340,72,1,2639
11156,6341,64,1,409
11157,6341,9,1,11269
11158,6342,6,1,599
11159,6342,82,1,1249
11160,6342,78,1,2029
11161,6342,71,2,1049
11162,6343,41,1,1269
11163,6343,102,2,3799
11164,6344,37,2,1449
11165,6345,21,1,1179
11166,6346,40,1,549
11167,6347,120,1,639
11168,6347,23,1,11319
11169,6348,28,1,1269
11170,6348,44,1,4769
11171,6349,53,1,319
11172,6349,84,1,219
11173,6349,9,1,11269
11174,6350,70,1,1079
11175,6351,63,1,339
11176,6352,104,1,379
11177,6353,30,1,299
11178,6354,76,1,999
11179,6355,118,1,499
11180,6356,104,1,379
11181,6357,16,2,2829
11182,6357,97,1,1049
11183,6357,45,1,1869
11184,6358,14,1,1959
11185,6359,30,2,299
11186,6359,14,1,1959
11187,6360,85,1,1849
11188,6361,37,1,1449
11189,6362,11,1,3959
11190,6363,58,1,329
11191,6363,15,1,4069
11192,6364,97,2,1049
11193,6364,73,1,399
11194,6364,1,3,3829
11195,6364,28,1,1269
11196,6365,83,1,449
11197,6366,56,1,1759
11198,6366,115,1,719
11199,6367,79,1,919
11200,6367,68,1,859
11201,6367,7,2,3279
11202,6368,62,1,109
11203,6369,45,1,1869
11204,6370,10,1,13239
11205,6370,30,1,299
11206,6371,91,1,1129
11207,6371,116,1,259
11208,6372,77,2,259
11209,6373,83,1,449
11210,6373,8,1,659
11211,6374,59,1,769
11212,6374,38,1,339
11213,6374,86,1,249
11214,6375,16,2,2829
11215,6375,100,1,859
11216,6375,116,2,259
11217,6375,18,1,10659
11218,6376,40,1,549
11219,6377,81,3,2109
11220,6378,67,1,229
11221,6379,71,1,1049
11222,6380,56,1,1759
11223,6381,104,1,379
11224,6381,38,1,339
11225,6381,120,1,639
11226,6382,88,1,509
11227,6383,61,1,1759
11228,6384,66,1,399
11229,6384,11,1,3959
11230,6385,3,1,6139
11231,6385,20,1,20069
11232,6386,9,2,11269
11233,6386,66,1,399
11234,6386,109,2,3939
11235,6387,10,1,13239
11236,6388,35,1,1069
11237,6389,96,1,2909
11238,6390,56,1,1759
11239,6391,65,1,119
11240,6392,35,1,1069
11241,6392,1,1,3829
11242,6392,91,1,1129
11243,6393,17,3,949
11244,6393,77,2,259
11245,6393,116,2,259
11246,6394,12,1,18439
11247,6395,119,1,379
11248,6395,70,1,1079
11249,6395,39,1,409
11250,6396,1,2,3829
11251,6396,14,1,1959
11252,6397,120,1,639
11253,6397,3,1,6139
11254,6398,16,1,2829
11255,6399,118,1,499
11256,6400,17,1,949
11257,6401,92,1,219
11258,6401,32,1,1029
11259,6402,98,2,2369
11260,6403,90,2,1329
11261,6404,103,1,2229
11262,6404,104,3,379
11263,6404,65,1,119
11264,6404,84,1,219
11265,6405,25,2,1279
11266,6405,74,1,569
11267,6406,6,1,599
11268,6407,83,1,449
11269,6408,4,2,9779
11270,6409,28,1,1269
11271,6410,53,1,319
11272,6410,76,1,999
11273,6411,21,2,1179
11274,6412,35,1,1069
11275,6413,1,1,3829
11276,6413,3,1,6139
11277,6414,75,1,2779
11278,6415,22,2,13689
11279,6416,66,1,399
11280,6417,106,1,419
11281,6417,42,1,1139
11282,6418,55,2,1309
11283,6419,6,1,599
11284,6419,120,1,639
11285,6420,72,3,2639
11286,6420,17,1,949
11287,6420,25,1,1279
11288,6421,85,2,1849
11289,6422,23,2,11319
11290,6422,30,1,299
11291,6423,89,2,949
11292,6424,47,1,2899
11293,6425,111,1,479
11294,6426,45,1,1869
11295,6426,96,1,2909
11296,6427,30,1,299
11297,6427,108,1,909
11298,6428,87,2,219
11299,6429,41,1,1269
11300,6430,105,1,4109
11301,6431,5,1,16419
11302,6431,82,2,1249
11303,6432,5,1,16419
11304,6432,79,2,919
11305,6433,97,1,1049
11306,6434,82,1,1249
11307,6435,27,1,1069
11308,6435,7,1,3279
11309,6436,118,1,499
11310,6437,35,1,1069
11311,6438,85,1,1849
11312,6438,16,1,2829
11313,6439,94,1,889
11314,6439,42,2,1139
11315,6440,79,1,919
11316,6440,75,1,2779
11317,6441,7,1,3279
11318,6442,63,1,339
11319,6442,10,1,13239
11320,6443,4,1,9779
11321,6444,96,1,2909
11322,6444,97,1,1049
11323,6444,32,1,1029
11324,6445,97,1,1049
11325,6446,105,1,4109
11326,6446,36,1,3429
11327,6446,73,1,399
11328,6447,110,1,3309
11329,6447,79,1,919
11330,6447,92,1,219
11331,6448,116,2,259
11332,6448,91,2,1129
11333,6448,104,1,379
11334,6449,97,1,1049
11335,6449,54,1,199
11336,6449,96,1,2909
11337,6449,16,1,2829
11338,6450,6,1,599
11339,6450,2,1,1219
11340,6451,47,1,2899
11341,6452,41,1,1269
11342,6453,79,1,919
11343,6453,78,1,2029
11344,6454,91,1,1129
11345,6454,34,2,349
11346,6454,39,2,409
11347,6455,85,1,1849
11348,6456,60,1,679
11349,6456,108,1,909
11350,6456,20,3,20069
11351,6457,115,1,719
11352,6457,93,1,849
11353,6457,58,2,329
11354,6458,67,1,229
11355,6459,18,3,10659
11356,6459,41,3,1269
11357,6460,30,1,299
11358,6461,100,3,859
11359,6462,87,1,219
11360,6463,36,2,3429
11361,6464,105,1,4109
11362,6464,84,1,219
11363,6464,56,1,1759
11364,6465,84,1,219
11365,6465,54,2,199
11366,6466,23,1,11319
11367,6467,29,1,1079
11368,6467,28,1,1269
11369,6467,13,1,2419
11370,6468,105,2,4109
11371,6469,94,1,889
11372,6470,51,2,779
11373,6471,97,1,1049
11374,6472,37,1,1449
11375,6473,34,1,349
11376,6474,17,1,949
11377,6475,61,1,1759
11378,6476,69,2,659
11379,6476,119,1,379
11380,6476,3,1,6139
11381,6477,59,1,769
11382,6478,20,2,20069
11383,6478,61,2,1759
11384,6478,52,1,329
11385,6478,87,2,219
11386,6479,41,1,1269
11387,6479,96,2,2909
11388,6480,62,1,109
11389,6481,92,2,219
11390,6482,13,1,2419
11391,6482,102,1,3799
11392,6482,85,1,1849
11393,6483,57,1,1059
11394,6483,2,1,1219
11395,6484,41,1,1269
11396,6484,47,1,2899
11397,6485,94,1,889
11398,6486,49,1,1609
11399,6487,49,2,1609
11400,6487,12,1,18439
11401,6488,60,1,679
11402,6489,48,2,509
11403,6489,22,1,13689
11404,6490,92,1,219
11405,6491,100,1,859
11406,6491,46,1,189
11407,6492,112,2,139
11408,6492,82,2,1249
11409,6493,33,1,849
11410,6494,23,1,11319
11411,6494,111,1,479
11412,6495,75,1,2779
11413,6496,96,2,2909
11414,6496,11,1,3959
11415,6497,110,1,3309
11416,6498,109,1,3939
11417,6499,33,3,849
11418,6499,100,1,859
11419,6500,20,1,20069
11420,6501,107,1,429
11421,6502,109,1,3939
11422,6503,74,1,569
11423,6504,5,1,16419
11424,6504,57,1,1059
11425,6504,97,1,1049
11426,6505,16,1,2829
11427,6506,15,1,4069
11428,6506,10,1,13239
11429,6507,82,1,1249
11430,6507,64,2,409
11431,6508,52,1,329
11432,6509,39,2,409
11433,6510,101,1,3679
11434,6511,60,1,679
11435,6511,26,1,4509
11436,6512,47,1,2899
11437,6512,23,1,11319
11438,6513,96,1,2909
11439,6514,81,1,2109
11440,6515,44,1,4769
11441,6515,93,1,849
11442,6515,74,1,569
11443,6516,106,2,419
11444,6516,30,2,299
11445,6517,69,1,659
11446,6518,75,1,2779
11447,6518,73,2,399
11448,6518,11,1,3959
11449,6519,1,1,3829
11450,6520,18,2,10659
11451,6520,81,1,2109
11452,6521,57,1,1059
11453,6522,96,1,2909
11454,6523,15,2,4069
11455,6524,64,3,409
11456,6525,9,1,11269
11457,6526,7,1,3279
11458,6526,58,2,329
11459,6527,109,1,3939
11460,6527,104,1,379
11461,6527,36,2,3429
11462,6527,76,1,999
11463,6528,4,1,9779
11464,6528,7,1,3279
11465,6529,57,1,1059
11466,6530,110,1,3309
11467,6530,97,1,1049
11468,6530,2,1,1219
11469,6531,33,1,849
11470,6531,111,1,479
11471,6532,17,3,949
11472,6533,42,1,1139
11473,6534,61,1,1759
11474,6535,71,1,1049
11475,6536,40,1,549
11476,6537,115,1,719
11477,6538,45,3,1869
11478,6539,46,1,189
11479,6539,10,3,13239
11480,6540,108,1,909
11481,6540,4,1,9779
11482,6541,111,2,479
11483,6541,21,1,1179
11484,6542,29,1,1079
11485,6542,103,1,2229
11486,6542,4,1,9779
11487,6543,78,2,2029
11488,6543,101,2,3679
11489,6544,61,1,1759
11490,6544,29,1,1079
11491,6545,26,2,4509
11492,6545,65,1,119
11493,6546,74,1,569
11494,6546,43,1,209
11495,6547,20,2,20069
11496,6548,32,1,1029
11497,6548,92,1,219
11498,6548,90,1,1329
11499,6549,78,1,2029
11500,6550,36,1,3429
11501,6551,67,1,229
11502,6552,117,1,799
11503,6553,29,1,1079
11504,6553,46,1,189
11505,6553,8,1,659
11506,6553,44,1,4769
11507,6554,48,1,509
11508,6554,119,1,379
11509,6554,97,3,1049
11510,6555,106,1,419
11511,6556,64,1,409
11512,6557,90,1,1329
11513,6557,5,1,16419
11514,6557,69,1,659
11515,6558,53,1,319
11516,6559,108,1,909
11517,6559,60,3,679
11518,6560,59,3,769
11519,6561,84,1,219
11520,6561,24,1,3709
11521,6561,8,2,659
11522,6562,23,2,11319
11523,6563,20,3,20069
11524,6564,109,1,3939
11525,6565,78,1,2029
11526,6566,79,1,919
11527,6567,118,1,499
11528,6567,110,2,3309
11529,6567,120,1,639
11530,6568,21,1,1179
11531,6569,7,1,3279
11532,6569,12,1,18439
11533,6570,47,1,2899
11534,6571,47,2,2899
11535,6572,29,1,1079
11536,6572,111,1,479
11537,6573,32,1,1029
11538,6573,108,2,909
11539,6574,96,1,2909
11540,6575,16,2,2829
11541,6575,31,2,559
11542,6575,71,1,1049
11543,6576,6,3,599
11544,6576,84,3,219
11545,6577,88,1,509
11546,6577,102,1,3799
11547,6577,81,1,2109
11548,6578,22,1,13689
11549,6578,34,1,349
11550,6578,12,1,18439
11551,6579,13,1,2419
11552,6579,5,3,16419
11553,6579,4,1,9779
11554,6580,1,1,3829
11555,6581,95,1,1949
11556,6581,32,1,1029
11557,6582,57,1,1059
11558,6583,77,1,259
11559,6584,60,1,679
11560,6585,68,2,859
11561,6586,37,2,1449
11562,6586,54,3,199
11563,6587,6,1,599
11564,6588,22,1,13689
11565,6588,25,2,1279
11566,6588,19,1,579
11567,6589,109,2,3939
11568,6589,13,2,2419
11569,6590,6,1,599
11570,6591,52,1,329
11571,6591,32,3,1029
11572,6591,45,1,1869
11573,6592,73,1,399
11574,6592,80,2,669
11575,6593,63,3,339
11576,6594,37,2,1449
11577,6595,54,1,199
11578,6595,89,1,949
11579,6596,99,1,769
11580,6596,58,1,329
11581,6596,113,1,559
11582,6597,74,1,569
11583,6598,8,1,659
11584,6598,111,1,479
11585,6598,48,1,509
11586,6599,63,1,339
11587,6600,6,3,599
11588,6601,34,2,349
11589,6602,24,1,3709
11590,6603,39,1,409
11591,6604,7,1,3279
11592,6604,80,1,669
11593,6604,117,2,799
11594,6605,17,1,949
11595,6605,53,1,319
11596,6606,114,1,879
11597,6607,83,1,449
11598,6608,99,1,769
11599,6609,117,1,799
11600,6610,116,1,259
11601,6610,48,1,509
11602,6611,101,1,3679
11603,6611,51,2,779
11604,6611,22,1,13689
11605,6612,97,2,1049
11606,6613,91,2,1129
11607,6613,68,2,859
11608,6614,105,1,4109
11609,6614,29,2,1079
11610,6614,40,1,549
11611,6615,63,1,339
11612,6615,81,1,2109
11613,6616,68,1,859
11614,6617,67,1,229
11615,6617,109,1,3939
11616,6617,113,1,559
11617,6618,73,1,399
11618,6619,29,1,1079
11619,6619,37,1,1449
11620,6620,5,1,16419
11621,6621,9,1,11269
11622,6622,64,1,409
11623,6623,100,1,859
11624,6623,23,1,11319
11625,6624,4,1,9779
11626,6624,79,2,919
11627,6625,94,1,889
11628,6626,96,1,2909
11629,6627,6,1,599
11630,6627,69,1,659
11631,6627,12,1,18439
11632,6627,14,1,1959
11633,6628,118,2,499
11634,6629,115,1,719
11635,6630,68,1,859
11636,6631,109,1,3939
11637,6632,58,1,329
11638,6632,10,1,13239
11639,6632,34,1,349
11640,6633,33,1,849
11641,6633,46,1,189
11642,6633,116,1,259
11643,6634,117,1,799
11644,6635,118,1,499
11645,6635,9,1,11269
11646,6636,50,1,2799
11647,6637,53,1,319
11648,6637,108,2,909
11649,6638,99,1,769
11650,6639,80,1,669
11651,6640,102,2,3799
11652,6641,50,1,2799
11653,6642,75,2,2779
11654,6643,118,3,499
11655,6644,94,1,889
11656,6645,93,1,849
11657,6646,77,1,259
11658,6647,24,1,3709
11659,6647,42,1,1139
11660,6647,2,1,1219
11661,6648,54,1,199
11662,6648,88,1,509
11663,6648,13,1,2419
11664,6649,12,1,18439
11665,6649,85,2,1849
11666,6649,14,1,1959
11667,6649,107,1,429
11668,6650,26,1,4509
11669,6651,49,1,1609
11670,6652,31,1,559
11671,6652,25,1,1279
11672,6652,51,2,779
11673,6652,58,1,329
11674,6653,57,1,1059
11675,6653,112,1,139
11676,6653,29,1,1079
11677,6654,44,1,4769
11678,6655,43,1,209
11679,6655,49,2,1609
11680,6655,58,1,329
11681,6655,71,3,1049
11682,6656,71,1,1049
11683,6657,83,1,449
11684,6657,90,1,1329
11685,6657,107,1,429
11686,6658,65,1,119
11687,6659,6,1,599
11688,6660,23,1,11319
11689,6661,111,1,479
11690,6661,94,1,889
11691,6661,88,1,509
11692,6662,117,1,799
11693,6663,110,1,3309
11694,6663,98,1,2369
11695,6664,90,1,1329
11696,6665,76,1,999
11697,6666,61,1,1759
11698,6666,106,2,419
11699,6667,14,1,1959
11700,6668,28,1,1269
11701,6669,77,1,259
11702,6670,89,2,949
11703,6671,103,1,2229
11704,6671,84,1,219
11705,6672,117,1,799
11706,6672,86,1,249
11707,6673,21,1,1179
11708,6673,5,1,16419
11709,6673,3,2,6139
11710,6674,111,1,479
11711,6674,102,1,3799
11712,6675,73,1,399
11713,6675,83,1,449
11714,6675,19,1,579
11715,6675,76,1,999
11716,6676,48,1,509
11717,6677,29,2,1079
11718,6677,20,3,20069
11719,6677,116,1,259
11720,6677,60,1,679
11721,6678,32,1,1029
11722,6679,108,3,909
11723,6679,36,1,3429
11724,6679,115,1,719
11725,6680,105,2,4109
11726,6680,59,2,769
11727,6680,117,1,799
11728,6681,13,1,2419
11729,6682,40,2,549
11730,6683,115,1,719
11731,6684,55,1,1309
11732,6684,66,1,399
11733,6685,69,1,659
11734,6685,116,1,259
11735,6686,74,1,569
11736,6686,14,1,1959
11737,6687,25,2,1279
11738,6688,31,1,559
11739,6688,4,1,9779
11740,6688,50,2,2799
11741,6689,46,1,189
11742,6690,83,1,449
11743,6690,4,1,9779
11744,6691,100,2,859
11745,6691,50,1,2799
11746,6692,18,1,10659
11747,6693,80,1,669
11748,6694,117,1,799
11749,6694,19,1,579
11750,6694,13,1,2419
11751,6695,86,2,249
11752,6696,98,1,2369
11753,6697,80,1,669
11754,6697,46,1,189
11755,6697,120,1,639
11756,6698,59,1,769
11757,6699,68,1,859
11758,6699,27,2,1069
11759,6699,19,1,579
11760,6700,58,3,329
11761,6700,67,2,229
11762,6701,59,2,769
11763,6702,29,2,1079
11764,6702,94,1,889
11765,6703,51,1,779
11766,6703,42,1,1139
11767,6704,32,1,1029
11768,6704,100,1,859
11769,6705,107,1,429
11770,6706,39,1,409
11771,6707,26,2,4509
11772,6708,96,1,2909
11773,6708,14,2,1959
11774,6709,35,1,1069
11775,6709,83,2,449
11776,6710,118,3,499
11777,6711,23,1,11319
11778,6712,24,1,3709
11779,6712,10,1,13239
11780,6713,98,1,2369
11781,6713,72,1,2639
11782,6713,31,1,559
11783,6713,38,1,339
11784,6714,59,3,769
11785,6714,88,1,509
11786,6714,37,1,1449
11787,6715,59,1,769
11788,6715,13,1,2419
11789,6716,103,1,2229
11790,6716,43,1,209
11791,6717,26,3,4509
11792,6718,47,2,2899
11793,6718,54,1,199
11794,6718,49,2,1609
11795,6719,46,2,189
11796,6719,26,1,4509
11797,6720,47,1,2899
11798,6721,4,1,9779
11799,6721,86,1,249
11800,6721,117,1,799
11801,6721,113,3,559
11802,6722,31,1,559
11803,6723,71,1,1049
11804,6724,111,2,479
11805,6724,72,1,2639
11806,6725,82,1,1249
11807,6725,70,2,1079
11808,6726,63,1,339
11809,6727,62,1,109
11810,6728,95,1,1949
11811,6728,64,2,409
11812,6729,6,3,599
11813,6730,5,2,16419
11814,6731,118,1,499
11815,6731,24,2,3709
11816,6732,2,1,1219
11817,6732,51,1,779
11818,6733,103,3,2229
11819,6733,26,1,4509
11820,6733,79,1,919
11821,6734,51,2,779
11822,6734,104,1,379
11823,6735,3,1,6139
11824,6736,77,1,259
11825,6736,62,1,109
11826,6737,117,1,799
11827,6738,48,1,509
11828,6738,101,1,3679
11829,6739,1,1,3829
11830,6739,40,1,549
11831,6740,48,1,509
11832,6741,1,1,3829
11833,6742,80,2,669
11834,6743,20,1,20069
11835,6743,17,1,949
11836,6744,72,1,2639
11837,6745,35,1,1069
11838,6746,106,2,419
11839,6747,108,1,909
11840,6748,48,1,509
11841,6749,99,2,769
11842,6750,64,2,409
11843,6751,35,1,1069
11844,6751,57,2,1059
11845,6752,95,2,1949
11846,6753,106,2,419
11847,6753,33,1,849
11848,6753,94,3,889
11849,6753,9,1,11269
11850,6754,46,2,189
11851,6754,28,1,1269
11852,6755,49,1,1609
11853,6755,1,2,3829
11854,6755,38,1,339
11855,6756,77,2,259
11856,6756,95,2,1949
11857,6756,100,1,859
11858,6757,24,1,3709
11859,6758,17,1,949
11860,6759,79,1,919
11861,6760,92,1,219
11862,6760,116,1,259
11863,6761,109,1,3939
11864,6762,32,1,1029
11865,6762,66,1,399
11866,6763,98,1,2369
11867,6763,45,2,1869
11868,6764,9,1,11269
11869,6765,120,1,639
11870,6766,108,2,909
11871,6766,112,1,139
11872,6767,69,2,659
11873,6767,119,1,379
11874,6767,33,1,849
11875,6767,35,3,1069
11876,6768,67,1,229
11877,6768,114,2,879
11878,6769,24,1,3709
11879,6769,51,3,779
11880,6769,100,3,859
11881,6770,14,1,1959
11882,6771,34,1,349
11883,6772,77,1,259
11884,6773,18,1,10659
11885,6773,38,1,339
11886,6773,111,2,479
11887,6773,84,1,219
11888,6774,109,1,3939
11889,6775,68,1,859
11890,6776,5,2,16419
11891,6777,111,2,479
11892,6778,79,1,919
11893,6778,28,3,1269
11894,6778,30,1,299
11895,6779,66,1,399
11896,6779,16,1,2829
11897,6780,49,1,1609
11898,6780,98,2,2369
11899,6781,73,1,399
11900,6781,112,1,139
11901,6781,25,1,1279
11902,6782,1,1,3829
11903,6783,50,2,2799
11904,6784,81,1,2109
11905,6785,70,3,1079
11906,6785,56,1,1759
11907,6785,61,2,1759
11908,6786,101,1,3679
11909,6787,48,1,509
11910,6788,39,1,409
11911,6788,16,1,2829
11912,6789,100,1,859
11913,6789,55,1,1309
11914,6790,31,1,559
11915,6791,90,1,1329
11916,6792,109,1,3939
11917,6792,60,1,679
11918,6793,116,1,259
11919,6794,83,1,449
11920,6795,80,1,669
11921,6796,56,2,1759
11922,6796,30,1,299
11923,6797,19,1,579
11924,6798,102,1,3799
11925,6798,89,2,949
11926,6798,31,1,559
11927,6799,95,1,1949
11928,6800,23,1,11319
11929,6800,87,1,219
11930,6800,94,1,889
11931,6801,42,1,1139
11932,6801,78,1,2029
11933,6801,96,1,2909
11934,6802,12,1,18439
11935,6802,69,1,659
11936,6803,73,1,399
11937,6804,15,1,4069
11938,6805,93,1,849
11939,6805,86,1,249
11940,6806,113,1,559
11941,6806,19,1,579
11942,6807,78,3,2029
11943,6807,70,1,1079
11944,6808,82,2,1249
11945,6809,87,1,219
11946,6809,107,2,429
11947,6810,69,1,659
11948,6811,88,1,509
11949,6811,80,1,669
11950,6811,72,2,2639
11951,6812,31,1,559
11952,6813,54,2,199
11953,6813,12,1,18439
11954,6814,74,2,569
11955,6814,116,1,259
11956,6814,45,1,1869
11957,6815,119,1,379
11958,6816,5,1,16419
11959,6816,59,1,769
11960,6817,67,1,229
11961,6817,64,1,409
11962,6817,72,1,2639
11963,6818,60,1,679
11964,6818,103,1,2229
11965,6819,97,1,1049
11966,6819,109,1,3939
11967,6820,34,1,349
11968,6821,36,2,3429
11969,6822,90,1,1329
11970,6822,120,2,639
11971,6823,14,1,1959
11972,6824,45,1,1869
11973,6825,24,1,3709
11974,6825,69,2,659
11975,6826,26,1,4509
11976,6827,40,1,549
11977,6828,24,2,3709
11978,6828,43,1,209
11979,6828,47,1,2899
11980,6829,20,2,20069
11981,6829,113,1,559
11982,6830,6,1,599
11983,6830,38,1,339
11984,6830,108,1,909
11985,6830,12,1,18439
11986,6831,76,2,999
11987,6832,61,2,1759
11988,6833,27,1,1069
11989,6833,54,1,199
11990,6834,75,1,2779
11991,6835,62,1,109
11992,6836,99,1,769
11993,6837,76,1,999
11994,6837,19,1,579
11995,6838,110,1,3309
11996,6839,15,1,4069
11997,6840,34,1,349
11998,6841,75,1,2779
11999,6841,8,2,659
12000,6842,39,1,409
12001,6842,41,1,1269
12002,6843,5,1,16419
12003,6844,9,1,11269
12004,6844,53,2,319
12005,6845,103,1,2229
12006,6846,106,1,419
12007,6846,66,3,399
12008,6846,110,2,3309
12009,6847,103,1,2229
12010,6847,58,3,329
12011,6847,17,2,949
12012,6847,7,1,3279
12013,6848,76,1,999
12014,6848,37,1,1449
12015,6849,36,1,3429
12016,6850,17,1,949
12017,6851,84,2,219
12018,6851,117,1,799
12019,6851,28,2,1269
12020,6852,115,2,719
12021,6852,97,2,1049
12022,6852,47,1,2899
12023,6852,72,1,2639
12024,6853,94,1,889
12025,6854,107,1,429
12026,6854,19,1,579
12027,6855,79,1,919
12028,6855,36,1,3429
12029,6856,24,1,3709
12030,6857,45,1,1869
12031,6857,90,1,1329
12032,6858,10,1,13239
12033,6859,4,2,9779
12034,6859,67,1,229
12035,6860,113,1,559
12036,6860,67,2,229
12037,6860,14,1,1959
12038,6861,11,2,3959
12039,6861,23,1,11319
12040,6861,8,1,659
12041,6861,34,2,349
12042,6862,93,1,849
12043,6862,95,1,1949
12044,6863,70,1,1079
12045,6863,87,1,219
12046,6864,74,1,569
12047,6865,117,1,799
12048,6865,38,1,339
12049,6866,46,2,189
12050,6866,90,1,1329
12051,6867,61,1,1759
12052,6867,29,1,1079
12053,6867,88,1,509
12054,6868,21,1,1179
12055,6869,103,1,2229
12056,6869,76,2,999
12057,6869,91,1,1129
12058,6870,40,1,549
12059,6870,76,1,999
12060,6871,107,2,429
12061,6871,58,1,329
12062,6872,109,1,3939
12063,6873,8,1,659
12064,6873,55,1,1309
12065,6873,52,2,329
12066,6874,77,1,259
12067,6874,22,1,13689
12068,6874,64,1,409
12069,6875,84,1,219
12070,6876,93,2,849
12071,6877,28,1,1269
12072,6877,8,1,659
12073,6878,119,1,379
12074,6879,86,2,249
12075,6879,22,1,13689
12076,6879,78,1,2029
12077,6880,90,1,1329
12078,6881,49,1,1609
12079,6882,18,1,10659
12080,6882,51,1,779
12081,6882,53,1,319
12082,6882,113,1,559
12083,6883,19,1,579
12084,6884,8,3,659
12085,6885,94,1,889
12086,6885,26,1,4509
12087,6886,20,1,20069
12088,6886,58,1,329
12089,6886,26,1,4509
12090,6887,6,1,599
12091,6888,118,2,499
12092,6888,14,1,1959
12093,6888,30,1,299
12094,6889,116,1,259
12095,6890,35,1,1069
12096,6890,97,2,1049
12097,6891,44,1,4769
12098,6891,68,2,859
12099,6892,7,1,3279
12100,6892,17,2,949
12101,6892,69,1,659
12102,6893,88,1,509
12103,6893,112,1,139
12104,6893,5,2,16419
12105,6894,8,1,659
12106,6895,14,2,1959
12107,6896,114,1,879
12108,6896,48,2,509
12109,6897,32,1,1029
12110,6898,112,1,139
12111,6899,55,1,1309
12112,6899,82,2,1249
12113,6899,117,1,799
12114,6900,90,1,1329
12115,6900,67,1,229
12116,6900,36,1,3429
12117,6901,29,2,1079
12118,6901,9,1,11269
12119,6902,43,1,209
12120,6903,57,1,1059
12121,6903,8,1,659
12122,6904,108,1,909
12123,6904,97,1,1049
12124,6905,118,1,499
12125,6906,27,1,1069
12126,6906,52,3,329
12127,6906,98,2,2369
12128,6907,17,1,949
12129,6907,12,2,18439
12130,6907,119,1,379
12131,6907,120,3,639
12132,6908,97,2,1049
12133,6908,25,2,1279
12134,6909,100,1,859
12135,6910,16,1,2829
12136,6911,35,1,1069
12137,6912,59,2,769
12138,6912,74,1,569
12139,6913,44,1,4769
12140,6914,98,3,2369
12141,6914,9,1,11269
12142,6915,71,2,1049
12143,6916,2,1,1219
12144,6917,20,1,20069
12145,6918,107,1,429
12146,6919,93,2,849
12147,6919,12,1,18439
12148,6919,89,2,949
12149,6919,31,2,559
12150,6920,51,1,779
12151,6920,91,1,1129
12152,6921,74,1,569
12153,6921,115,1,719
12154,6921,30,1,299
12155,6922,101,1,3679
12156,6923,43,1,209
12157,6923,118,2,499
12158,6924,95,1,1949
12159,6925,110,3,3309
12160,6925,21,1,1179
12161,6926,79,1,919
12162,6926,66,1,399
12163,6927,94,1,889
12164,6928,46,1,189
12165,6928,9,1,11269
12166,6928,90,1,1329
12167,6929,16,2,2829
12168,6929,31,2,559
12169,6930,105,1,4109
12170,6931,27,2,1069
12171,6931,21,2,1179
12172,6931,26,1,4509
12173,6932,100,1,859
12174,6933,81,1,2109
12175,6934,26,1,4509
12176,6935,64,1,409
12177,6935,117,1,799
12178,6935,24,2,3709
12179,6936,16,1,2829
12180,6936,95,1,1949
12181,6937,49,1,1609
12182,6938,80,2,669
12183,6938,58,3,329
