order_id,customer_id,order_date,status,discount_pct,payment_method
1,8,2024-01-03,completed,,credit_card
2,11,2024-01-04,completed,5,credit_card
3,1,2024-01-06,completed,,cod
4,2,2024-01-06,completed,,credit_card
5,16,2024-01-06,completed,15,promptpay
6,12,2024-01-07,completed,10,credit_card
7,21,2024-01-07,completed,,credit_card
8,22,2024-01-07,completed,5,credit_card
9,14,2024-01-08,returned,10,credit_card
10,26,2024-01-08,completed,,credit_card
11,27,2024-01-10,cancelled,5,promptpay
12,37,2024-01-10,cancelled,,credit_card
13,23,2024-01-11,completed,,credit_card
14,3,2024-01-12,completed,,credit_card
15,5,2024-01-12,completed,,bank_transfer
16,43,2024-01-12,completed,5,promptpay
17,28,2024-01-13,completed,10,promptpay
18,31,2024-01-13,completed,,cod
19,34,2024-01-13,completed,,promptpay
20,42,2024-01-13,completed,,promptpay
21,9,2024-01-14,completed,10,promptpay
22,13,2024-01-14,completed,,credit_card
23,23,2024-01-14,completed,,cod
24,47,2024-01-14,completed,20,credit_card
25,2,2024-01-15,completed,15,credit_card
26,6,2024-01-15,completed,,cod
27,7,2024-01-15,completed,10,credit_card
28,33,2024-01-15,completed,,cod
29,4,2024-01-16,completed,,credit_card
30,10,2024-01-16,completed,,promptpay
31,15,2024-01-16,completed,,credit_card
32,20,2024-01-16,completed,10,credit_card
33,52,2024-01-16,completed,,credit_card
34,58,2024-01-16,completed,,cod
35,64,2024-01-16,completed,10,promptpay
36,32,2024-01-17,completed,5,credit_card
37,38,2024-01-17,completed,,cod
38,30,2024-01-18,completed,,credit_card
39,40,2024-01-18,completed,,credit_card
40,17,2024-01-19,completed,20,promptpay
41,25,2024-01-19,completed,,credit_card
42,49,2024-01-19,completed,,credit_card
43,50,2024-01-19,completed,,credit_card
44,17,2024-01-20,completed,,bank_transfer
45,24,2024-01-20,completed,,cod
46,32,2024-01-20,completed,,promptpay
47,41,2024-01-20,completed,,cod
48,55,2024-01-20,cancelled,5,credit_card
49,62,2024-01-20,completed,5,promptpay
50,22,2024-01-21,completed,10,credit_card
51,44,2024-01-21,completed,,promptpay
52,4,2024-01-22,completed,,promptpay
53,29,2024-01-22,completed,,promptpay
54,35,2024-01-22,completed,,promptpay
55,45,2024-01-22,returned,10,promptpay
56,65,2024-01-22,completed,,credit_card
57,74,2024-01-22,completed,,credit_card
58,36,2024-01-23,returned,10,cod
59,75,2024-01-23,completed,,promptpay
60,46,2024-01-24,completed,5,cod
61,57,2024-01-24,completed,5,cod
62,61,2024-01-24,cancelled,5,promptpay
63,63,2024-01-24,completed,,credit_card
64,67,2024-01-24,completed,,promptpay
65,82,2024-01-24,completed,,cod
66,5,2024-01-25,cancelled,,promptpay
67,44,2024-01-25,completed,15,promptpay
68,59,2024-01-25,completed,5,credit_card
69,83,2024-01-25,completed,,promptpay
70,44,2024-01-26,completed,10,cod
71,56,2024-01-26,completed,,promptpay
72,53,2024-01-28,completed,,promptpay
73,81,2024-01-28,completed,,bank_transfer
74,93,2024-01-28,cancelled,,credit_card
75,70,2024-01-29,completed,10,credit_card
76,72,2024-01-29,returned,,credit_card
77,79,2024-01-29,completed,,credit_card
78,87,2024-01-29,completed,,cod
79,68,2024-01-30,completed,,promptpay
80,69,2024-01-30,completed,5,cod
81,76,2024-01-30,completed,,promptpay
82,3,2024-01-31,completed,,promptpay
83,80,2024-01-31,completed,,credit_card
84,98,2024-01-31,completed,,credit_card
85,57,2024-02-02,completed,,promptpay
86,71,2024-02-02,completed,15,promptpay
87,78,2024-02-02,completed,,promptpay
88,85,2024-02-02,cancelled,10,credit_card
89,97,2024-02-02,completed,,promptpay
90,101,2024-02-02,completed,20,promptpay
91,111,2024-02-02,completed,,promptpay
92,113,2024-02-02,completed,,promptpay
93,100,2024-02-03,completed,,credit_card
94,104,2024-02-03,completed,,credit_card
95,94,2024-02-04,completed,10,promptpay
96,20,2024-02-05,completed,,bank_transfer
97,53,2024-02-05,completed,,credit_card
98,88,2024-02-05,completed,,promptpay
99,89,2024-02-05,completed,10,promptpay
100,113,2024-02-05,completed,10,cod
101,105,2024-02-06,completed,15,credit_card
102,122,2024-02-06,completed,,promptpay
103,128,2024-02-06,completed,,promptpay
104,132,2024-02-06,completed,,promptpay
105,13,2024-02-07,completed,,promptpay
106,38,2024-02-07,completed,5,credit_card
107,92,2024-02-07,returned,,credit_card
108,95,2024-02-07,completed,,bank_transfer
109,102,2024-02-07,returned,,promptpay
110,103,2024-02-07,completed,,credit_card
111,117,2024-02-07,completed,,credit_card
112,123,2024-02-07,completed,,credit_card
113,131,2024-02-07,completed,,bank_transfer
114,134,2024-02-07,completed,20,promptpay
115,106,2024-02-08,completed,,promptpay
116,110,2024-02-08,completed,,cod
117,112,2024-02-08,completed,,promptpay
118,127,2024-02-08,completed,5,credit_card
119,90,2024-02-09,completed,10,credit_card
120,96,2024-02-09,completed,,promptpay
121,99,2024-02-09,completed,5,promptpay
122,108,2024-02-09,completed,,credit_card
123,114,2024-02-09,completed,15,promptpay
124,142,2024-02-09,completed,,promptpay
125,29,2024-02-10,completed,,credit_card
126,121,2024-02-10,completed,,credit_card
127,133,2024-02-10,cancelled,,promptpay
128,142,2024-02-10,completed,15,promptpay
129,145,2024-02-10,cancelled,5,promptpay
130,13,2024-02-11,completed,,promptpay
131,24,2024-02-11,completed,,promptpay
132,61,2024-02-11,cancelled,15,promptpay
133,89,2024-02-11,completed,,promptpay
134,118,2024-02-11,completed,,promptpay
135,126,2024-02-11,completed,,credit_card
136,107,2024-02-12,completed,,promptpay
137,109,2024-02-12,returned,,credit_card
138,115,2024-02-12,completed,10,promptpay
139,118,2024-02-12,completed,15,cod
140,122,2024-02-12,completed,,credit_card
141,124,2024-02-12,completed,,credit_card
142,135,2024-02-12,completed,15,credit_card
143,144,2024-02-12,completed,,credit_card
144,125,2024-02-13,cancelled,5,bank_transfer
145,149,2024-02-13,completed,,promptpay
146,157,2024-02-13,completed,,credit_card
147,53,2024-02-14,completed,,cod
148,146,2024-02-14,completed,5,cod
149,148,2024-02-14,completed,10,promptpay
150,153,2024-02-14,completed,,credit_card
151,114,2024-02-15,completed,5,promptpay
152,116,2024-02-15,completed,,credit_card
153,119,2024-02-15,returned,10,credit_card
154,147,2024-02-15,completed,,credit_card
155,151,2024-02-15,completed,,credit_card
156,170,2024-02-15,completed,,promptpay
157,89,2024-02-16,completed,,credit_card
158,129,2024-02-16,completed,5,promptpay
159,130,2024-02-16,completed,,cod
160,158,2024-02-16,completed,,promptpay
161,161,2024-02-16,completed,,credit_card
162,167,2024-02-16,completed,,bank_transfer
163,94,2024-02-17,completed,,promptpay
164,116,2024-02-17,completed,10,credit_card
165,121,2024-02-17,completed,,promptpay
166,140,2024-02-18,completed,,credit_card
167,160,2024-02-18,completed,,promptpay
168,150,2024-02-19,completed,5,credit_card
169,159,2024-02-19,completed,,credit_card
170,163,2024-02-19,completed,5,promptpay
171,165,2024-02-19,completed,20,cod
172,175,2024-02-19,completed,,credit_card
173,24,2024-02-20,completed,,cod
174,132,2024-02-20,completed,,credit_card
175,138,2024-02-20,completed,,promptpay
176,152,2024-02-20,cancelled,,cod
177,155,2024-02-20,completed,,promptpay
178,168,2024-02-20,completed,5,credit_card
179,174,2024-02-20,completed,,promptpay
180,178,2024-02-20,cancelled,,credit_card
181,180,2024-02-20,completed,20,credit_card
182,186,2024-02-20,completed,,promptpay
183,105,2024-02-21,completed,15,promptpay
184,136,2024-02-21,completed,,credit_card
185,158,2024-02-21,completed,,credit_card
186,162,2024-02-21,completed,10,bank_transfer
187,179,2024-02-21,completed,,cod
188,188,2024-02-21,completed,,credit_card
189,49,2024-02-22,completed,15,credit_card
190,117,2024-02-22,completed,5,credit_card
191,171,2024-02-22,completed,15,credit_card
192,185,2024-02-22,completed,5,promptpay
193,196,2024-02-22,completed,,credit_card
194,43,2024-02-23,completed,,promptpay
195,160,2024-02-23,completed,,cod
196,169,2024-02-23,completed,,promptpay
197,176,2024-02-23,completed,,bank_transfer
198,192,2024-02-23,completed,10,cod
199,195,2024-02-23,completed,,promptpay
200,202,2024-02-23,completed,,credit_card
201,186,2024-02-24,completed,,cod
202,118,2024-02-25,completed,,credit_card
203,198,2024-02-25,completed,,credit_card
204,199,2024-02-25,completed,,credit_card
205,4,2024-02-26,completed,5,promptpay
206,145,2024-02-26,completed,,promptpay
207,170,2024-02-26,completed,,cod
208,173,2024-02-26,completed,,promptpay
209,177,2024-02-26,completed,,promptpay
210,183,2024-02-26,completed,,cod
211,166,2024-02-27,returned,5,promptpay
212,181,2024-02-27,completed,,promptpay
213,193,2024-02-27,completed,,credit_card
214,212,2024-02-27,completed,,promptpay
215,159,2024-02-28,completed,,promptpay
216,182,2024-02-28,completed,,cod
217,194,2024-02-28,completed,,cod
218,207,2024-02-28,completed,,cod
219,184,2024-02-29,completed,,promptpay
220,191,2024-02-29,completed,5,promptpay
221,200,2024-02-29,completed,,credit_card
222,217,2024-02-29,completed,,promptpay
223,130,2024-03-01,completed,15,cod
224,196,2024-03-01,completed,,cod
225,16,2024-03-02,completed,20,promptpay
226,85,2024-03-02,completed,,promptpay
227,205,2024-03-02,completed,15,credit_card
228,208,2024-03-02,completed,,promptpay
229,71,2024-03-03,completed,,credit_card
230,167,2024-03-03,completed,,promptpay
231,170,2024-03-03,completed,5,credit_card
232,181,2024-03-03,completed,,cod
233,187,2024-03-03,completed,10,promptpay
234,203,2024-03-03,returned,,promptpay
235,220,2024-03-03,completed,,credit_card
236,232,2024-03-03,completed,,cod
237,118,2024-03-04,completed,,credit_card
238,213,2024-03-04,completed,,promptpay
239,53,2024-03-05,completed,20,promptpay
240,197,2024-03-05,completed,,promptpay
241,222,2024-03-05,cancelled,,promptpay
242,175,2024-03-06,completed,10,credit_card
243,183,2024-03-06,completed,,promptpay
244,206,2024-03-06,returned,,credit_card
245,242,2024-03-06,completed,,credit_card
246,167,2024-03-07,completed,10,promptpay
247,180,2024-03-07,completed,,promptpay
248,209,2024-03-07,completed,,promptpay
249,204,2024-03-08,completed,10,credit_card
250,218,2024-03-08,returned,,promptpay
251,247,2024-03-08,completed,5,cod
252,146,2024-03-09,completed,,credit_card
253,209,2024-03-09,completed,,credit_card
254,229,2024-03-09,completed,,bank_transfer
255,176,2024-03-10,completed,5,credit_card
256,241,2024-03-10,completed,5,promptpay
257,205,2024-03-11,completed,,bank_transfer
258,214,2024-03-11,completed,,credit_card
259,219,2024-03-11,completed,,promptpay
260,224,2024-03-11,completed,,promptpay
261,225,2024-03-11,completed,,credit_card
262,227,2024-03-11,completed,15,promptpay
263,230,2024-03-11,completed,,credit_card
264,245,2024-03-11,cancelled,,promptpay
265,253,2024-03-11,completed,20,credit_card
266,100,2024-03-12,completed,,credit_card
267,171,2024-03-12,completed,10,bank_transfer
268,179,2024-03-12,completed,,promptpay
269,205,2024-03-12,completed,,promptpay
270,208,2024-03-12,completed,,cod
271,223,2024-03-12,returned,5,credit_card
272,226,2024-03-12,completed,20,promptpay
273,237,2024-03-12,cancelled,,promptpay
274,254,2024-03-12,completed,15,promptpay
275,89,2024-03-13,returned,,credit_card
276,207,2024-03-13,completed,5,credit_card
277,233,2024-03-13,completed,,promptpay
278,234,2024-03-13,completed,,promptpay
279,236,2024-03-13,completed,15,promptpay
280,246,2024-03-13,completed,,credit_card
281,252,2024-03-13,completed,,credit_card
282,259,2024-03-13,completed,,credit_card
283,83,2024-03-14,completed,10,bank_transfer
284,132,2024-03-14,completed,,credit_card
285,174,2024-03-14,completed,10,promptpay
286,232,2024-03-14,completed,,credit_card
287,251,2024-03-14,returned,,cod
288,260,2024-03-14,completed,,bank_transfer
289,244,2024-03-15,completed,5,promptpay
290,248,2024-03-15,completed,,credit_card
291,264,2024-03-15,completed,10,credit_card
292,265,2024-03-15,completed,,credit_card
293,273,2024-03-15,completed,,credit_card
294,28,2024-03-16,completed,5,credit_card
295,188,2024-03-16,completed,,bank_transfer
296,231,2024-03-16,completed,,cod
297,267,2024-03-16,cancelled,,promptpay
298,257,2024-03-17,completed,,promptpay
299,271,2024-03-17,completed,,promptpay
300,278,2024-03-17,completed,5,promptpay
301,281,2024-03-17,completed,,promptpay
302,124,2024-03-18,completed,5,promptpay
303,160,2024-03-18,completed,15,credit_card
304,235,2024-03-18,completed,,credit_card
305,240,2024-03-18,completed,,credit_card
306,249,2024-03-18,completed,,credit_card
307,284,2024-03-18,completed,,credit_card
308,290,2024-03-18,completed,10,promptpay
309,4,2024-03-19,completed,,credit_card
310,92,2024-03-19,completed,10,promptpay
311,238,2024-03-19,completed,,credit_card
312,258,2024-03-19,completed,5,credit_card
313,277,2024-03-19,cancelled,,credit_card
314,290,2024-03-19,completed,10,credit_card
315,99,2024-03-20,completed,10,credit_card
316,102,2024-03-20,completed,5,promptpay
317,207,2024-03-20,completed,,bank_transfer
318,243,2024-03-20,completed,,cod
319,250,2024-03-20,completed,5,credit_card
320,272,2024-03-20,cancelled,,promptpay
321,274,2024-03-20,completed,,cod
322,287,2024-03-20,completed,,promptpay
323,300,2024-03-20,completed,,credit_card
324,35,2024-03-21,completed,,cod
325,269,2024-03-21,completed,,credit_card
326,279,2024-03-21,completed,10,bank_transfer
327,280,2024-03-21,completed,,cod
328,313,2024-03-21,completed,,promptpay
329,3,2024-03-22,completed,,promptpay
330,149,2024-03-22,completed,,promptpay
331,241,2024-03-22,completed,5,bank_transfer
332,299,2024-03-22,completed,10,cod
333,255,2024-03-23,completed,20,credit_card
334,261,2024-03-23,completed,,cod
335,270,2024-03-23,returned,,credit_card
336,275,2024-03-23,completed,,promptpay
337,276,2024-03-23,completed,,cod
338,298,2024-03-23,completed,20,promptpay
339,101,2024-03-24,completed,5,promptpay
340,174,2024-03-24,completed,10,credit_card
341,176,2024-03-24,completed,10,credit_card
342,283,2024-03-24,completed,,cod
343,293,2024-03-24,completed,,promptpay
344,322,2024-03-24,completed,10,credit_card
345,75,2024-03-25,completed,,promptpay
346,92,2024-03-25,completed,5,promptpay
347,241,2024-03-25,completed,,credit_card
348,289,2024-03-25,completed,,credit_card
349,99,2024-03-26,cancelled,,cod
350,113,2024-03-26,completed,,promptpay
351,303,2024-03-26,cancelled,,cod
352,305,2024-03-26,completed,,promptpay
353,312,2024-03-26,completed,10,credit_card
354,316,2024-03-26,completed,5,promptpay
355,323,2024-03-26,completed,5,cod
356,5,2024-03-27,completed,,promptpay
357,174,2024-03-27,completed,,cod
358,180,2024-03-27,completed,5,promptpay
359,268,2024-03-27,completed,,credit_card
360,301,2024-03-27,completed,,credit_card
361,321,2024-03-27,completed,,credit_card
362,340,2024-03-27,completed,,credit_card
363,282,2024-03-28,completed,5,credit_card
364,289,2024-03-28,completed,,bank_transfer
365,294,2024-03-28,completed,,promptpay
366,296,2024-03-28,completed,,cod
367,304,2024-03-28,completed,15,cod
368,309,2024-03-28,cancelled,,credit_card
369,96,2024-03-29,completed,,promptpay
370,128,2024-03-29,completed,5,credit_card
371,306,2024-03-29,completed,,promptpay
372,308,2024-03-29,completed,10,promptpay
373,311,2024-03-29,completed,10,promptpay
374,328,2024-03-29,completed,20,promptpay
375,334,2024-03-29,completed,15,promptpay
376,267,2024-03-30,completed,,promptpay
377,307,2024-03-30,completed,20,cod
378,310,2024-03-30,completed,5,promptpay
379,332,2024-03-30,completed,,credit_card
380,335,2024-03-30,completed,,cod
381,37,2024-03-31,completed,5,credit_card
382,92,2024-03-31,completed,,credit_card
383,155,2024-03-31,completed,,promptpay
384,207,2024-03-31,completed,10,credit_card
385,236,2024-03-31,completed,,credit_card
386,291,2024-03-31,completed,,promptpay
387,310,2024-03-31,completed,,cod
388,312,2024-03-31,completed,5,credit_card
389,347,2024-03-31,completed,,credit_card
390,357,2024-03-31,completed,,promptpay
391,93,2024-04-01,completed,,promptpay
392,159,2024-04-01,completed,,credit_card
393,273,2024-04-01,completed,,promptpay
394,295,2024-04-01,completed,15,promptpay
395,300,2024-04-01,completed,20,credit_card
396,317,2024-04-01,returned,5,credit_card
397,319,2024-04-01,cancelled,,credit_card
398,330,2024-04-01,completed,,credit_card
399,336,2024-04-01,completed,20,bank_transfer
400,348,2024-04-01,completed,,promptpay
401,147,2024-04-02,completed,,credit_card
402,296,2024-04-02,completed,20,promptpay
403,314,2024-04-02,completed,15,credit_card
404,349,2024-04-02,completed,,cod
405,368,2024-04-02,completed,,promptpay
406,371,2024-04-02,cancelled,,cod
407,26,2024-04-03,completed,,bank_transfer
408,50,2024-04-03,completed,,promptpay
409,59,2024-04-03,completed,10,promptpay
410,265,2024-04-03,completed,15,promptpay
411,331,2024-04-03,completed,,bank_transfer
412,361,2024-04-03,completed,,promptpay
413,93,2024-04-04,completed,,cod
414,187,2024-04-04,returned,10,credit_card
415,249,2024-04-04,completed,15,promptpay
416,342,2024-04-04,completed,,promptpay
417,350,2024-04-04,completed,10,cod
418,359,2024-04-04,completed,,bank_transfer
419,360,2024-04-04,completed,5,promptpay
420,250,2024-04-05,completed,,credit_card
421,325,2024-04-05,completed,,promptpay
422,332,2024-04-05,completed,,credit_card
423,345,2024-04-05,completed,5,cod
424,358,2024-04-05,completed,10,credit_card
425,363,2024-04-05,completed,,promptpay
426,81,2024-04-06,completed,5,cod
427,147,2024-04-06,completed,,cod
428,165,2024-04-06,completed,,bank_transfer
429,320,2024-04-06,completed,,credit_card
430,372,2024-04-06,cancelled,10,promptpay
431,381,2024-04-06,completed,,promptpay
432,212,2024-04-07,completed,,bank_transfer
433,213,2024-04-07,completed,,promptpay
434,223,2024-04-07,completed,,promptpay
435,284,2024-04-07,completed,,promptpay
436,329,2024-04-07,completed,5,promptpay
437,339,2024-04-07,completed,5,credit_card
438,341,2024-04-07,completed,,credit_card
439,353,2024-04-07,completed,15,promptpay
440,366,2024-04-07,completed,,bank_transfer
441,377,2024-04-07,cancelled,,credit_card
442,36,2024-04-08,completed,5,cod
443,99,2024-04-08,completed,,cod
444,327,2024-04-08,completed,,credit_card
445,340,2024-04-08,completed,,promptpay
446,341,2024-04-08,completed,,promptpay
447,367,2024-04-08,completed,,promptpay
448,368,2024-04-08,completed,10,credit_card
449,373,2024-04-08,completed,15,bank_transfer
450,38,2024-04-09,completed,,credit_card
451,71,2024-04-09,completed,10,promptpay
452,337,2024-04-09,completed,10,promptpay
453,343,2024-04-09,cancelled,10,credit_card
454,362,2024-04-09,completed,5,promptpay
455,386,2024-04-09,completed,,promptpay
456,165,2024-04-10,returned,15,credit_card
457,270,2024-04-10,completed,,promptpay
458,280,2024-04-10,completed,,promptpay
459,298,2024-04-10,returned,,credit_card
460,300,2024-04-10,returned,,credit_card
461,338,2024-04-10,completed,,promptpay
462,344,2024-04-10,completed,,promptpay
463,351,2024-04-10,completed,,bank_transfer
464,352,2024-04-10,completed,,bank_transfer
465,356,2024-04-10,completed,,credit_card
466,365,2024-04-10,cancelled,,credit_card
467,383,2024-04-10,completed,,promptpay
468,100,2024-04-11,completed,,promptpay
469,280,2024-04-11,completed,10,credit_card
470,281,2024-04-11,completed,10,bank_transfer
471,344,2024-04-11,completed,15,credit_card
472,358,2024-04-11,completed,,promptpay
473,387,2024-04-11,completed,15,credit_card
474,31,2024-04-12,completed,,promptpay
475,265,2024-04-12,completed,,promptpay
476,332,2024-04-12,completed,,promptpay
477,338,2024-04-12,completed,20,cod
478,354,2024-04-12,completed,,bank_transfer
479,378,2024-04-12,completed,5,promptpay
480,396,2024-04-12,completed,15,credit_card
481,398,2024-04-12,cancelled,,credit_card
482,382,2024-04-13,completed,,credit_card
483,83,2024-04-14,completed,,credit_card
484,178,2024-04-14,returned,5,credit_card
485,249,2024-04-14,completed,5,bank_transfer
486,260,2024-04-14,returned,15,promptpay
487,364,2024-04-14,completed,10,credit_card
488,369,2024-04-14,completed,10,promptpay
489,380,2024-04-14,completed,20,promptpay
490,394,2024-04-14,completed,15,credit_card
491,395,2024-04-14,completed,,bank_transfer
492,399,2024-04-14,completed,,credit_card
493,400,2024-04-14,completed,,credit_card
494,402,2024-04-14,completed,,bank_transfer
495,31,2024-04-15,completed,15,cod
496,89,2024-04-15,completed,,credit_card
497,95,2024-04-15,completed,10,credit_card
498,306,2024-04-15,returned,,cod
499,337,2024-04-15,returned,,cod
500,374,2024-04-15,completed,,cod
501,376,2024-04-15,completed,,bank_transfer
502,411,2024-04-15,completed,10,credit_card
503,2,2024-04-16,completed,,credit_card
504,5,2024-04-16,completed,20,bank_transfer
505,220,2024-04-16,completed,,credit_card
506,383,2024-04-16,completed,,cod
507,424,2024-04-16,completed,,bank_transfer
508,2,2024-04-17,completed,,bank_transfer
509,15,2024-04-17,completed,,cod
510,129,2024-04-17,completed,,bank_transfer
511,381,2024-04-17,completed,,credit_card
512,384,2024-04-17,completed,10,credit_card
513,404,2024-04-17,completed,,credit_card
514,414,2024-04-17,completed,,cod
515,390,2024-04-18,completed,5,cod
516,418,2024-04-18,completed,,promptpay
517,421,2024-04-18,completed,,credit_card
518,426,2024-04-18,completed,,promptpay
519,96,2024-04-19,completed,,promptpay
520,100,2024-04-19,completed,,promptpay
521,280,2024-04-19,completed,10,credit_card
522,308,2024-04-19,completed,,bank_transfer
523,325,2024-04-19,completed,,credit_card
524,415,2024-04-19,completed,,credit_card
525,427,2024-04-19,completed,,promptpay
526,436,2024-04-19,completed,,promptpay
527,291,2024-04-20,completed,5,promptpay
528,416,2024-04-20,completed,15,promptpay
529,420,2024-04-20,returned,,promptpay
530,431,2024-04-20,completed,,credit_card
531,95,2024-04-21,completed,10,promptpay
532,127,2024-04-21,completed,5,promptpay
533,132,2024-04-21,completed,,promptpay
534,258,2024-04-21,completed,,promptpay
535,385,2024-04-21,completed,5,credit_card
536,388,2024-04-21,completed,20,promptpay
537,389,2024-04-21,completed,,promptpay
538,392,2024-04-21,completed,15,credit_card
539,407,2024-04-21,completed,20,promptpay
540,409,2024-04-21,completed,5,credit_card
541,423,2024-04-21,completed,5,bank_transfer
542,428,2024-04-21,completed,5,promptpay
543,434,2024-04-21,completed,5,cod
544,435,2024-04-21,completed,5,cod
545,450,2024-04-21,returned,5,bank_transfer
546,397,2024-04-22,completed,,bank_transfer
547,403,2024-04-22,completed,,promptpay
548,406,2024-04-22,completed,,cod
549,432,2024-04-22,completed,,promptpay
550,433,2024-04-22,completed,20,promptpay
551,449,2024-04-22,completed,,bank_transfer
552,452,2024-04-22,completed,10,cod
553,245,2024-04-23,completed,10,credit_card
554,417,2024-04-23,completed,,cod
555,437,2024-04-23,completed,5,bank_transfer
556,441,2024-04-23,completed,,credit_card
557,455,2024-04-23,completed,,bank_transfer
558,208,2024-04-24,completed,,cod
559,401,2024-04-24,completed,,cod
560,405,2024-04-24,completed,,credit_card
561,134,2024-04-25,completed,10,credit_card
562,246,2024-04-25,completed,,credit_card
563,280,2024-04-25,completed,,bank_transfer
564,395,2024-04-25,completed,,cod
565,412,2024-04-25,completed,,credit_card
566,419,2024-04-25,completed,,credit_card
567,446,2024-04-25,completed,,cod
568,447,2024-04-25,completed,,cod
569,454,2024-04-25,completed,,promptpay
570,31,2024-04-26,completed,,promptpay
571,386,2024-04-26,completed,,credit_card
572,453,2024-04-26,cancelled,,credit_card
573,458,2024-04-26,completed,,promptpay
574,65,2024-04-27,completed,10,credit_card
575,240,2024-04-27,completed,,credit_card
576,470,2024-04-27,completed,,credit_card
577,471,2024-04-27,completed,,promptpay
578,476,2024-04-27,completed,,bank_transfer
579,480,2024-04-27,completed,,credit_card
580,99,2024-04-28,completed,,credit_card
581,298,2024-04-28,completed,20,credit_card
582,389,2024-04-28,completed,5,promptpay
583,416,2024-04-28,completed,,cod
584,425,2024-04-28,completed,,credit_card
585,426,2024-04-28,completed,,credit_card
586,438,2024-04-28,completed,,promptpay
587,456,2024-04-28,completed,20,credit_card
588,110,2024-04-29,completed,,promptpay
589,267,2024-04-29,completed,,promptpay
590,430,2024-04-29,cancelled,5,promptpay
591,456,2024-04-29,completed,,cod
592,462,2024-04-29,completed,,bank_transfer
593,108,2024-04-30,completed,,credit_card
594,243,2024-04-30,completed,,credit_card
595,258,2024-04-30,completed,,credit_card
596,400,2024-04-30,cancelled,,promptpay
597,446,2024-04-30,completed,20,bank_transfer
598,475,2024-04-30,completed,10,promptpay
599,110,2024-05-01,completed,,cod
600,121,2024-05-01,completed,15,credit_card
601,151,2024-05-01,completed,,promptpay
602,406,2024-05-01,completed,,credit_card
603,429,2024-05-01,completed,,cod
604,439,2024-05-01,completed,,credit_card
605,457,2024-05-01,completed,,cod
606,459,2024-05-01,completed,5,promptpay
607,473,2024-05-01,completed,,bank_transfer
608,170,2024-05-02,completed,15,credit_card
609,220,2024-05-02,completed,,promptpay
610,444,2024-05-02,cancelled,10,credit_card
611,459,2024-05-02,completed,,cod
612,461,2024-05-02,completed,10,promptpay
613,469,2024-05-02,completed,5,cod
614,487,2024-05-02,completed,,promptpay
615,314,2024-05-03,completed,,promptpay
616,431,2024-05-03,completed,,bank_transfer
617,440,2024-05-03,completed,5,promptpay
618,445,2024-05-03,completed,,cod
619,468,2024-05-03,returned,,promptpay
620,503,2024-05-03,completed,,promptpay
621,282,2024-05-04,completed,,credit_card
622,441,2024-05-04,cancelled,,credit_card
623,468,2024-05-04,completed,,cod
624,482,2024-05-04,completed,,cod
625,487,2024-05-04,completed,,cod
626,488,2024-05-04,completed,,promptpay
627,490,2024-05-04,completed,,bank_transfer
628,495,2024-05-04,completed,,bank_transfer
629,497,2024-05-04,completed,,bank_transfer
630,507,2024-05-04,completed,,bank_transfer
631,35,2024-05-05,returned,,cod
632,180,2024-05-05,completed,,credit_card
633,362,2024-05-05,completed,,cod
634,405,2024-05-05,completed,,promptpay
635,464,2024-05-05,completed,20,bank_transfer
636,500,2024-05-05,completed,5,promptpay
637,509,2024-05-05,completed,,bank_transfer
638,398,2024-05-06,completed,20,promptpay
639,400,2024-05-06,completed,,cod
640,499,2024-05-06,completed,10,credit_card
641,100,2024-05-07,completed,,promptpay
642,195,2024-05-07,completed,,cod
643,243,2024-05-07,completed,,credit_card
644,363,2024-05-07,completed,10,promptpay
645,416,2024-05-07,completed,,credit_card
646,481,2024-05-07,completed,,promptpay
647,492,2024-05-07,completed,15,bank_transfer
648,496,2024-05-07,completed,,promptpay
649,505,2024-05-07,completed,10,credit_card
650,525,2024-05-07,completed,,cod
651,214,2024-05-08,completed,,bank_transfer
652,287,2024-05-08,completed,5,credit_card
653,363,2024-05-08,completed,,bank_transfer
654,395,2024-05-08,completed,,credit_card
655,460,2024-05-08,completed,,promptpay
656,463,2024-05-08,completed,10,credit_card
657,465,2024-05-08,completed,,promptpay
658,479,2024-05-08,completed,,bank_transfer
659,483,2024-05-08,returned,,cod
660,504,2024-05-08,completed,,credit_card
661,523,2024-05-08,completed,10,bank_transfer
662,15,2024-05-09,completed,,promptpay
663,31,2024-05-09,completed,,cod
664,226,2024-05-09,completed,5,bank_transfer
665,240,2024-05-09,completed,,credit_card
666,246,2024-05-09,returned,,promptpay
667,309,2024-05-09,completed,,credit_card
668,314,2024-05-09,completed,,bank_transfer
669,322,2024-05-09,completed,,credit_card
670,398,2024-05-09,completed,,credit_card
671,426,2024-05-09,completed,15,bank_transfer
672,467,2024-05-09,completed,,credit_card
673,472,2024-05-09,completed,,credit_card
674,478,2024-05-09,completed,,bank_transfer
675,485,2024-05-09,completed,,promptpay
676,486,2024-05-09,returned,,cod
677,497,2024-05-09,completed,10,credit_card
678,519,2024-05-09,completed,,promptpay
679,527,2024-05-09,completed,5,promptpay
680,532,2024-05-09,cancelled,,credit_card
681,163,2024-05-10,completed,,promptpay
682,271,2024-05-10,completed,20,promptpay
683,291,2024-05-10,cancelled,10,credit_card
684,484,2024-05-10,completed,,cod
685,510,2024-05-10,completed,,promptpay
686,512,2024-05-10,completed,,credit_card
687,520,2024-05-10,completed,5,credit_card
688,395,2024-05-11,completed,,credit_card
689,522,2024-05-11,completed,5,cod
690,193,2024-05-12,completed,,promptpay
691,454,2024-05-12,completed,5,bank_transfer
692,464,2024-05-12,completed,,bank_transfer
693,527,2024-05-12,completed,,promptpay
694,529,2024-05-12,completed,,promptpay
695,535,2024-05-12,completed,,promptpay
696,196,2024-05-13,completed,,cod
697,207,2024-05-13,completed,15,bank_transfer
698,341,2024-05-13,completed,,bank_transfer
699,483,2024-05-13,completed,5,credit_card
700,498,2024-05-13,completed,,promptpay
701,506,2024-05-13,completed,,promptpay
702,523,2024-05-13,completed,10,credit_card
703,271,2024-05-14,completed,,credit_card
704,277,2024-05-14,cancelled,,credit_card
705,309,2024-05-14,completed,,bank_transfer
706,336,2024-05-14,completed,,credit_card
707,377,2024-05-14,completed,10,promptpay
708,494,2024-05-14,completed,,bank_transfer
709,511,2024-05-14,completed,,promptpay
710,540,2024-05-14,completed,,promptpay
711,548,2024-05-14,completed,,credit_card
712,284,2024-05-15,completed,,credit_card
713,505,2024-05-15,completed,,promptpay
714,526,2024-05-15,completed,10,cod
715,529,2024-05-15,completed,,promptpay
716,531,2024-05-15,completed,10,credit_card
717,552,2024-05-15,completed,,promptpay
718,406,2024-05-16,completed,,cod
719,426,2024-05-16,completed,,cod
720,445,2024-05-16,completed,,promptpay
721,460,2024-05-16,cancelled,15,promptpay
722,509,2024-05-16,completed,,cod
723,529,2024-05-16,completed,,credit_card
724,344,2024-05-17,completed,,credit_card
725,374,2024-05-17,completed,5,credit_card
726,433,2024-05-17,completed,,credit_card
727,502,2024-05-17,completed,,cod
728,537,2024-05-17,completed,,promptpay
729,178,2024-05-18,completed,10,promptpay
730,344,2024-05-18,completed,,cod
731,378,2024-05-18,completed,,credit_card
732,396,2024-05-18,completed,,credit_card
733,513,2024-05-18,completed,10,promptpay
734,514,2024-05-18,completed,,promptpay
735,517,2024-05-18,completed,,credit_card
736,544,2024-05-18,completed,15,promptpay
737,545,2024-05-18,returned,,credit_card
738,267,2024-05-19,completed,,cod
739,465,2024-05-19,completed,,promptpay
740,479,2024-05-19,completed,5,promptpay
741,503,2024-05-19,completed,15,cod
742,518,2024-05-19,completed,,promptpay
743,529,2024-05-19,completed,,bank_transfer
744,551,2024-05-19,completed,,promptpay
745,557,2024-05-19,completed,,credit_card
746,565,2024-05-19,completed,,credit_card
747,570,2024-05-19,completed,10,promptpay
748,234,2024-05-20,completed,,promptpay
749,247,2024-05-20,completed,,credit_card
750,280,2024-05-20,completed,,cod
751,454,2024-05-20,completed,20,credit_card
752,476,2024-05-20,completed,,promptpay
753,503,2024-05-20,completed,,promptpay
754,532,2024-05-20,completed,,promptpay
755,547,2024-05-20,completed,10,promptpay
756,550,2024-05-20,completed,,promptpay
757,558,2024-05-20,completed,,credit_card
758,567,2024-05-20,completed,,credit_card
759,115,2024-05-21,cancelled,10,credit_card
760,357,2024-05-21,completed,,credit_card
761,524,2024-05-21,completed,10,bank_transfer
762,528,2024-05-21,completed,,promptpay
763,533,2024-05-21,cancelled,,credit_card
764,568,2024-05-21,completed,5,promptpay
765,20,2024-05-22,completed,,credit_card
766,35,2024-05-22,completed,10,credit_card
767,317,2024-05-22,completed,,promptpay
768,357,2024-05-22,completed,,promptpay
769,426,2024-05-22,completed,,promptpay
770,530,2024-05-22,completed,10,credit_card
771,546,2024-05-22,completed,,credit_card
772,559,2024-05-22,completed,5,promptpay
773,563,2024-05-22,completed,,credit_card
774,4,2024-05-23,completed,5,cod
775,344,2024-05-23,completed,,cod
776,439,2024-05-23,completed,,promptpay
777,450,2024-05-23,completed,5,credit_card
778,455,2024-05-23,cancelled,,bank_transfer
779,459,2024-05-23,completed,,promptpay
780,534,2024-05-23,completed,,cod
781,538,2024-05-23,completed,,credit_card
782,539,2024-05-23,completed,,credit_card
783,555,2024-05-23,completed,,promptpay
784,556,2024-05-23,returned,15,credit_card
785,580,2024-05-23,completed,15,credit_card
786,129,2024-05-24,completed,5,promptpay
787,204,2024-05-24,completed,,promptpay
788,222,2024-05-24,completed,,promptpay
789,401,2024-05-24,cancelled,,promptpay
790,416,2024-05-24,returned,,credit_card
791,553,2024-05-24,completed,,bank_transfer
792,562,2024-05-24,cancelled,10,cod
793,569,2024-05-24,completed,,bank_transfer
794,578,2024-05-24,completed,,credit_card
795,584,2024-05-24,completed,5,cod
796,470,2024-05-25,completed,,cod
797,487,2024-05-25,completed,,promptpay
798,510,2024-05-25,completed,,promptpay
799,512,2024-05-25,completed,,promptpay
800,541,2024-05-25,completed,,bank_transfer
801,554,2024-05-25,completed,20,credit_card
802,564,2024-05-25,completed,5,credit_card
803,566,2024-05-25,completed,5,credit_card
804,115,2024-05-26,completed,5,credit_card
805,268,2024-05-26,completed,,promptpay
806,270,2024-05-26,completed,,credit_card
807,460,2024-05-26,cancelled,5,promptpay
808,470,2024-05-26,completed,,promptpay
809,571,2024-05-26,completed,,promptpay
810,99,2024-05-27,completed,,credit_card
811,178,2024-05-27,completed,,bank_transfer
812,425,2024-05-27,completed,15,promptpay
813,542,2024-05-27,completed,5,cod
814,560,2024-05-27,completed,,cod
815,573,2024-05-27,completed,20,credit_card
816,593,2024-05-27,completed,,cod
817,601,2024-05-27,completed,,cod
818,271,2024-05-28,completed,10,cod
819,279,2024-05-28,completed,,cod
820,507,2024-05-28,cancelled,,bank_transfer
821,564,2024-05-28,completed,,promptpay
822,572,2024-05-28,cancelled,,promptpay
823,597,2024-05-28,completed,,promptpay
824,238,2024-05-29,completed,,promptpay
825,312,2024-05-29,completed,15,cod
826,343,2024-05-29,completed,,credit_card
827,472,2024-05-29,completed,,cod
828,525,2024-05-29,completed,,credit_card
829,558,2024-05-29,completed,5,promptpay
830,607,2024-05-29,completed,,promptpay
831,92,2024-05-30,completed,,credit_card
832,181,2024-05-30,cancelled,,promptpay
833,335,2024-05-30,completed,,cod
834,390,2024-05-30,completed,5,credit_card
835,403,2024-05-30,completed,,promptpay
836,446,2024-05-30,completed,,promptpay
837,468,2024-05-30,completed,15,promptpay
838,565,2024-05-30,completed,,credit_card
839,589,2024-05-30,completed,,promptpay
840,595,2024-05-30,completed,5,credit_card
841,612,2024-05-30,completed,,promptpay
842,171,2024-05-31,cancelled,15,credit_card
843,186,2024-05-31,completed,,cod
844,335,2024-05-31,completed,,promptpay
845,428,2024-05-31,completed,,promptpay
846,449,2024-05-31,completed,,credit_card
847,565,2024-05-31,completed,,credit_card
848,575,2024-05-31,completed,15,promptpay
849,591,2024-05-31,completed,,bank_transfer
850,596,2024-05-31,completed,,bank_transfer
851,65,2024-06-01,completed,,credit_card
852,483,2024-06-01,completed,15,promptpay
853,561,2024-06-01,completed,15,cod
854,562,2024-06-01,completed,10,promptpay
855,576,2024-06-01,completed,15,credit_card
856,582,2024-06-01,completed,,promptpay
857,604,2024-06-01,completed,10,promptpay
858,614,2024-06-01,completed,5,promptpay
859,616,2024-06-01,completed,,promptpay
860,620,2024-06-01,completed,,credit_card
861,626,2024-06-01,completed,,cod
862,365,2024-06-02,completed,5,credit_card
863,504,2024-06-02,completed,,credit_card
864,588,2024-06-02,completed,,promptpay
865,418,2024-06-03,completed,,bank_transfer
866,467,2024-06-03,completed,15,credit_card
867,475,2024-06-03,completed,,bank_transfer
868,583,2024-06-03,completed,5,promptpay
869,588,2024-06-03,completed,5,credit_card
870,589,2024-06-03,completed,,promptpay
871,626,2024-06-03,completed,,credit_card
872,632,2024-06-03,completed,,promptpay
873,130,2024-06-04,completed,5,promptpay
874,142,2024-06-04,completed,,cod
875,249,2024-06-04,cancelled,5,credit_card
876,562,2024-06-04,returned,5,credit_card
877,574,2024-06-04,completed,5,credit_card
878,586,2024-06-04,completed,,promptpay
879,618,2024-06-04,completed,,promptpay
880,243,2024-06-05,completed,,promptpay
881,253,2024-06-05,completed,,promptpay
882,270,2024-06-05,completed,,promptpay
883,518,2024-06-05,completed,,cod
884,529,2024-06-05,completed,5,credit_card
885,577,2024-06-05,completed,5,credit_card
886,613,2024-06-05,completed,,credit_card
887,625,2024-06-05,completed,,credit_card
888,633,2024-06-05,completed,,credit_card
889,641,2024-06-05,completed,10,credit_card
890,195,2024-06-06,completed,15,promptpay
891,291,2024-06-06,completed,10,promptpay
892,468,2024-06-06,completed,,promptpay
893,517,2024-06-06,completed,,credit_card
894,571,2024-06-06,completed,15,promptpay
895,582,2024-06-06,completed,10,promptpay
896,585,2024-06-06,completed,,promptpay
897,587,2024-06-06,completed,,promptpay
898,600,2024-06-06,completed,,cod
899,622,2024-06-06,completed,10,cod
900,628,2024-06-06,completed,15,cod
901,561,2024-06-07,completed,,credit_card
902,600,2024-06-07,completed,,credit_card
903,605,2024-06-07,completed,,credit_card
904,608,2024-06-07,completed,,promptpay
905,619,2024-06-07,completed,,promptpay
906,36,2024-06-08,completed,,credit_card
907,88,2024-06-08,completed,,cod
908,157,2024-06-08,completed,,promptpay
909,186,2024-06-08,completed,,bank_transfer
910,273,2024-06-08,completed,10,cod
911,383,2024-06-08,completed,5,promptpay
912,416,2024-06-08,completed,,credit_card
913,483,2024-06-08,completed,,promptpay
914,560,2024-06-08,completed,10,cod
915,594,2024-06-08,completed,,promptpay
916,597,2024-06-08,completed,,promptpay
917,603,2024-06-08,completed,,credit_card
918,617,2024-06-08,completed,,credit_card
919,627,2024-06-08,completed,,promptpay
920,652,2024-06-08,completed,5,promptpay
921,207,2024-06-09,returned,,promptpay
922,526,2024-06-09,completed,5,credit_card
923,561,2024-06-09,completed,10,credit_card
924,565,2024-06-09,completed,10,credit_card
925,592,2024-06-09,cancelled,,credit_card
926,598,2024-06-09,completed,,promptpay
927,599,2024-06-09,completed,15,promptpay
928,4,2024-06-10,completed,5,credit_card
929,300,2024-06-10,returned,,credit_card
930,615,2024-06-10,completed,,cod
931,621,2024-06-10,cancelled,10,promptpay
932,624,2024-06-10,completed,,promptpay
933,660,2024-06-10,completed,5,promptpay
934,220,2024-06-11,completed,10,credit_card
935,248,2024-06-11,completed,,cod
936,430,2024-06-11,completed,,promptpay
937,568,2024-06-11,completed,,credit_card
938,606,2024-06-11,completed,,cod
939,644,2024-06-11,completed,10,promptpay
940,654,2024-06-11,completed,,cod
941,656,2024-06-11,completed,10,promptpay
942,662,2024-06-11,completed,,promptpay
943,35,2024-06-12,completed,,promptpay
944,36,2024-06-12,completed,,promptpay
945,404,2024-06-12,completed,,credit_card
946,519,2024-06-12,completed,5,promptpay
947,544,2024-06-12,completed,,promptpay
948,561,2024-06-12,completed,,promptpay
949,610,2024-06-12,cancelled,10,credit_card
950,347,2024-06-13,completed,,credit_card
951,500,2024-06-13,completed,,cod
952,623,2024-06-13,completed,5,credit_card
953,640,2024-06-13,completed,,credit_card
954,663,2024-06-13,completed,,cod
955,127,2024-06-14,returned,,credit_card
956,482,2024-06-14,completed,,promptpay
957,552,2024-06-14,completed,,credit_card
958,637,2024-06-14,completed,,credit_card
959,649,2024-06-14,completed,,credit_card
960,653,2024-06-14,completed,,credit_card
961,661,2024-06-14,completed,10,bank_transfer
962,671,2024-06-14,cancelled,,promptpay
963,675,2024-06-14,completed,,credit_card
964,678,2024-06-14,completed,,credit_card
965,686,2024-06-14,completed,5,promptpay
966,99,2024-06-15,completed,10,promptpay
967,233,2024-06-15,completed,,credit_card
968,261,2024-06-15,cancelled,,cod
969,503,2024-06-15,completed,,credit_card
970,507,2024-06-15,completed,,promptpay
971,545,2024-06-15,completed,,promptpay
972,629,2024-06-15,completed,,promptpay
973,634,2024-06-15,completed,,credit_card
974,657,2024-06-15,completed,,promptpay
975,676,2024-06-15,completed,,promptpay
976,685,2024-06-15,completed,,bank_transfer
977,335,2024-06-16,completed,,promptpay
978,447,2024-06-16,completed,,credit_card
979,587,2024-06-16,completed,,bank_transfer
980,651,2024-06-16,completed,,credit_card
981,669,2024-06-16,completed,5,promptpay
982,343,2024-06-17,completed,,promptpay
983,454,2024-06-17,completed,,credit_card
984,605,2024-06-17,completed,,credit_card
985,630,2024-06-17,completed,,promptpay
986,645,2024-06-17,completed,10,promptpay
987,648,2024-06-17,completed,,bank_transfer
988,664,2024-06-17,completed,15,promptpay
989,683,2024-06-17,completed,,bank_transfer
990,300,2024-06-18,completed,10,promptpay
991,314,2024-06-18,completed,,credit_card
992,374,2024-06-18,completed,,credit_card
993,387,2024-06-18,cancelled,,promptpay
994,441,2024-06-18,cancelled,,promptpay
995,545,2024-06-18,completed,,cod
996,595,2024-06-18,completed,,credit_card
997,642,2024-06-18,cancelled,10,promptpay
998,668,2024-06-18,completed,15,bank_transfer
999,680,2024-06-18,completed,,credit_card
1000,688,2024-06-18,completed,,bank_transfer
1001,28,2024-06-19,completed,,bank_transfer
1002,186,2024-06-19,completed,,credit_card
1003,400,2024-06-19,completed,,credit_card
1004,639,2024-06-19,cancelled,,promptpay
1005,646,2024-06-19,completed,20,credit_card
1006,664,2024-06-19,completed,,bank_transfer
1007,674,2024-06-19,completed,,promptpay
1008,691,2024-06-19,completed,,credit_card
1009,132,2024-06-20,completed,5,promptpay
1010,561,2024-06-20,completed,,credit_card
1011,665,2024-06-20,completed,5,promptpay
1012,672,2024-06-20,completed,,promptpay
1013,706,2024-06-20,completed,15,promptpay
1014,108,2024-06-21,completed,,credit_card
1015,248,2024-06-21,completed,5,bank_transfer
1016,418,2024-06-21,completed,,promptpay
1017,650,2024-06-21,completed,5,promptpay
1018,666,2024-06-21,completed,,promptpay
1019,681,2024-06-21,completed,15,credit_card
1020,699,2024-06-21,completed,5,bank_transfer
1021,441,2024-06-22,completed,,credit_card
1022,566,2024-06-22,completed,,cod
1023,569,2024-06-22,returned,,credit_card
1024,626,2024-06-22,completed,,credit_card
1025,646,2024-06-22,completed,,credit_card
1026,336,2024-06-23,completed,10,promptpay
1027,514,2024-06-23,completed,,promptpay
1028,659,2024-06-23,completed,,credit_card
1029,670,2024-06-23,completed,,promptpay
1030,226,2024-06-24,completed,,promptpay
1031,418,2024-06-24,completed,,cod
1032,534,2024-06-24,completed,,credit_card
1033,600,2024-06-24,completed,10,credit_card
1034,658,2024-06-24,completed,10,credit_card
1035,677,2024-06-24,completed,,promptpay
1036,700,2024-06-24,completed,,credit_card
1037,705,2024-06-24,completed,5,cod
1038,405,2024-06-25,completed,,bank_transfer
1039,612,2024-06-25,cancelled,,promptpay
1040,660,2024-06-25,completed,,promptpay
1041,679,2024-06-25,completed,,promptpay
1042,682,2024-06-25,completed,,credit_card
1043,692,2024-06-25,completed,15,credit_card
1044,726,2024-06-25,completed,,promptpay
1045,186,2024-06-26,completed,,promptpay
1046,284,2024-06-26,cancelled,5,credit_card
1047,487,2024-06-26,completed,,cod
1048,525,2024-06-26,completed,,promptpay
1049,530,2024-06-26,completed,,promptpay
1050,532,2024-06-26,completed,,bank_transfer
1051,684,2024-06-26,completed,5,cod
1052,693,2024-06-26,completed,,credit_card
1053,694,2024-06-26,completed,,cod
1054,698,2024-06-26,completed,,promptpay
1055,709,2024-06-26,completed,,cod
1056,713,2024-06-26,completed,,promptpay
1057,716,2024-06-26,completed,10,promptpay
1058,409,2024-06-27,completed,,bank_transfer
1059,518,2024-06-27,completed,,credit_card
1060,614,2024-06-27,completed,,promptpay
1061,734,2024-06-27,completed,,bank_transfer
1062,588,2024-06-28,completed,5,bank_transfer
1063,687,2024-06-28,completed,,credit_card
1064,697,2024-06-28,completed,,promptpay
1065,703,2024-06-28,completed,10,bank_transfer
1066,738,2024-06-28,completed,5,promptpay
1067,363,2024-06-29,completed,5,promptpay
1068,378,2024-06-29,returned,,bank_transfer
1069,385,2024-06-29,completed,15,credit_card
1070,460,2024-06-29,completed,,bank_transfer
1071,568,2024-06-29,completed,,promptpay
1072,690,2024-06-29,completed,,promptpay
1073,717,2024-06-29,cancelled,5,promptpay
1074,734,2024-06-29,completed,,bank_transfer
1075,741,2024-06-29,completed,,credit_card
1076,750,2024-06-29,completed,,promptpay
1077,407,2024-06-30,completed,,promptpay
1078,518,2024-06-30,completed,,credit_card
1079,701,2024-06-30,cancelled,,promptpay
1080,711,2024-06-30,completed,,cod
1081,713,2024-06-30,completed,,cod
1082,722,2024-06-30,completed,5,promptpay
1083,727,2024-06-30,completed,,cod
1084,733,2024-06-30,completed,5,bank_transfer
1085,737,2024-06-30,completed,,bank_transfer
1086,740,2024-06-30,completed,,credit_card
1087,424,2024-07-01,completed,,promptpay
1088,432,2024-07-01,returned,,cod
1089,694,2024-07-01,completed,,credit_card
1090,712,2024-07-01,completed,,bank_transfer
1091,714,2024-07-01,completed,,promptpay
1092,739,2024-07-01,cancelled,,promptpay
1093,307,2024-07-02,cancelled,,promptpay
1094,374,2024-07-02,completed,10,promptpay
1095,418,2024-07-02,returned,,bank_transfer
1096,478,2024-07-02,completed,20,promptpay
1097,482,2024-07-02,completed,,bank_transfer
1098,567,2024-07-02,completed,10,promptpay
1099,580,2024-07-02,completed,,promptpay
1100,707,2024-07-02,completed,,promptpay
1101,708,2024-07-02,completed,,cod
1102,714,2024-07-02,completed,,promptpay
1103,721,2024-07-02,completed,,credit_card
1104,743,2024-07-02,completed,,cod
1105,751,2024-07-02,completed,,promptpay
1106,471,2024-07-03,cancelled,,credit_card
1107,586,2024-07-03,completed,20,credit_card
1108,606,2024-07-03,completed,5,credit_card
1109,716,2024-07-03,completed,5,bank_transfer
1110,728,2024-07-03,completed,,credit_card
1111,732,2024-07-03,returned,10,bank_transfer
1112,252,2024-07-04,completed,,credit_card
1113,710,2024-07-04,completed,10,promptpay
1114,713,2024-07-04,cancelled,,promptpay
1115,753,2024-07-04,completed,,credit_card
1116,604,2024-07-05,completed,10,credit_card
1117,672,2024-07-05,completed,10,bank_transfer
1118,718,2024-07-05,returned,15,promptpay
1119,722,2024-07-05,completed,,cod
1120,748,2024-07-05,completed,,credit_card
1121,760,2024-07-05,returned,5,credit_card
1122,95,2024-07-06,completed,,cod
1123,404,2024-07-06,completed,,credit_card
1124,729,2024-07-06,completed,15,promptpay
1125,755,2024-07-06,completed,,promptpay
1126,762,2024-07-06,completed,,bank_transfer
1127,290,2024-07-07,completed,,cod
1128,708,2024-07-07,completed,,cod
1129,720,2024-07-07,returned,5,credit_card
1130,735,2024-07-07,completed,,promptpay
1131,747,2024-07-07,completed,5,bank_transfer
1132,765,2024-07-07,completed,10,bank_transfer
1133,253,2024-07-08,completed,10,promptpay
1134,383,2024-07-08,completed,10,promptpay
1135,520,2024-07-08,completed,10,promptpay
1136,723,2024-07-08,completed,10,credit_card
1137,730,2024-07-08,completed,,credit_card
1138,483,2024-07-09,completed,,credit_card
1139,568,2024-07-09,cancelled,5,credit_card
1140,634,2024-07-09,completed,5,credit_card
1141,708,2024-07-09,completed,,cod
1142,716,2024-07-09,completed,,credit_card
1143,736,2024-07-09,cancelled,20,promptpay
1144,750,2024-07-09,completed,,promptpay
1145,754,2024-07-09,completed,,credit_card
1146,774,2024-07-09,completed,10,credit_card
1147,780,2024-07-09,completed,10,cod
1148,360,2024-07-10,completed,,credit_card
1149,416,2024-07-10,completed,,credit_card
1150,482,2024-07-10,completed,,credit_card
1151,506,2024-07-10,completed,10,credit_card
1152,551,2024-07-10,completed,,credit_card
1153,604,2024-07-10,completed,,promptpay
1154,623,2024-07-10,completed,20,promptpay
1155,632,2024-07-10,completed,,promptpay
1156,705,2024-07-10,cancelled,,promptpay
1157,731,2024-07-10,completed,15,promptpay
1158,739,2024-07-10,cancelled,,cod
1159,742,2024-07-10,completed,,promptpay
1160,207,2024-07-11,completed,20,promptpay
1161,407,2024-07-11,completed,,bank_transfer
1162,461,2024-07-11,completed,10,credit_card
1163,615,2024-07-11,completed,,cod
1164,768,2024-07-11,completed,,bank_transfer
1165,781,2024-07-11,completed,,credit_card
1166,793,2024-07-11,completed,,promptpay
1167,27,2024-07-12,completed,,promptpay
1168,400,2024-07-12,completed,,bank_transfer
1169,591,2024-07-12,completed,15,promptpay
1170,615,2024-07-12,completed,20,promptpay
1171,745,2024-07-12,completed,10,bank_transfer
1172,752,2024-07-12,completed,,cod
1173,756,2024-07-12,completed,,promptpay
1174,758,2024-07-12,cancelled,,cod
1175,771,2024-07-12,completed,,promptpay
1176,634,2024-07-13,cancelled,,bank_transfer
1177,723,2024-07-13,returned,5,credit_card
1178,749,2024-07-13,completed,,cod
1179,764,2024-07-13,completed,,bank_transfer
1180,772,2024-07-13,completed,,credit_card
1181,776,2024-07-13,completed,,cod
1182,782,2024-07-13,completed,,credit_card
1183,800,2024-07-13,completed,5,promptpay
1184,192,2024-07-14,completed,,promptpay
1185,446,2024-07-14,completed,,cod
1186,587,2024-07-14,completed,,credit_card
1187,764,2024-07-14,returned,5,bank_transfer
1188,350,2024-07-15,completed,,promptpay
1189,480,2024-07-15,completed,10,credit_card
1190,640,2024-07-15,completed,,credit_card
1191,674,2024-07-15,completed,,promptpay
1192,751,2024-07-15,returned,15,promptpay
1193,775,2024-07-15,returned,,credit_card
1194,778,2024-07-15,completed,,credit_card
1195,789,2024-07-15,completed,,promptpay
1196,804,2024-07-15,completed,,credit_card
1197,268,2024-07-16,completed,,bank_transfer
1198,388,2024-07-16,completed,,promptpay
1199,706,2024-07-16,completed,,cod
1200,743,2024-07-16,completed,,credit_card
1201,766,2024-07-16,completed,10,promptpay
1202,775,2024-07-16,completed,10,cod
1203,171,2024-07-17,completed,,bank_transfer
1204,374,2024-07-17,completed,,bank_transfer
1205,432,2024-07-17,completed,,credit_card
1206,441,2024-07-17,completed,,promptpay
1207,701,2024-07-17,completed,,promptpay
1208,758,2024-07-17,completed,,bank_transfer
1209,767,2024-07-17,completed,15,credit_card
1210,783,2024-07-17,completed,5,credit_card
1211,796,2024-07-17,completed,,credit_card
1212,690,2024-07-18,completed,5,bank_transfer
1213,773,2024-07-18,completed,5,promptpay
1214,797,2024-07-18,completed,20,bank_transfer
1215,414,2024-07-19,completed,,credit_card
1216,514,2024-07-19,completed,,promptpay
1217,755,2024-07-19,completed,,credit_card
1218,770,2024-07-19,completed,5,cod
1219,786,2024-07-19,completed,,promptpay
1220,788,2024-07-19,completed,,cod
1221,801,2024-07-19,completed,15,credit_card
1222,819,2024-07-19,completed,,credit_card
1223,822,2024-07-19,completed,,credit_card
1224,823,2024-07-19,completed,,promptpay
1225,482,2024-07-20,completed,,promptpay
1226,669,2024-07-20,completed,,credit_card
1227,777,2024-07-20,completed,5,credit_card
1228,798,2024-07-20,completed,5,promptpay
1229,433,2024-07-21,completed,,promptpay
1230,586,2024-07-21,completed,10,credit_card
1231,779,2024-07-21,cancelled,15,promptpay
1232,792,2024-07-21,completed,5,promptpay
1233,820,2024-07-21,completed,,cod
1234,825,2024-07-21,completed,,promptpay
1235,829,2024-07-21,cancelled,,promptpay
1236,645,2024-07-22,completed,,credit_card
1237,753,2024-07-22,completed,5,promptpay
1238,784,2024-07-22,cancelled,5,credit_card
1239,791,2024-07-22,completed,,credit_card
1240,805,2024-07-22,completed,5,promptpay
1241,811,2024-07-22,cancelled,,promptpay
1242,835,2024-07-22,cancelled,,credit_card
1243,273,2024-07-23,completed,10,promptpay
1244,383,2024-07-23,completed,10,credit_card
1245,760,2024-07-23,completed,10,promptpay
1246,787,2024-07-23,completed,,bank_transfer
1247,813,2024-07-23,completed,10,cod
1248,817,2024-07-23,completed,,bank_transfer
1249,832,2024-07-23,completed,,credit_card
1250,845,2024-07-23,cancelled,,promptpay
1251,325,2024-07-24,completed,15,bank_transfer
1252,435,2024-07-24,completed,,promptpay
1253,603,2024-07-24,completed,5,credit_card
1254,627,2024-07-24,completed,,promptpay
1255,649,2024-07-24,completed,,credit_card
1256,794,2024-07-24,returned,,credit_card
1257,795,2024-07-24,cancelled,,cod
1258,799,2024-07-24,completed,,promptpay
1259,812,2024-07-24,completed,,promptpay
1260,830,2024-07-24,completed,,credit_card
1261,837,2024-07-24,completed,5,promptpay
1262,5,2024-07-25,completed,,promptpay
1263,545,2024-07-25,completed,,promptpay
1264,586,2024-07-25,completed,,promptpay
1265,613,2024-07-25,completed,,credit_card
1266,754,2024-07-25,completed,,credit_card
1267,808,2024-07-25,completed,15,cod
1268,847,2024-07-25,completed,5,credit_card
1269,848,2024-07-25,completed,15,credit_card
1270,461,2024-07-26,completed,5,promptpay
1271,690,2024-07-26,completed,,cod
1272,814,2024-07-26,completed,,cod
1273,834,2024-07-26,completed,,promptpay
1274,235,2024-07-27,completed,,cod
1275,394,2024-07-27,completed,20,promptpay
1276,753,2024-07-27,completed,,credit_card
1277,804,2024-07-27,completed,,promptpay
1278,827,2024-07-27,completed,,credit_card
1279,157,2024-07-28,completed,,credit_card
1280,525,2024-07-28,completed,,promptpay
1281,530,2024-07-28,cancelled,,promptpay
1282,545,2024-07-28,completed,,credit_card
1283,760,2024-07-28,completed,,promptpay
1284,803,2024-07-28,completed,5,cod
1285,826,2024-07-28,completed,,bank_transfer
1286,833,2024-07-28,completed,,promptpay
1287,842,2024-07-28,completed,,credit_card
1288,403,2024-07-29,completed,10,credit_card
1289,803,2024-07-29,completed,15,promptpay
1290,843,2024-07-29,returned,,credit_card
1291,854,2024-07-29,completed,,bank_transfer
1292,858,2024-07-29,completed,,credit_card
1293,349,2024-07-30,completed,5,bank_transfer
1294,486,2024-07-30,completed,,credit_card
1295,568,2024-07-30,completed,,credit_card
1296,570,2024-07-30,completed,,credit_card
1297,674,2024-07-30,completed,,promptpay
1298,687,2024-07-30,completed,15,promptpay
1299,799,2024-07-30,completed,,promptpay
1300,806,2024-07-30,completed,,credit_card
1301,807,2024-07-30,completed,,cod
1302,816,2024-07-30,completed,,cod
1303,850,2024-07-30,completed,,credit_card
1304,260,2024-07-31,completed,,credit_card
1305,350,2024-07-31,completed,,cod
1306,361,2024-07-31,completed,15,credit_card
1307,421,2024-07-31,completed,,credit_card
1308,475,2024-07-31,completed,,cod
1309,674,2024-07-31,completed,,promptpay
1310,691,2024-07-31,completed,,credit_card
1311,756,2024-07-31,completed,,bank_transfer
1312,767,2024-07-31,completed,,credit_card
1313,810,2024-07-31,completed,,cod
1314,818,2024-07-31,completed,,credit_card
1315,824,2024-07-31,cancelled,,promptpay
1316,828,2024-07-31,completed,,cod
1317,875,2024-07-31,completed,,credit_card
1318,171,2024-08-01,completed,,bank_transfer
1319,428,2024-08-01,completed,,credit_card
1320,517,2024-08-01,returned,,credit_card
1321,559,2024-08-01,completed,5,credit_card
1322,594,2024-08-01,completed,,promptpay
1323,621,2024-08-01,completed,,credit_card
1324,831,2024-08-01,completed,10,credit_card
1325,838,2024-08-01,returned,,cod
1326,840,2024-08-01,returned,,bank_transfer
1327,846,2024-08-01,completed,,promptpay
1328,859,2024-08-01,completed,5,credit_card
1329,867,2024-08-01,completed,15,credit_card
1330,868,2024-08-01,completed,5,promptpay
1331,883,2024-08-01,cancelled,,bank_transfer
1332,192,2024-08-02,completed,10,credit_card
1333,294,2024-08-02,completed,5,promptpay
1334,351,2024-08-02,completed,,credit_card
1335,620,2024-08-02,completed,,promptpay
1336,755,2024-08-02,completed,,cod
1337,795,2024-08-02,completed,10,promptpay
1338,806,2024-08-02,cancelled,,credit_card
1339,836,2024-08-02,completed,15,promptpay
1340,849,2024-08-02,completed,,credit_card
1341,852,2024-08-02,completed,,promptpay
1342,857,2024-08-02,completed,,promptpay
1343,864,2024-08-02,returned,5,promptpay
1344,866,2024-08-02,completed,10,promptpay
1345,870,2024-08-02,completed,,credit_card
1346,885,2024-08-02,completed,5,promptpay
1347,88,2024-08-03,completed,,cod
1348,584,2024-08-03,completed,,bank_transfer
1349,615,2024-08-03,completed,10,cod
1350,677,2024-08-03,completed,,cod
1351,686,2024-08-03,completed,,promptpay
1352,697,2024-08-03,completed,,promptpay
1353,755,2024-08-03,completed,,cod
1354,797,2024-08-03,completed,,bank_transfer
1355,807,2024-08-03,completed,,cod
1356,827,2024-08-03,completed,10,bank_transfer
1357,865,2024-08-03,completed,10,cod
1358,886,2024-08-03,completed,,bank_transfer
1359,336,2024-08-04,completed,,promptpay
1360,344,2024-08-04,completed,5,promptpay
1361,347,2024-08-04,completed,10,promptpay
1362,753,2024-08-04,completed,,cod
1363,856,2024-08-04,cancelled,10,cod
1364,860,2024-08-04,completed,,credit_card
1365,861,2024-08-04,completed,,cod
1366,877,2024-08-04,cancelled,,bank_transfer
1367,879,2024-08-04,completed,15,cod
1368,890,2024-08-04,completed,,credit_card
1369,28,2024-08-05,completed,,credit_card
1370,180,2024-08-05,completed,,promptpay
1371,471,2024-08-05,completed,5,credit_card
1372,603,2024-08-05,completed,,credit_card
1373,686,2024-08-05,completed,,promptpay
1374,698,2024-08-05,completed,10,cod
1375,736,2024-08-05,completed,,credit_card
1376,824,2024-08-05,completed,10,cod
1377,844,2024-08-05,completed,,cod
1378,403,2024-08-06,completed,10,credit_card
1379,740,2024-08-06,completed,,promptpay
1380,804,2024-08-06,cancelled,10,credit_card
1381,849,2024-08-06,completed,,credit_card
1382,860,2024-08-06,completed,,credit_card
1383,887,2024-08-06,completed,,promptpay
1384,888,2024-08-06,cancelled,,credit_card
1385,909,2024-08-06,completed,,promptpay
1386,58,2024-08-07,cancelled,,bank_transfer
1387,480,2024-08-07,completed,5,credit_card
1388,555,2024-08-07,completed,,bank_transfer
1389,562,2024-08-07,completed,20,promptpay
1390,604,2024-08-07,completed,15,credit_card
1391,749,2024-08-07,completed,,bank_transfer
1392,764,2024-08-07,returned,10,promptpay
1393,778,2024-08-07,completed,,promptpay
1394,848,2024-08-07,cancelled,,credit_card
1395,853,2024-08-07,completed,,credit_card
1396,220,2024-08-08,completed,,credit_card
1397,287,2024-08-08,completed,,bank_transfer
1398,594,2024-08-08,completed,,promptpay
1399,770,2024-08-08,returned,15,promptpay
1400,786,2024-08-08,cancelled,20,credit_card
1401,843,2024-08-08,completed,,credit_card
1402,855,2024-08-08,completed,,cod
1403,871,2024-08-08,completed,,cod
1404,873,2024-08-08,completed,,promptpay
1405,893,2024-08-08,completed,20,cod
1406,901,2024-08-08,completed,,credit_card
1407,908,2024-08-08,cancelled,,credit_card
1408,88,2024-08-09,completed,,credit_card
1409,372,2024-08-09,completed,5,promptpay
1410,401,2024-08-09,completed,,cod
1411,449,2024-08-09,completed,,credit_card
1412,758,2024-08-09,completed,,promptpay
1413,770,2024-08-09,cancelled,,cod
1414,851,2024-08-09,completed,,credit_card
1415,871,2024-08-09,completed,5,credit_card
1416,880,2024-08-09,completed,,credit_card
1417,881,2024-08-09,completed,10,credit_card
1418,902,2024-08-09,completed,10,credit_card
1419,908,2024-08-09,completed,,promptpay
1420,912,2024-08-09,completed,,promptpay
1421,920,2024-08-09,completed,,promptpay
1422,28,2024-08-10,completed,,cod
1423,58,2024-08-10,completed,5,cod
1424,206,2024-08-10,completed,10,credit_card
1425,770,2024-08-10,completed,,promptpay
1426,829,2024-08-10,returned,,credit_card
1427,876,2024-08-10,completed,,promptpay
1428,882,2024-08-10,completed,10,cod
1429,886,2024-08-10,returned,,bank_transfer
1430,896,2024-08-10,completed,,credit_card
1431,904,2024-08-10,completed,,bank_transfer
1432,915,2024-08-10,completed,,promptpay
1433,919,2024-08-10,completed,,bank_transfer
1434,287,2024-08-11,completed,20,bank_transfer
1435,568,2024-08-11,cancelled,,promptpay
1436,610,2024-08-11,completed,,promptpay
1437,720,2024-08-11,cancelled,10,promptpay
1438,820,2024-08-11,completed,5,credit_card
1439,859,2024-08-11,completed,,credit_card
1440,926,2024-08-11,completed,15,credit_card
1441,271,2024-08-12,completed,,credit_card
1442,610,2024-08-12,completed,10,credit_card
1443,720,2024-08-12,completed,,cod
1444,738,2024-08-12,completed,5,cod
1445,878,2024-08-12,returned,,bank_transfer
1446,884,2024-08-12,completed,5,credit_card
1447,891,2024-08-12,completed,,promptpay
1448,919,2024-08-12,completed,,promptpay
1449,929,2024-08-12,completed,10,promptpay
1450,312,2024-08-13,completed,20,cod
1451,615,2024-08-13,completed,,credit_card
1452,677,2024-08-13,completed,15,credit_card
1453,824,2024-08-13,completed,,cod
1454,838,2024-08-13,completed,,cod
1455,849,2024-08-13,completed,5,promptpay
1456,861,2024-08-13,completed,,promptpay
1457,872,2024-08-13,completed,,credit_card
1458,874,2024-08-13,completed,,cod
1459,900,2024-08-13,completed,5,promptpay
1460,918,2024-08-13,completed,,credit_card
1461,931,2024-08-13,completed,,promptpay
1462,357,2024-08-14,completed,10,promptpay
1463,560,2024-08-14,completed,5,promptpay
1464,755,2024-08-14,completed,,bank_transfer
1465,844,2024-08-14,completed,,promptpay
1466,876,2024-08-14,completed,,promptpay
1467,898,2024-08-14,completed,,promptpay
1468,911,2024-08-14,completed,5,promptpay
1469,921,2024-08-14,completed,,promptpay
1470,279,2024-08-15,completed,10,promptpay
1471,586,2024-08-15,completed,,credit_card
1472,637,2024-08-15,completed,,credit_card
1473,662,2024-08-15,completed,,promptpay
1474,745,2024-08-15,completed,,promptpay
1475,778,2024-08-15,completed,5,promptpay
1476,853,2024-08-15,completed,5,promptpay
1477,860,2024-08-15,completed,5,cod
1478,881,2024-08-15,completed,,promptpay
1479,894,2024-08-15,completed,,credit_card
1480,903,2024-08-15,completed,5,bank_transfer
1481,933,2024-08-15,completed,,promptpay
1482,5,2024-08-16,completed,,bank_transfer
1483,27,2024-08-16,completed,,cod
1484,471,2024-08-16,completed,,credit_card
1485,645,2024-08-16,completed,10,promptpay
1486,680,2024-08-16,completed,,cod
1487,735,2024-08-16,completed,,credit_card
1488,363,2024-08-17,completed,,credit_card
1489,475,2024-08-17,completed,,credit_card
1490,570,2024-08-17,completed,,promptpay
1491,694,2024-08-17,completed,,cod
1492,905,2024-08-17,completed,10,credit_card
1493,916,2024-08-17,completed,,promptpay
1494,918,2024-08-17,completed,,credit_card
1495,922,2024-08-17,completed,,credit_card
1496,932,2024-08-17,completed,,credit_card
1497,934,2024-08-17,completed,,bank_transfer
1498,401,2024-08-18,completed,10,cod
1499,872,2024-08-18,completed,,promptpay
1500,897,2024-08-18,completed,10,bank_transfer
1501,938,2024-08-18,completed,,credit_card
1502,939,2024-08-18,completed,,credit_card
1503,955,2024-08-18,completed,,credit_card
1504,268,2024-08-19,completed,5,promptpay
1505,600,2024-08-19,cancelled,10,promptpay
1506,819,2024-08-19,completed,,promptpay
1507,843,2024-08-19,completed,,credit_card
1508,868,2024-08-19,completed,,promptpay
1509,902,2024-08-19,completed,,credit_card
1510,906,2024-08-19,completed,,promptpay
1511,910,2024-08-19,completed,,credit_card
1512,914,2024-08-19,completed,,credit_card
1513,936,2024-08-19,completed,5,credit_card
1514,963,2024-08-19,completed,10,credit_card
1515,803,2024-08-20,completed,,promptpay
1516,886,2024-08-20,completed,,promptpay
1517,907,2024-08-20,completed,,bank_transfer
1518,915,2024-08-20,completed,,credit_card
1519,917,2024-08-20,completed,20,promptpay
1520,940,2024-08-20,completed,,promptpay
1521,941,2024-08-20,completed,,credit_card
1522,959,2024-08-20,completed,,promptpay
1523,4,2024-08-21,completed,10,credit_card
1524,28,2024-08-21,completed,,cod
1525,649,2024-08-21,completed,,credit_card
1526,680,2024-08-21,completed,,bank_transfer
1527,826,2024-08-21,cancelled,,credit_card
1528,851,2024-08-21,returned,,promptpay
1529,858,2024-08-21,completed,5,promptpay
1530,864,2024-08-21,completed,,promptpay
1531,900,2024-08-21,completed,15,credit_card
1532,913,2024-08-21,completed,5,promptpay
1533,923,2024-08-21,completed,5,credit_card
1534,935,2024-08-21,completed,,credit_card
1535,958,2024-08-21,completed,,cod
1536,972,2024-08-21,completed,,cod
1537,270,2024-08-22,cancelled,10,cod
1538,480,2024-08-22,completed,,cod
1539,677,2024-08-22,cancelled,,promptpay
1540,755,2024-08-22,completed,5,cod
1541,813,2024-08-22,completed,15,cod
1542,826,2024-08-22,completed,15,promptpay
1543,873,2024-08-22,completed,,promptpay
1544,927,2024-08-22,completed,,promptpay
1545,945,2024-08-22,cancelled,,promptpay
1546,962,2024-08-22,cancelled,5,promptpay
1547,350,2024-08-23,returned,,credit_card
1548,504,2024-08-23,completed,,promptpay
1549,905,2024-08-23,completed,,credit_card
1550,925,2024-08-23,cancelled,10,promptpay
1551,953,2024-08-23,completed,,promptpay
1552,975,2024-08-23,completed,,promptpay
1553,976,2024-08-23,returned,15,bank_transfer
1554,983,2024-08-23,completed,,credit_card
1555,987,2024-08-23,completed,,credit_card
1556,121,2024-08-24,completed,,cod
1557,449,2024-08-24,completed,,promptpay
1558,811,2024-08-24,completed,,promptpay
1559,930,2024-08-24,completed,,credit_card
1560,943,2024-08-24,completed,,credit_card
1561,980,2024-08-24,cancelled,,credit_card
1562,36,2024-08-25,completed,5,promptpay
1563,261,2024-08-25,completed,10,promptpay
1564,555,2024-08-25,completed,5,promptpay
1565,745,2024-08-25,completed,,promptpay
1566,747,2024-08-25,completed,,promptpay
1567,880,2024-08-25,returned,,cod
1568,953,2024-08-25,completed,,bank_transfer
1569,960,2024-08-25,returned,,credit_card
1570,985,2024-08-25,cancelled,,bank_transfer
1571,538,2024-08-26,completed,10,credit_card
1572,587,2024-08-26,cancelled,,credit_card
1573,713,2024-08-26,cancelled,,promptpay
1574,726,2024-08-26,completed,,bank_transfer
1575,843,2024-08-26,returned,,promptpay
1576,902,2024-08-26,completed,,credit_card
1577,939,2024-08-26,completed,,promptpay
1578,942,2024-08-26,completed,,bank_transfer
1579,956,2024-08-26,completed,,cod
1580,968,2024-08-26,completed,,cod
1581,986,2024-08-26,completed,20,cod
1582,996,2024-08-26,completed,,bank_transfer
1583,92,2024-08-27,cancelled,,cod
1584,161,2024-08-27,completed,,promptpay
1585,902,2024-08-27,completed,10,credit_card
1586,944,2024-08-27,completed,15,credit_card
1587,951,2024-08-27,completed,5,credit_card
1588,966,2024-08-27,completed,,credit_card
1589,977,2024-08-27,completed,,credit_card
1590,978,2024-08-27,completed,10,promptpay
1591,142,2024-08-28,completed,,credit_card
1592,226,2024-08-28,completed,,cod
1593,520,2024-08-28,returned,,promptpay
1594,594,2024-08-28,completed,,promptpay
1595,680,2024-08-28,completed,,promptpay
1596,791,2024-08-28,completed,,credit_card
1597,947,2024-08-28,completed,,credit_card
1598,948,2024-08-28,completed,5,promptpay
1599,977,2024-08-28,completed,5,credit_card
1600,978,2024-08-28,completed,,credit_card
1601,484,2024-08-29,completed,10,promptpay
1602,531,2024-08-29,completed,,credit_card
1603,571,2024-08-29,completed,10,promptpay
1604,758,2024-08-29,completed,5,promptpay
1605,947,2024-08-29,completed,20,promptpay
1606,950,2024-08-29,completed,,promptpay
1607,973,2024-08-29,completed,,credit_card
1608,1000,2024-08-29,completed,5,bank_transfer
1609,1005,2024-08-29,completed,,credit_card
1610,449,2024-08-30,completed,,cod
1611,843,2024-08-30,completed,,cod
1612,957,2024-08-30,completed,,credit_card
1613,965,2024-08-30,completed,,credit_card
1614,979,2024-08-30,completed,,bank_transfer
1615,989,2024-08-30,completed,,bank_transfer
1616,1002,2024-08-30,completed,,credit_card
1617,1011,2024-08-30,completed,,credit_card
1618,226,2024-08-31,completed,10,promptpay
1619,445,2024-08-31,completed,,promptpay
1620,450,2024-08-31,completed,,promptpay
1621,766,2024-08-31,cancelled,,cod
1622,795,2024-08-31,completed,,cod
1623,824,2024-08-31,completed,,promptpay
1624,882,2024-08-31,completed,,cod
1625,914,2024-08-31,completed,,promptpay
1626,915,2024-08-31,completed,,bank_transfer
1627,948,2024-08-31,returned,,promptpay
1628,969,2024-08-31,completed,,promptpay
1629,988,2024-08-31,completed,10,cod
1630,994,2024-08-31,completed,,promptpay
1631,997,2024-08-31,completed,,credit_card
1632,999,2024-08-31,completed,,promptpay
1633,1008,2024-08-31,cancelled,15,promptpay
1634,103,2024-09-01,completed,,promptpay
1635,142,2024-09-01,completed,,bank_transfer
1636,758,2024-09-01,completed,,cod
1637,818,2024-09-01,completed,,promptpay
1638,954,2024-09-01,completed,,promptpay
1639,970,2024-09-01,completed,,credit_card
1640,547,2024-09-02,completed,,credit_card
1641,639,2024-09-02,completed,5,credit_card
1642,720,2024-09-02,returned,5,credit_card
1643,842,2024-09-02,completed,,credit_card
1644,971,2024-09-02,returned,,promptpay
1645,1017,2024-09-02,completed,5,bank_transfer
1646,103,2024-09-03,completed,,bank_transfer
1647,482,2024-09-03,completed,,promptpay
1648,496,2024-09-03,completed,,bank_transfer
1649,525,2024-09-03,completed,,credit_card
1650,557,2024-09-03,completed,5,promptpay
1651,791,2024-09-03,completed,,promptpay
1652,795,2024-09-03,completed,,promptpay
1653,921,2024-09-03,completed,,cod
1654,982,2024-09-03,completed,,credit_card
1655,1028,2024-09-03,completed,5,bank_transfer
1656,273,2024-09-04,completed,,credit_card
1657,492,2024-09-04,completed,,credit_card
1658,875,2024-09-04,completed,10,credit_card
1659,896,2024-09-04,completed,15,promptpay
1660,974,2024-09-04,completed,,promptpay
1661,993,2024-09-04,completed,,credit_card
1662,1027,2024-09-04,completed,,credit_card
1663,351,2024-09-05,cancelled,,promptpay
1664,711,2024-09-05,completed,,promptpay
1665,860,2024-09-05,completed,10,credit_card
1666,872,2024-09-05,completed,,promptpay
1667,958,2024-09-05,returned,,credit_card
1668,981,2024-09-05,returned,,promptpay
1669,992,2024-09-05,completed,,promptpay
1670,1013,2024-09-05,completed,,bank_transfer
1671,1029,2024-09-05,completed,,cod
1672,1033,2024-09-05,cancelled,10,promptpay
1673,88,2024-09-06,completed,10,cod
1674,243,2024-09-06,completed,,credit_card
1675,268,2024-09-06,completed,,cod
1676,468,2024-09-06,completed,,promptpay
1677,831,2024-09-06,completed,5,bank_transfer
1678,995,2024-09-06,completed,,promptpay
1679,1009,2024-09-06,completed,,cod
1680,1021,2024-09-06,cancelled,,promptpay
1681,1045,2024-09-06,completed,,credit_card
1682,662,2024-09-07,completed,,cod
1683,675,2024-09-07,completed,5,credit_card
1684,783,2024-09-07,completed,,credit_card
1685,882,2024-09-07,completed,,promptpay
1686,887,2024-09-07,completed,10,promptpay
1687,970,2024-09-07,completed,,credit_card
1688,980,2024-09-07,completed,,credit_card
1689,990,2024-09-07,completed,,bank_transfer
1690,1004,2024-09-07,completed,,promptpay
1691,1030,2024-09-07,completed,,credit_card
1692,1044,2024-09-07,completed,,credit_card
1693,336,2024-09-08,completed,,promptpay
1694,787,2024-09-08,completed,,credit_card
1695,799,2024-09-08,cancelled,,cod
1696,856,2024-09-08,completed,,cod
1697,936,2024-09-08,completed,,cod
1698,989,2024-09-08,completed,,cod
1699,1014,2024-09-08,completed,,promptpay
1700,460,2024-09-09,completed,5,promptpay
1701,606,2024-09-09,completed,10,credit_card
1702,730,2024-09-09,completed,,cod
1703,760,2024-09-09,completed,5,cod
1704,998,2024-09-09,completed,,promptpay
1705,1020,2024-09-09,completed,,credit_card
1706,1035,2024-09-09,returned,,promptpay
1707,1037,2024-09-09,completed,5,cod
1708,1041,2024-09-09,completed,,promptpay
1709,1042,2024-09-09,completed,,promptpay
1710,295,2024-09-10,completed,,promptpay
1711,374,2024-09-10,completed,,promptpay
1712,482,2024-09-10,completed,,credit_card
1713,823,2024-09-10,returned,,cod
1714,847,2024-09-10,completed,,credit_card
1715,974,2024-09-10,completed,,promptpay
1716,1007,2024-09-10,completed,,promptpay
1717,1031,2024-09-10,cancelled,10,promptpay
1718,1035,2024-09-10,completed,,promptpay
1719,1055,2024-09-10,completed,,credit_card
1720,404,2024-09-11,completed,,promptpay
1721,630,2024-09-11,completed,5,promptpay
1722,775,2024-09-11,completed,,promptpay
1723,871,2024-09-11,completed,,promptpay
1724,1010,2024-09-11,completed,5,credit_card
1725,1017,2024-09-11,completed,,credit_card
1726,1022,2024-09-11,completed,5,credit_card
1727,1024,2024-09-11,cancelled,,cod
1728,1026,2024-09-11,completed,5,promptpay
1729,1050,2024-09-11,completed,,credit_card
1730,1071,2024-09-11,completed,,cod
1731,537,2024-09-12,completed,,cod
1732,546,2024-09-12,completed,,promptpay
1733,1016,2024-09-12,completed,,promptpay
1734,1025,2024-09-12,completed,,promptpay
1735,1034,2024-09-12,completed,,bank_transfer
1736,1038,2024-09-12,completed,,cod
1737,1046,2024-09-12,completed,,promptpay
1738,248,2024-09-13,returned,15,cod
1739,710,2024-09-13,completed,,cod
1740,942,2024-09-13,returned,5,cod
1741,1019,2024-09-13,completed,,credit_card
1742,1025,2024-09-13,completed,20,promptpay
1743,1044,2024-09-13,completed,10,promptpay
1744,1060,2024-09-13,completed,,credit_card
1745,1072,2024-09-13,completed,10,cod
1746,336,2024-09-14,completed,,credit_card
1747,538,2024-09-14,completed,,credit_card
1748,563,2024-09-14,completed,,cod
1749,693,2024-09-14,completed,,credit_card
1750,736,2024-09-14,completed,,credit_card
1751,741,2024-09-14,completed,,credit_card
1752,775,2024-09-14,completed,,credit_card
1753,966,2024-09-14,cancelled,,credit_card
1754,1018,2024-09-14,completed,15,credit_card
1755,1033,2024-09-14,completed,,promptpay
1756,1061,2024-09-14,completed,,promptpay
1757,554,2024-09-15,completed,,promptpay
1758,736,2024-09-15,completed,,credit_card
1759,739,2024-09-15,completed,,credit_card
1760,898,2024-09-15,completed,,bank_transfer
1761,1026,2024-09-15,completed,10,credit_card
1762,1040,2024-09-15,completed,5,credit_card
1763,1048,2024-09-15,completed,,credit_card
1764,1087,2024-09-15,completed,,credit_card
1765,245,2024-09-16,completed,5,credit_card
1766,253,2024-09-16,completed,,credit_card
1767,600,2024-09-16,completed,,promptpay
1768,736,2024-09-16,completed,,credit_card
1769,1032,2024-09-16,completed,,cod
1770,1036,2024-09-16,completed,,cod
1771,1086,2024-09-16,completed,,promptpay
1772,1098,2024-09-16,completed,,promptpay
1773,854,2024-09-17,completed,,promptpay
1774,956,2024-09-17,completed,5,promptpay
1775,1054,2024-09-17,completed,,bank_transfer
1776,1068,2024-09-17,completed,10,credit_card
1777,1088,2024-09-17,completed,,cod
1778,1108,2024-09-17,completed,,cod
1779,428,2024-09-18,completed,15,cod
1780,945,2024-09-18,completed,,promptpay
1781,950,2024-09-18,cancelled,,promptpay
1782,971,2024-09-18,returned,,promptpay
1783,1039,2024-09-18,completed,,cod
1784,1043,2024-09-18,completed,10,credit_card
1785,1045,2024-09-18,completed,5,credit_card
1786,1074,2024-09-18,completed,,promptpay
1787,1076,2024-09-18,completed,10,cod
1788,245,2024-09-19,completed,,promptpay
1789,606,2024-09-19,completed,,cod
1790,713,2024-09-19,completed,,credit_card
1791,925,2024-09-19,completed,10,cod
1792,1009,2024-09-19,completed,,promptpay
1793,1048,2024-09-19,completed,,credit_card
1794,1065,2024-09-19,completed,,credit_card
1795,1069,2024-09-19,returned,,promptpay
1796,1087,2024-09-19,completed,,cod
1797,1092,2024-09-19,completed,,promptpay
1798,180,2024-09-20,returned,5,cod
1799,693,2024-09-20,completed,5,cod
1800,776,2024-09-20,completed,,credit_card
1801,878,2024-09-20,completed,,bank_transfer
1802,936,2024-09-20,completed,5,bank_transfer
1803,953,2024-09-20,completed,,cod
1804,973,2024-09-20,completed,,promptpay
1805,1051,2024-09-20,completed,,promptpay
1806,1056,2024-09-20,completed,5,credit_card
1807,1059,2024-09-20,completed,,bank_transfer
1808,1070,2024-09-20,completed,,bank_transfer
1809,1085,2024-09-20,completed,,credit_card
1810,1090,2024-09-20,completed,,bank_transfer
1811,1105,2024-09-20,completed,5,bank_transfer
1812,1111,2024-09-20,completed,,promptpay
1813,401,2024-09-21,completed,,credit_card
1814,520,2024-09-21,completed,,promptpay
1815,705,2024-09-21,completed,,promptpay
1816,898,2024-09-21,completed,5,bank_transfer
1817,972,2024-09-21,completed,,credit_card
1818,1046,2024-09-21,completed,10,credit_card
1819,1057,2024-09-21,completed,,promptpay
1820,1064,2024-09-21,completed,,cod
1821,1080,2024-09-21,completed,,promptpay
1822,1115,2024-09-21,completed,10,credit_card
1823,252,2024-09-22,completed,10,credit_card
1824,291,2024-09-22,completed,,credit_card
1825,621,2024-09-22,completed,,promptpay
1826,691,2024-09-22,cancelled,,credit_card
1827,951,2024-09-22,completed,5,promptpay
1828,1030,2024-09-22,completed,,credit_card
1829,1040,2024-09-22,completed,,promptpay
1830,1067,2024-09-22,completed,,cod
1831,1084,2024-09-22,completed,,bank_transfer
1832,181,2024-09-23,completed,,bank_transfer
1833,669,2024-09-23,completed,,bank_transfer
1834,903,2024-09-23,completed,,credit_card
1835,1005,2024-09-23,completed,,credit_card
1836,1059,2024-09-23,completed,,promptpay
1837,1073,2024-09-23,completed,,promptpay
1838,1109,2024-09-23,completed,,promptpay
1839,1121,2024-09-23,completed,20,credit_card
1840,1126,2024-09-23,completed,,cod
1841,28,2024-09-24,completed,,credit_card
1842,121,2024-09-24,completed,5,promptpay
1843,341,2024-09-24,cancelled,,credit_card
1844,372,2024-09-24,completed,,credit_card
1845,565,2024-09-24,completed,,promptpay
1846,752,2024-09-24,returned,,cod
1847,1027,2024-09-24,cancelled,,promptpay
1848,1062,2024-09-24,completed,,credit_card
1849,1063,2024-09-24,completed,15,credit_card
1850,1075,2024-09-24,completed,,cod
1851,1079,2024-09-24,completed,,cod
1852,1082,2024-09-24,completed,,credit_card
1853,1107,2024-09-24,completed,,cod
1854,374,2024-09-25,completed,5,cod
1855,577,2024-09-25,completed,,promptpay
1856,768,2024-09-25,completed,,promptpay
1857,796,2024-09-25,completed,10,promptpay
1858,909,2024-09-25,returned,,credit_card
1859,1032,2024-09-25,completed,,cod
1860,1065,2024-09-25,completed,10,promptpay
1861,1077,2024-09-25,completed,,promptpay
1862,1078,2024-09-25,completed,,credit_card
1863,1103,2024-09-25,completed,,promptpay
1864,1117,2024-09-25,completed,,cod
1865,1122,2024-09-25,returned,,promptpay
1866,483,2024-09-26,completed,15,credit_card
1867,538,2024-09-26,completed,,credit_card
1868,587,2024-09-26,completed,10,promptpay
1869,710,2024-09-26,completed,,promptpay
1870,972,2024-09-26,completed,,promptpay
1871,1056,2024-09-26,completed,,credit_card
1872,1089,2024-09-26,completed,,promptpay
1873,1093,2024-09-26,completed,,promptpay
1874,1112,2024-09-26,completed,,credit_card
1875,407,2024-09-27,completed,,cod
1876,771,2024-09-27,completed,20,credit_card
1877,778,2024-09-27,completed,,credit_card
1878,826,2024-09-27,completed,,credit_card
1879,874,2024-09-27,completed,,cod
1880,971,2024-09-27,completed,,promptpay
1881,1004,2024-09-27,completed,,credit_card
1882,1083,2024-09-27,returned,,cod
1883,1094,2024-09-27,completed,5,bank_transfer
1884,1102,2024-09-27,completed,5,promptpay
1885,248,2024-09-28,cancelled,,credit_card
1886,486,2024-09-28,completed,,credit_card
1887,742,2024-09-28,completed,,bank_transfer
1888,791,2024-09-28,completed,,cod
1889,806,2024-09-28,cancelled,5,cod
1890,939,2024-09-28,completed,,credit_card
1891,1070,2024-09-28,completed,,credit_card
1892,1091,2024-09-28,completed,,promptpay
1893,1156,2024-09-28,completed,10,credit_card
1894,819,2024-09-29,completed,,credit_card
1895,977,2024-09-29,returned,,credit_card
1896,1101,2024-09-29,completed,,promptpay
1897,1113,2024-09-29,completed,,credit_card
1898,1145,2024-09-29,completed,20,credit_card
1899,962,2024-09-30,completed,,credit_card
1900,1057,2024-09-30,completed,,credit_card
1901,1091,2024-09-30,completed,15,credit_card
1902,1096,2024-09-30,completed,,cod
1903,1097,2024-09-30,completed,,promptpay
1904,1106,2024-09-30,completed,,credit_card
1905,1110,2024-09-30,completed,,promptpay
1906,142,2024-10-01,completed,,credit_card
1907,388,2024-10-01,completed,,promptpay
1908,971,2024-10-01,completed,,promptpay
1909,1102,2024-10-01,completed,5,credit_card
1910,1123,2024-10-01,completed,,cod
1911,1128,2024-10-01,completed,,promptpay
1912,1155,2024-10-01,completed,,promptpay
1913,1159,2024-10-01,completed,,credit_card
1914,545,2024-10-02,completed,,promptpay
1915,565,2024-10-02,cancelled,,promptpay
1916,894,2024-10-02,completed,5,promptpay
1917,992,2024-10-02,completed,,credit_card
1918,1011,2024-10-02,completed,,promptpay
1919,1048,2024-10-02,completed,,promptpay
1920,1114,2024-10-02,returned,,bank_transfer
1921,1122,2024-10-02,completed,,credit_card
1922,1129,2024-10-02,completed,,credit_card
1923,1142,2024-10-02,completed,5,promptpay
1924,1149,2024-10-02,completed,,promptpay
1925,1161,2024-10-02,returned,,credit_card
1926,1166,2024-10-02,cancelled,,credit_card
1927,404,2024-10-03,completed,10,promptpay
1928,538,2024-10-03,completed,15,promptpay
1929,618,2024-10-03,completed,,credit_card
1930,747,2024-10-03,completed,,cod
1931,872,2024-10-03,completed,5,promptpay
1932,999,2024-10-03,completed,,promptpay
1933,1120,2024-10-03,cancelled,,promptpay
1934,1136,2024-10-03,completed,15,promptpay
1935,713,2024-10-04,completed,,cod
1936,1087,2024-10-04,completed,5,cod
1937,1116,2024-10-04,completed,,bank_transfer
1938,1118,2024-10-04,completed,,promptpay
1939,1124,2024-10-04,completed,,credit_card
1940,1143,2024-10-04,completed,,promptpay
1941,1163,2024-10-04,completed,,credit_card
1942,227,2024-10-05,completed,5,credit_card
1943,376,2024-10-05,completed,,credit_card
1944,547,2024-10-05,completed,5,credit_card
1945,620,2024-10-05,completed,,credit_card
1946,657,2024-10-05,completed,,promptpay
1947,1130,2024-10-05,completed,,promptpay
1948,1147,2024-10-05,completed,10,cod
1949,1162,2024-10-05,completed,,cod
1950,407,2024-10-06,completed,10,bank_transfer
1951,627,2024-10-06,completed,,promptpay
1952,791,2024-10-06,completed,5,credit_card
1953,945,2024-10-06,returned,,cod
1954,1059,2024-10-06,completed,,credit_card
1955,1125,2024-10-06,completed,,credit_card
1956,1131,2024-10-06,completed,,cod
1957,1137,2024-10-06,completed,,promptpay
1958,1152,2024-10-06,completed,15,cod
1959,1176,2024-10-06,returned,10,promptpay
1960,1177,2024-10-06,completed,10,credit_card
1961,145,2024-10-07,completed,,cod
1962,247,2024-10-07,completed,5,bank_transfer
1963,377,2024-10-07,completed,,credit_card
1964,694,2024-10-07,completed,,bank_transfer
1965,727,2024-10-07,completed,,credit_card
1966,1167,2024-10-07,completed,,promptpay
1967,1170,2024-10-07,completed,,promptpay
1968,241,2024-10-08,completed,,credit_card
1969,546,2024-10-08,completed,,credit_card
1970,578,2024-10-08,completed,,credit_card
1971,903,2024-10-08,completed,,bank_transfer
1972,962,2024-10-08,completed,5,cod
1973,1031,2024-10-08,completed,,promptpay
1974,1068,2024-10-08,completed,,credit_card
1975,1079,2024-10-08,completed,,credit_card
1976,1133,2024-10-08,completed,10,credit_card
1977,1141,2024-10-08,completed,,cod
1978,1150,2024-10-08,returned,,promptpay
1979,1154,2024-10-08,cancelled,,promptpay
1980,372,2024-10-09,completed,,bank_transfer
1981,471,2024-10-09,completed,10,promptpay
1982,639,2024-10-09,completed,5,promptpay
1983,771,2024-10-09,completed,5,promptpay
1984,922,2024-10-09,completed,,promptpay
1985,947,2024-10-09,cancelled,10,cod
1986,1030,2024-10-09,completed,,promptpay
1987,1125,2024-10-09,completed,,credit_card
1988,1130,2024-10-09,completed,,credit_card
1989,1169,2024-10-09,completed,5,cod
1990,1182,2024-10-09,completed,,credit_card
1991,1185,2024-10-09,completed,,promptpay
1992,1187,2024-10-09,completed,,cod
1993,623,2024-10-10,completed,,cod
1994,729,2024-10-10,completed,15,credit_card
1995,1048,2024-10-10,completed,,credit_card
1996,1124,2024-10-10,completed,,cod
1997,1144,2024-10-10,completed,,promptpay
1998,1160,2024-10-10,completed,5,credit_card
1999,1164,2024-10-10,completed,,credit_card
2000,1165,2024-10-10,completed,5,credit_card
2001,768,2024-10-11,completed,,promptpay
2002,942,2024-10-11,completed,,cod
2003,1072,2024-10-11,completed,,promptpay
2004,1146,2024-10-11,completed,15,promptpay
2005,1153,2024-10-11,completed,10,credit_card
2006,1155,2024-10-11,completed,10,promptpay
2007,1179,2024-10-11,completed,5,promptpay
2008,1191,2024-10-11,completed,,bank_transfer
2009,1202,2024-10-11,returned,,promptpay
2010,649,2024-10-12,completed,10,cod
2011,894,2024-10-12,completed,,promptpay
2012,1033,2024-10-12,completed,,credit_card
2013,1110,2024-10-12,completed,,promptpay
2014,1131,2024-10-12,completed,,promptpay
2015,1157,2024-10-12,completed,10,bank_transfer
2016,1158,2024-10-12,completed,,promptpay
2017,1168,2024-10-12,completed,,credit_card
2018,1173,2024-10-12,completed,,credit_card
2019,1183,2024-10-12,completed,,credit_card
2020,1191,2024-10-12,completed,,promptpay
2021,1197,2024-10-12,completed,,cod
2022,778,2024-10-13,completed,,promptpay
2023,1018,2024-10-13,completed,10,credit_card
2024,1077,2024-10-13,completed,,credit_card
2025,1124,2024-10-13,completed,,bank_transfer
2026,1171,2024-10-13,completed,5,promptpay
2027,1181,2024-10-13,completed,,cod
2028,1186,2024-10-13,completed,,promptpay
2029,121,2024-10-14,completed,5,credit_card
2030,245,2024-10-14,completed,,credit_card
2031,264,2024-10-14,completed,5,credit_card
2032,605,2024-10-14,completed,,credit_card
2033,1026,2024-10-14,completed,,cod
2034,1195,2024-10-14,completed,20,bank_transfer
2035,1206,2024-10-14,completed,,credit_card
2036,1216,2024-10-14,completed,,credit_card
2037,1022,2024-10-15,completed,20,promptpay
2038,1180,2024-10-15,completed,,promptpay
2039,1184,2024-10-15,completed,5,promptpay
2040,1217,2024-10-15,completed,5,promptpay
2041,537,2024-10-16,completed,,cod
2042,662,2024-10-16,completed,5,cod
2043,873,2024-10-16,completed,,bank_transfer
2044,1043,2024-10-16,completed,10,credit_card
2045,1172,2024-10-16,completed,20,promptpay
2046,1212,2024-10-16,completed,,promptpay
2047,319,2024-10-17,returned,,cod
2048,1098,2024-10-17,completed,10,promptpay
2049,1130,2024-10-17,completed,,credit_card
2050,1208,2024-10-17,completed,,cod
2051,1220,2024-10-17,completed,,credit_card
2052,401,2024-10-18,completed,,promptpay
2053,637,2024-10-18,completed,,credit_card
2054,737,2024-10-18,completed,,promptpay
2055,753,2024-10-18,completed,,credit_card
2056,806,2024-10-18,completed,,promptpay
2057,1175,2024-10-18,completed,,bank_transfer
2058,1198,2024-10-18,completed,5,credit_card
2059,1203,2024-10-18,completed,,credit_card
2060,1210,2024-10-18,completed,,bank_transfer
2061,1215,2024-10-18,completed,,cod
2062,1230,2024-10-18,completed,,credit_card
2063,103,2024-10-19,returned,10,bank_transfer
2064,363,2024-10-19,completed,,credit_card
2065,1157,2024-10-19,completed,,promptpay
2066,1168,2024-10-19,completed,5,promptpay
2067,1178,2024-10-19,completed,10,credit_card
2068,1188,2024-10-19,completed,5,credit_card
2069,287,2024-10-20,completed,,credit_card
2070,1079,2024-10-20,completed,,promptpay
2071,1083,2024-10-20,completed,,promptpay
2072,1190,2024-10-20,completed,10,promptpay
2073,1201,2024-10-20,completed,10,bank_transfer
2074,1205,2024-10-20,completed,,credit_card
2075,1213,2024-10-20,completed,,promptpay
2076,1230,2024-10-20,completed,,credit_card
2077,159,2024-10-21,completed,,promptpay
2078,884,2024-10-21,completed,15,cod
2079,1089,2024-10-21,completed,5,promptpay
2080,1228,2024-10-21,completed,,promptpay
2081,1237,2024-10-21,completed,,bank_transfer
2082,482,2024-10-22,completed,,cod
2083,713,2024-10-22,completed,,credit_card
2084,900,2024-10-22,completed,,promptpay
2085,950,2024-10-22,completed,,bank_transfer
2086,978,2024-10-22,completed,,credit_card
2087,1200,2024-10-22,returned,,promptpay
2088,1207,2024-10-22,completed,,credit_card
2089,1211,2024-10-22,completed,,cod
2090,1243,2024-10-22,completed,5,promptpay
2091,241,2024-10-23,completed,,credit_card
2092,438,2024-10-23,completed,,promptpay
2093,1004,2024-10-23,completed,20,promptpay
2094,1196,2024-10-23,completed,,credit_card
2095,1199,2024-10-23,completed,,credit_card
2096,1221,2024-10-23,completed,5,credit_card
2097,577,2024-10-24,completed,,promptpay
2098,951,2024-10-24,completed,,credit_card
2099,960,2024-10-24,completed,,credit_card
2100,988,2024-10-24,completed,5,credit_card
2101,1041,2024-10-24,completed,,credit_card
2102,1067,2024-10-24,completed,,promptpay
2103,1076,2024-10-24,completed,,promptpay
2104,1103,2024-10-24,completed,,promptpay
2105,1162,2024-10-24,completed,,promptpay
2106,1214,2024-10-24,completed,,credit_card
2107,1247,2024-10-24,completed,,credit_card
2108,1254,2024-10-24,completed,,promptpay
2109,184,2024-10-25,cancelled,,cod
2110,407,2024-10-25,returned,,credit_card
2111,637,2024-10-25,completed,10,bank_transfer
2112,703,2024-10-25,completed,,promptpay
2113,988,2024-10-25,completed,5,cod
2114,1124,2024-10-25,completed,,bank_transfer
2115,1136,2024-10-25,cancelled,5,credit_card
2116,1228,2024-10-25,completed,,promptpay
2117,1229,2024-10-25,completed,,cod
2118,1237,2024-10-25,completed,15,promptpay
2119,1246,2024-10-25,completed,,promptpay
2120,860,2024-10-26,completed,,bank_transfer
2121,1020,2024-10-26,completed,,bank_transfer
2122,1043,2024-10-26,completed,,cod
2123,1054,2024-10-26,completed,,credit_card
2124,1071,2024-10-26,completed,,bank_transfer
2125,1161,2024-10-26,completed,,credit_card
2126,1162,2024-10-26,completed,,credit_card
2127,1227,2024-10-26,cancelled,,cod
2128,1244,2024-10-26,completed,,credit_card
2129,1260,2024-10-26,completed,,promptpay
2130,234,2024-10-27,completed,5,promptpay
2131,245,2024-10-27,completed,,promptpay
2132,907,2024-10-27,completed,,promptpay
2133,996,2024-10-27,cancelled,,credit_card
2134,1020,2024-10-27,completed,10,promptpay
2135,1059,2024-10-27,cancelled,,credit_card
2136,1115,2024-10-27,completed,,credit_card
2137,1147,2024-10-27,completed,,credit_card
2138,1236,2024-10-27,completed,,credit_card
2139,1251,2024-10-27,completed,10,promptpay
2140,1258,2024-10-27,completed,,credit_card
2141,669,2024-10-28,completed,,bank_transfer
2142,919,2024-10-28,completed,,promptpay
2143,935,2024-10-28,completed,,bank_transfer
2144,943,2024-10-28,completed,,bank_transfer
2145,1107,2024-10-28,completed,,credit_card
2146,1222,2024-10-28,completed,,credit_card
2147,1230,2024-10-28,returned,15,bank_transfer
2148,1272,2024-10-28,completed,,promptpay
2149,115,2024-10-29,completed,20,bank_transfer
2150,786,2024-10-29,completed,,promptpay
2151,806,2024-10-29,returned,5,credit_card
2152,820,2024-10-29,completed,,credit_card
2153,1026,2024-10-29,completed,,promptpay
2154,1156,2024-10-29,completed,15,credit_card
2155,1168,2024-10-29,completed,10,credit_card
2156,1256,2024-10-29,completed,,promptpay
2157,1257,2024-10-29,completed,,cod
2158,1264,2024-10-29,completed,5,promptpay
2159,1266,2024-10-29,completed,,cod
2160,1268,2024-10-29,completed,,promptpay
2161,1270,2024-10-29,completed,,cod
2162,225,2024-10-30,completed,,promptpay
2163,717,2024-10-30,completed,,cod
2164,1155,2024-10-30,completed,10,promptpay
2165,1183,2024-10-30,completed,,bank_transfer
2166,1226,2024-10-30,completed,,bank_transfer
2167,1232,2024-10-30,completed,,credit_card
2168,1276,2024-10-30,completed,,promptpay
2169,1278,2024-10-30,completed,,credit_card
2170,1279,2024-10-30,completed,,promptpay
2171,642,2024-10-31,completed,,promptpay
2172,722,2024-10-31,completed,5,cod
2173,873,2024-10-31,completed,,credit_card
2174,988,2024-10-31,completed,,bank_transfer
2175,992,2024-10-31,completed,,credit_card
2176,1008,2024-10-31,completed,,cod
2177,1041,2024-10-31,completed,,credit_card
2178,1136,2024-10-31,completed,,promptpay
2179,1169,2024-10-31,completed,,bank_transfer
2180,1225,2024-10-31,completed,15,credit_card
2181,1240,2024-10-31,completed,,credit_card
2182,1253,2024-10-31,completed,10,promptpay
2183,1271,2024-10-31,completed,,cod
2184,1277,2024-10-31,completed,,promptpay
2185,1289,2024-10-31,completed,,credit_card
2186,896,2024-11-01,returned,10,credit_card
2187,1115,2024-11-01,completed,,credit_card
2188,1216,2024-11-01,completed,,promptpay
2189,1231,2024-11-01,completed,,promptpay
2190,1285,2024-11-01,completed,20,cod
2191,1285,2024-11-01,completed,,credit_card
2192,1292,2024-11-01,completed,,cod
2193,1295,2024-11-01,completed,,credit_card
2194,1295,2024-11-01,completed,,promptpay
2195,1303,2024-11-01,completed,,promptpay
2196,28,2024-11-02,returned,20,promptpay
2197,793,2024-11-02,completed,,promptpay
2198,1102,2024-11-02,completed,,credit_card
2199,1136,2024-11-02,completed,,promptpay
2200,1233,2024-11-02,completed,10,credit_card
2201,1234,2024-11-02,completed,,promptpay
2202,1252,2024-11-02,completed,,credit_card
2203,1288,2024-11-02,completed,,cod
2204,1299,2024-11-02,completed,10,promptpay
2205,890,2024-11-03,completed,,promptpay
2206,1076,2024-11-03,completed,15,promptpay
2207,1239,2024-11-03,completed,,credit_card
2208,1248,2024-11-03,completed,10,credit_card
2209,1249,2024-11-03,completed,5,credit_card
2210,1250,2024-11-03,completed,5,promptpay
2211,1262,2024-11-03,completed,,promptpay
2212,1287,2024-11-03,completed,,credit_card
2213,1302,2024-11-03,completed,5,credit_card
2214,344,2024-11-04,completed,,promptpay
2215,927,2024-11-04,cancelled,,credit_card
2216,973,2024-11-04,completed,,promptpay
2217,1191,2024-11-04,completed,,credit_card
2218,1233,2024-11-04,completed,5,promptpay
2219,1242,2024-11-04,completed,,credit_card
2220,1260,2024-11-04,completed,,bank_transfer
2221,1290,2024-11-04,returned,5,credit_card
2222,1300,2024-11-04,completed,,promptpay
2223,319,2024-11-05,completed,,cod
2224,983,2024-11-05,completed,,credit_card
2225,1124,2024-11-05,completed,,credit_card
2226,1255,2024-11-05,completed,10,promptpay
2227,1281,2024-11-05,completed,,bank_transfer
2228,1291,2024-11-05,completed,10,promptpay
2229,1317,2024-11-05,completed,,credit_card
2230,103,2024-11-06,completed,,credit_card
2231,669,2024-11-06,completed,,credit_card
2232,920,2024-11-06,completed,10,credit_card
2233,933,2024-11-06,completed,,promptpay
2234,1090,2024-11-06,completed,,cod
2235,1116,2024-11-06,completed,,bank_transfer
2236,1256,2024-11-06,completed,5,credit_card
2237,1269,2024-11-06,completed,,promptpay
2238,1274,2024-11-06,completed,,credit_card
2239,1296,2024-11-06,completed,,bank_transfer
2240,1297,2024-11-06,completed,,credit_card
2241,1316,2024-11-06,completed,,promptpay
2242,486,2024-11-07,completed,,bank_transfer
2243,599,2024-11-07,completed,5,credit_card
2244,923,2024-11-07,completed,5,promptpay
2245,982,2024-11-07,completed,,promptpay
2246,1020,2024-11-07,completed,,promptpay
2247,1029,2024-11-07,completed,,promptpay
2248,1048,2024-11-07,completed,,credit_card
2249,1118,2024-11-07,completed,5,promptpay
2250,1136,2024-11-07,completed,,promptpay
2251,1266,2024-11-07,completed,,credit_card
2252,1275,2024-11-07,completed,,promptpay
2253,1280,2024-11-07,cancelled,10,credit_card
2254,1312,2024-11-07,completed,,credit_card
2255,1332,2024-11-07,completed,,credit_card
2256,407,2024-11-08,completed,,credit_card
2257,586,2024-11-08,completed,15,promptpay
2258,634,2024-11-08,completed,15,credit_card
2259,801,2024-11-08,completed,,bank_transfer
2260,886,2024-11-08,completed,15,cod
2261,1002,2024-11-08,completed,,credit_card
2262,1048,2024-11-08,completed,,credit_card
2263,1261,2024-11-08,completed,,credit_card
2264,1267,2024-11-08,returned,15,promptpay
2265,1267,2024-11-08,completed,,promptpay
2266,1273,2024-11-08,completed,,credit_card
2267,1320,2024-11-08,completed,,credit_card
2268,291,2024-11-09,completed,10,credit_card
2269,319,2024-11-09,cancelled,5,bank_transfer
2270,527,2024-11-09,completed,,promptpay
2271,940,2024-11-09,completed,,promptpay
2272,1076,2024-11-09,completed,,promptpay
2273,1242,2024-11-09,cancelled,,promptpay
2274,1250,2024-11-09,completed,10,cod
2275,1321,2024-11-09,returned,,promptpay
2276,1329,2024-11-09,completed,,promptpay
2277,291,2024-11-10,completed,15,promptpay
2278,740,2024-11-10,cancelled,,cod
2279,1120,2024-11-10,completed,,promptpay
2280,1234,2024-11-10,completed,,credit_card
2281,1273,2024-11-10,completed,20,cod
2282,1308,2024-11-10,completed,,promptpay
2283,1322,2024-11-10,completed,,promptpay
2284,1338,2024-11-10,completed,,promptpay
2285,234,2024-11-11,completed,,cod
2286,634,2024-11-11,completed,,promptpay
2287,639,2024-11-11,completed,,promptpay
2288,766,2024-11-11,completed,,cod
2289,1055,2024-11-11,completed,,cod
2290,1106,2024-11-11,completed,,credit_card
2291,1250,2024-11-11,completed,5,promptpay
2292,1309,2024-11-11,completed,,promptpay
2293,1325,2024-11-11,completed,5,credit_card
2294,1336,2024-11-11,completed,,cod
2295,1348,2024-11-11,completed,,promptpay
2296,584,2024-11-12,completed,,promptpay
2297,1220,2024-11-12,completed,,cod
2298,1242,2024-11-12,completed,,promptpay
2299,1284,2024-11-12,completed,5,credit_card
2300,1291,2024-11-12,completed,5,promptpay
2301,1294,2024-11-12,completed,,bank_transfer
2302,1300,2024-11-12,completed,,cod
2303,1313,2024-11-12,completed,,credit_card
2304,1319,2024-11-12,completed,5,credit_card
2305,1336,2024-11-12,completed,,promptpay
2306,1345,2024-11-12,completed,,credit_card
2307,1357,2024-11-12,completed,,credit_card
2308,860,2024-11-13,completed,5,credit_card
2309,898,2024-11-13,completed,,credit_card
2310,1059,2024-11-13,completed,,credit_card
2311,1059,2024-11-13,completed,,promptpay
2312,1182,2024-11-13,completed,,bank_transfer
2313,1243,2024-11-13,completed,,cod
2314,1296,2024-11-13,completed,15,credit_card
2315,1298,2024-11-13,completed,10,bank_transfer
2316,1298,2024-11-13,cancelled,5,cod
2317,1311,2024-11-13,completed,,promptpay
2318,1315,2024-11-13,completed,,credit_card
2319,1324,2024-11-13,completed,,bank_transfer
2320,1326,2024-11-13,completed,,credit_card
2321,1331,2024-11-13,completed,,bank_transfer
2322,1339,2024-11-13,cancelled,,credit_card
2323,1344,2024-11-13,completed,,credit_card
2324,1350,2024-11-13,completed,20,credit_card
2325,28,2024-11-14,completed,,promptpay
2326,121,2024-11-14,completed,,credit_card
2327,319,2024-11-14,completed,10,cod
2328,788,2024-11-14,completed,10,bank_transfer
2329,1014,2024-11-14,completed,,promptpay
2330,1065,2024-11-14,returned,,cod
2331,1085,2024-11-14,completed,,promptpay
2332,1152,2024-11-14,completed,10,credit_card
2333,1188,2024-11-14,returned,,cod
2334,1276,2024-11-14,completed,,promptpay
2335,1294,2024-11-14,completed,5,bank_transfer
2336,1301,2024-11-14,completed,,promptpay
2337,1304,2024-11-14,completed,10,credit_card
2338,1327,2024-11-14,completed,5,promptpay
2339,1346,2024-11-14,completed,,credit_card
2340,471,2024-11-15,completed,,promptpay
2341,752,2024-11-15,completed,,promptpay
2342,801,2024-11-15,completed,,credit_card
2343,871,2024-11-15,completed,,promptpay
2344,1106,2024-11-15,completed,,credit_card
2345,1121,2024-11-15,completed,,credit_card
2346,1183,2024-11-15,cancelled,,credit_card
2347,1183,2024-11-15,completed,5,promptpay
2348,1197,2024-11-15,completed,,cod
2349,1213,2024-11-15,completed,,cod
2350,1296,2024-11-15,completed,5,promptpay
2351,1307,2024-11-15,completed,10,credit_card
2352,1314,2024-11-15,returned,10,promptpay
2353,1322,2024-11-15,completed,,promptpay
2354,1333,2024-11-15,completed,15,credit_card
2355,1358,2024-11-15,completed,,credit_card
2356,471,2024-11-16,completed,5,promptpay
2357,1020,2024-11-16,completed,,credit_card
2358,1045,2024-11-16,completed,,bank_transfer
2359,1068,2024-11-16,completed,5,credit_card
2360,1069,2024-11-16,completed,,promptpay
2361,1116,2024-11-16,completed,,credit_card
2362,1303,2024-11-16,completed,,promptpay
2363,1321,2024-11-16,completed,,promptpay
2364,1360,2024-11-16,completed,,credit_card
2365,1365,2024-11-16,completed,,bank_transfer
2366,186,2024-11-17,completed,,cod
2367,319,2024-11-17,completed,,credit_card
2368,923,2024-11-17,cancelled,,credit_card
2369,1004,2024-11-17,completed,,credit_card
2370,1007,2024-11-17,completed,20,promptpay
2371,1014,2024-11-17,completed,,cod
2372,1165,2024-11-17,completed,,credit_card
2373,1197,2024-11-17,completed,,bank_transfer
2374,1273,2024-11-17,completed,5,cod
2375,1299,2024-11-17,completed,,promptpay
2376,1323,2024-11-17,completed,,promptpay
2377,1326,2024-11-17,completed,,credit_card
2378,1345,2024-11-17,completed,5,promptpay
2379,1361,2024-11-17,completed,,promptpay
2380,1362,2024-11-17,completed,,promptpay
2381,1377,2024-11-17,completed,,promptpay
2382,1377,2024-11-17,completed,10,promptpay
2383,159,2024-11-18,completed,10,bank_transfer
2384,238,2024-11-18,completed,10,cod
2385,468,2024-11-18,completed,15,promptpay
2386,599,2024-11-18,completed,,promptpay
2387,634,2024-11-18,completed,,credit_card
2388,758,2024-11-18,completed,5,promptpay
2389,927,2024-11-18,completed,,bank_transfer
2390,975,2024-11-18,completed,,cod
2391,1261,2024-11-18,completed,5,promptpay
2392,1299,2024-11-18,completed,10,promptpay
2393,1371,2024-11-18,completed,5,promptpay
2394,1376,2024-11-18,completed,,bank_transfer
2395,860,2024-11-19,completed,,promptpay
2396,1172,2024-11-19,completed,5,cod
2397,1240,2024-11-19,completed,5,credit_card
2398,1249,2024-11-19,cancelled,,credit_card
2399,1301,2024-11-19,completed,,credit_card
2400,1308,2024-11-19,completed,,promptpay
2401,1316,2024-11-19,completed,,credit_card
2402,1324,2024-11-19,completed,,promptpay
2403,1333,2024-11-19,completed,,promptpay
2404,1334,2024-11-19,completed,20,promptpay
2405,1335,2024-11-19,completed,,credit_card
2406,1342,2024-11-19,completed,,credit_card
2407,1351,2024-11-19,completed,10,credit_card
2408,1352,2024-11-19,completed,,cod
2409,1368,2024-11-19,completed,,credit_card
2410,929,2024-11-20,completed,10,promptpay
2411,943,2024-11-20,cancelled,,credit_card
2412,1167,2024-11-20,completed,15,promptpay
2413,1207,2024-11-20,completed,10,credit_card
2414,1207,2024-11-20,completed,,promptpay
2415,1248,2024-11-20,completed,,credit_card
2416,1253,2024-11-20,completed,,credit_card
2417,1284,2024-11-20,completed,,cod
2418,1333,2024-11-20,completed,,credit_card
2419,1337,2024-11-20,returned,10,cod
2420,1343,2024-11-20,completed,,promptpay
2421,1345,2024-11-20,completed,,promptpay
2422,546,2024-11-21,completed,,credit_card
2423,752,2024-11-21,completed,,promptpay
2424,788,2024-11-21,completed,10,credit_card
2425,858,2024-11-21,completed,,credit_card
2426,975,2024-11-21,completed,,promptpay
2427,1002,2024-11-21,completed,,promptpay
2428,1123,2024-11-21,completed,10,promptpay
2429,1167,2024-11-21,completed,10,cod
2430,1269,2024-11-21,completed,,cod
2431,1279,2024-11-21,completed,,bank_transfer
2432,1279,2024-11-21,completed,,bank_transfer
2433,1330,2024-11-21,completed,,cod
2434,1339,2024-11-21,completed,,cod
2435,1356,2024-11-21,completed,,promptpay
2436,1365,2024-11-21,cancelled,10,credit_card
2437,1367,2024-11-21,completed,,cod
2438,1375,2024-11-21,completed,,promptpay
2439,527,2024-11-22,completed,,promptpay
2440,546,2024-11-22,completed,,credit_card
2441,634,2024-11-22,completed,,cod
2442,739,2024-11-22,completed,,credit_card
2443,739,2024-11-22,cancelled,,credit_card
2444,886,2024-11-22,completed,,promptpay
2445,912,2024-11-22,completed,,promptpay
2446,943,2024-11-22,cancelled,,cod
2447,947,2024-11-22,completed,5,cod
2448,1004,2024-11-22,completed,,promptpay
2449,1045,2024-11-22,completed,,promptpay
2450,1090,2024-11-22,completed,,promptpay
2451,1199,2024-11-22,completed,,credit_card
2452,1225,2024-11-22,completed,,credit_card
2453,1231,2024-11-22,completed,,credit_card
2454,1266,2024-11-22,completed,5,credit_card
2455,1266,2024-11-22,completed,15,credit_card
2456,1330,2024-11-22,completed,,credit_card
2457,1345,2024-11-22,returned,,credit_card
2458,1349,2024-11-22,completed,,credit_card
2459,486,2024-11-23,completed,,credit_card
2460,527,2024-11-23,completed,20,credit_card
2461,652,2024-11-23,completed,5,promptpay
2462,811,2024-11-23,completed,,cod
2463,1123,2024-11-23,completed,,cod
2464,1233,2024-11-23,completed,,credit_card
2465,1273,2024-11-23,completed,,credit_card
2466,1275,2024-11-23,completed,,promptpay
2467,1299,2024-11-23,completed,10,credit_card
2468,1316,2024-11-23,completed,,credit_card
2469,1332,2024-11-23,completed,,promptpay
2470,1352,2024-11-23,completed,,promptpay
2471,1363,2024-11-23,completed,,bank_transfer
2472,1408,2024-11-23,completed,10,promptpay
2473,483,2024-11-24,completed,,promptpay
2474,831,2024-11-24,completed,5,cod
2475,1021,2024-11-24,completed,5,promptpay
2476,1142,2024-11-24,completed,,cod
2477,1169,2024-11-24,completed,,promptpay
2478,1256,2024-11-24,completed,,cod
2479,1324,2024-11-24,completed,10,credit_card
2480,1359,2024-11-24,completed,,promptpay
2481,1372,2024-11-24,completed,,cod
2482,1372,2024-11-24,completed,,bank_transfer
2483,1394,2024-11-24,completed,,credit_card
2484,1400,2024-11-24,completed,5,promptpay
2485,537,2024-11-25,completed,5,promptpay
2486,831,2024-11-25,completed,,credit_card
2487,929,2024-11-25,completed,,credit_card
2488,975,2024-11-25,completed,,promptpay
2489,1216,2024-11-25,completed,,credit_card
2490,1225,2024-11-25,completed,,cod
2491,1261,2024-11-25,completed,,promptpay
2492,1335,2024-11-25,completed,10,promptpay
2493,1354,2024-11-25,completed,,promptpay
2494,1359,2024-11-25,completed,5,credit_card
2495,1374,2024-11-25,completed,,cod
2496,1386,2024-11-25,completed,10,promptpay
2497,1387,2024-11-25,completed,5,promptpay
2498,1412,2024-11-25,completed,,credit_card
2499,468,2024-11-26,completed,,promptpay
2500,747,2024-11-26,completed,,credit_card
2501,788,2024-11-26,completed,10,bank_transfer
2502,829,2024-11-26,returned,,credit_card
2503,829,2024-11-26,cancelled,,credit_card
2504,1007,2024-11-26,completed,20,promptpay
2505,1122,2024-11-26,completed,5,cod
2506,1268,2024-11-26,completed,,credit_card
2507,1297,2024-11-26,completed,,credit_card
2508,1299,2024-11-26,completed,,credit_card
2509,1316,2024-11-26,completed,10,promptpay
2510,1323,2024-11-26,completed,,promptpay
2511,1350,2024-11-26,completed,15,cod
2512,1351,2024-11-26,completed,15,bank_transfer
2513,1353,2024-11-26,completed,,cod
2514,1366,2024-11-26,completed,,credit_card
2515,1373,2024-11-26,completed,,credit_card
2516,1381,2024-11-26,completed,,credit_card
2517,1387,2024-11-26,completed,,credit_card
2518,1388,2024-11-26,completed,,promptpay
2519,1397,2024-11-26,completed,15,promptpay
2520,1407,2024-11-26,returned,,bank_transfer
2521,1412,2024-11-26,completed,,promptpay
2522,1418,2024-11-26,completed,,promptpay
2523,157,2024-11-27,completed,10,cod
2524,438,2024-11-27,completed,,promptpay
2525,471,2024-11-27,returned,20,promptpay
2526,793,2024-11-27,completed,,promptpay
2527,860,2024-11-27,completed,10,credit_card
2528,973,2024-11-27,completed,,bank_transfer
2529,1014,2024-11-27,completed,,credit_card
2530,1069,2024-11-27,completed,10,promptpay
2531,1102,2024-11-27,completed,,cod
2532,1102,2024-11-27,completed,,promptpay
2533,1169,2024-11-27,completed,,credit_card
2534,1188,2024-11-27,completed,,promptpay
2535,1234,2024-11-27,completed,10,bank_transfer
2536,1234,2024-11-27,returned,,promptpay
2537,1274,2024-11-27,completed,5,credit_card
2538,1324,2024-11-27,completed,,promptpay
2539,1359,2024-11-27,completed,,promptpay
2540,1359,2024-11-27,completed,,promptpay
2541,1373,2024-11-27,completed,10,cod
2542,1418,2024-11-27,completed,20,cod
2543,1420,2024-11-27,completed,,cod
2544,1420,2024-11-27,completed,,credit_card
2545,335,2024-11-28,completed,,promptpay
2546,438,2024-11-28,completed,10,bank_transfer
2547,461,2024-11-28,completed,,promptpay
2548,483,2024-11-28,completed,5,credit_card
2549,652,2024-11-28,completed,10,credit_card
2550,747,2024-11-28,completed,5,credit_card
2551,758,2024-11-28,returned,10,credit_card
2552,860,2024-11-28,completed,5,promptpay
2553,871,2024-11-28,completed,,credit_card
2554,896,2024-11-28,completed,,promptpay
2555,898,2024-11-28,completed,,cod
2556,947,2024-11-28,completed,,bank_transfer
2557,975,2024-11-28,completed,10,credit_card
2558,1065,2024-11-28,completed,5,credit_card
2559,1068,2024-11-28,completed,,cod
2560,1090,2024-11-28,returned,,cod
2561,1142,2024-11-28,completed,15,credit_card
2562,1213,2024-11-28,completed,,cod
2563,1213,2024-11-28,completed,10,credit_card
2564,1242,2024-11-28,cancelled,,bank_transfer
2565,1268,2024-11-28,completed,,credit_card
2566,1296,2024-11-28,completed,10,credit_card
2567,1317,2024-11-28,completed,5,bank_transfer
2568,1319,2024-11-28,cancelled,,credit_card
2569,1320,2024-11-28,completed,5,promptpay
2570,1335,2024-11-28,completed,10,bank_transfer
2571,1335,2024-11-28,completed,,promptpay
2572,1370,2024-11-28,completed,,promptpay
2573,1370,2024-11-28,completed,,credit_card
2574,1383,2024-11-28,completed,10,credit_card
2575,1394,2024-11-28,completed,,credit_card
2576,1400,2024-11-28,completed,,bank_transfer
2577,28,2024-11-29,completed,,promptpay
2578,121,2024-11-29,completed,,promptpay
2579,347,2024-11-29,completed,,cod
2580,461,2024-11-29,completed,,credit_card
2581,584,2024-11-29,cancelled,,credit_card
2582,858,2024-11-29,completed,,credit_card
2583,894,2024-11-29,returned,,promptpay
2584,940,2024-11-29,completed,10,credit_card
2585,997,2024-11-29,completed,20,bank_transfer
2586,997,2024-11-29,completed,,cod
2587,1191,2024-11-29,completed,10,promptpay
2588,1198,2024-11-29,completed,,credit_card
2589,1199,2024-11-29,completed,,promptpay
2590,1262,2024-11-29,completed,,promptpay
2591,1275,2024-11-29,completed,,cod
2592,1299,2024-11-29,completed,10,promptpay
2593,1300,2024-11-29,completed,10,promptpay
2594,1311,2024-11-29,completed,,cod
2595,1325,2024-11-29,completed,5,bank_transfer
2596,1325,2024-11-29,cancelled,,credit_card
2597,1327,2024-11-29,completed,,promptpay
2598,1334,2024-11-29,completed,,credit_card
2599,1344,2024-11-29,completed,5,promptpay
2600,1344,2024-11-29,completed,5,promptpay
2601,1346,2024-11-29,completed,15,credit_card
2602,1379,2024-11-29,completed,20,promptpay
2603,1380,2024-11-29,completed,,bank_transfer
2604,1381,2024-11-29,completed,5,promptpay
2605,1383,2024-11-29,completed,10,bank_transfer
2606,1385,2024-11-29,completed,,promptpay
2607,1388,2024-11-29,completed,5,cod
2608,1397,2024-11-29,completed,,promptpay
2609,1404,2024-11-29,completed,5,promptpay
2610,1421,2024-11-29,completed,,credit_card
2611,551,2024-11-30,completed,,bank_transfer
2612,551,2024-11-30,completed,,cod
2613,729,2024-11-30,completed,,credit_card
2614,896,2024-11-30,completed,,promptpay
2615,947,2024-11-30,completed,,promptpay
2616,966,2024-11-30,completed,10,credit_card
2617,1017,2024-11-30,completed,5,promptpay
2618,1017,2024-11-30,completed,,credit_card
2619,1120,2024-11-30,completed,10,promptpay
2620,1198,2024-11-30,completed,,promptpay
2621,1225,2024-11-30,completed,10,promptpay
2622,1234,2024-11-30,completed,,cod
2623,1234,2024-11-30,completed,,promptpay
2624,1243,2024-11-30,completed,,promptpay
2625,1275,2024-11-30,completed,,cod
2626,1280,2024-11-30,completed,10,promptpay
2627,1315,2024-11-30,completed,,credit_card
2628,1333,2024-11-30,cancelled,15,cod
2629,1354,2024-11-30,completed,,credit_card
2630,1360,2024-11-30,completed,,promptpay
2631,1371,2024-11-30,completed,,promptpay
2632,1374,2024-11-30,completed,,cod
2633,1376,2024-11-30,completed,,credit_card
2634,1378,2024-11-30,completed,10,credit_card
2635,1380,2024-11-30,completed,10,bank_transfer
2636,1384,2024-11-30,completed,5,cod
2637,1384,2024-11-30,completed,,promptpay
2638,1395,2024-11-30,completed,10,credit_card
2639,1395,2024-11-30,completed,,promptpay
2640,1403,2024-11-30,completed,,promptpay
2641,1407,2024-11-30,completed,20,credit_card
2642,1427,2024-11-30,completed,,promptpay
2643,1427,2024-11-30,cancelled,,promptpay
2644,758,2024-12-01,completed,5,credit_card
2645,771,2024-12-01,completed,,cod
2646,1191,2024-12-01,completed,,promptpay
2647,1231,2024-12-01,completed,,bank_transfer
2648,1232,2024-12-01,completed,,credit_card
2649,1390,2024-12-01,completed,,bank_transfer
2650,1391,2024-12-01,completed,,credit_card
2651,1393,2024-12-01,completed,,cod
2652,1401,2024-12-01,completed,,cod
2653,1409,2024-12-01,completed,,credit_card
2654,1411,2024-12-01,completed,,credit_card
2655,1413,2024-12-01,completed,10,promptpay
2656,1422,2024-12-01,completed,,credit_card
2657,1423,2024-12-01,completed,,cod
2658,1431,2024-12-01,completed,10,promptpay
2659,3,2024-12-02,completed,5,credit_card
2660,578,2024-12-02,completed,5,bank_transfer
2661,1071,2024-12-02,completed,,promptpay
2662,1264,2024-12-02,completed,,bank_transfer
2663,1359,2024-12-02,completed,,credit_card
2664,1389,2024-12-02,completed,10,credit_card
2665,1396,2024-12-02,completed,,promptpay
2666,627,2024-12-03,completed,,promptpay
2667,1398,2024-12-03,completed,,promptpay
2668,1415,2024-12-03,completed,,promptpay
2669,1417,2024-12-03,completed,15,credit_card
2670,1429,2024-12-03,completed,,cod
2671,1435,2024-12-03,completed,,credit_card
2672,1442,2024-12-03,completed,,cod
2673,1442,2024-12-03,returned,,credit_card
2674,88,2024-12-04,completed,,cod
2675,291,2024-12-04,completed,,bank_transfer
2676,933,2024-12-04,completed,,credit_card
2677,1070,2024-12-04,completed,10,bank_transfer
2678,1158,2024-12-04,completed,,cod
2679,538,2024-12-05,completed,,cod
2680,880,2024-12-05,completed,,cod
2681,1029,2024-12-05,completed,,bank_transfer
2682,1321,2024-12-05,completed,,credit_card
2683,1357,2024-12-05,completed,,bank_transfer
2684,1405,2024-12-05,completed,5,promptpay
2685,1410,2024-12-05,completed,,promptpay
2686,1419,2024-12-05,completed,,credit_card
2687,1436,2024-12-05,cancelled,20,promptpay
2688,1439,2024-12-05,completed,,bank_transfer
2689,319,2024-12-06,completed,,cod
2690,1004,2024-12-06,completed,,cod
2691,1277,2024-12-06,completed,5,promptpay
2692,1388,2024-12-06,completed,,promptpay
2693,1414,2024-12-06,completed,20,credit_card
2694,1421,2024-12-06,completed,,credit_card
2695,1425,2024-12-06,completed,,cod
2696,1437,2024-12-06,completed,,credit_card
2697,1454,2024-12-06,returned,,promptpay
2698,483,2024-12-07,completed,20,credit_card
2699,605,2024-12-07,completed,,bank_transfer
2700,653,2024-12-07,completed,,credit_card
2701,694,2024-12-07,completed,15,promptpay
2702,1191,2024-12-07,completed,,credit_card
2703,1312,2024-12-07,completed,,credit_card
2704,1326,2024-12-07,completed,,bank_transfer
2705,1375,2024-12-07,completed,5,cod
2706,1388,2024-12-07,completed,5,cod
2707,1393,2024-12-07,completed,,cod
2708,1422,2024-12-07,completed,5,promptpay
2709,1454,2024-12-07,completed,5,promptpay
2710,1461,2024-12-07,cancelled,,promptpay
2711,565,2024-12-08,completed,,promptpay
2712,771,2024-12-08,completed,,promptpay
2713,795,2024-12-08,completed,,promptpay
2714,1083,2024-12-08,completed,5,cod
2715,1287,2024-12-08,completed,,promptpay
2716,1370,2024-12-08,completed,,credit_card
2717,1416,2024-12-08,completed,,promptpay
2718,1424,2024-12-08,cancelled,,cod
2719,1428,2024-12-08,returned,,cod
2720,1443,2024-12-08,completed,,bank_transfer
2721,252,2024-12-09,completed,20,credit_card
2722,487,2024-12-09,completed,,credit_card
2723,634,2024-12-09,completed,,bank_transfer
2724,933,2024-12-09,completed,,credit_card
2725,1017,2024-12-09,completed,,promptpay
2726,1062,2024-12-09,completed,,promptpay
2727,1266,2024-12-09,completed,15,promptpay
2728,1370,2024-12-09,completed,,promptpay
2729,1419,2024-12-09,returned,10,cod
2730,1421,2024-12-09,completed,,credit_card
2731,1424,2024-12-09,completed,,credit_card
2732,1426,2024-12-09,completed,,credit_card
2733,1435,2024-12-09,completed,,promptpay
2734,1436,2024-12-09,completed,10,bank_transfer
2735,1464,2024-12-09,completed,,promptpay
2736,1470,2024-12-09,completed,,credit_card
2737,605,2024-12-10,completed,,credit_card
2738,758,2024-12-10,completed,,credit_card
2739,805,2024-12-10,completed,,credit_card
2740,960,2024-12-10,completed,,promptpay
2741,1039,2024-12-10,completed,,cod
2742,1039,2024-12-10,completed,15,bank_transfer
2743,1061,2024-12-10,completed,,credit_card
2744,1083,2024-12-10,returned,15,promptpay
2745,1083,2024-12-10,completed,,credit_card
2746,1146,2024-12-10,completed,20,promptpay
2747,1231,2024-12-10,completed,,credit_card
2748,1312,2024-12-10,completed,,promptpay
2749,1344,2024-12-10,completed,,cod
2750,1444,2024-12-10,completed,10,cod
2751,1446,2024-12-10,completed,,promptpay
2752,1448,2024-12-10,completed,,credit_card
2753,1452,2024-12-10,completed,,bank_transfer
2754,1455,2024-12-10,cancelled,5,promptpay
2755,860,2024-12-11,completed,5,cod
2756,880,2024-12-11,completed,,credit_card
2757,1146,2024-12-11,completed,,cod
2758,1158,2024-12-11,completed,,credit_card
2759,1276,2024-12-11,completed,,promptpay
2760,1365,2024-12-11,completed,,credit_card
2761,1376,2024-12-11,completed,,credit_card
2762,1471,2024-12-11,completed,,cod
2763,3,2024-12-12,completed,,promptpay
2764,487,2024-12-12,returned,,credit_card
2765,578,2024-12-12,completed,,cod
2766,788,2024-12-12,completed,,bank_transfer
2767,1017,2024-12-12,cancelled,,promptpay
2768,1033,2024-12-12,completed,,credit_card
2769,1232,2024-12-12,completed,,cod
2770,1326,2024-12-12,completed,,credit_card
2771,1371,2024-12-12,completed,,promptpay
2772,1386,2024-12-12,completed,5,credit_card
2773,1396,2024-12-12,completed,,promptpay
2774,1434,2024-12-12,completed,,credit_card
2775,1437,2024-12-12,completed,,cod
2776,1469,2024-12-12,completed,5,bank_transfer
2777,1478,2024-12-12,completed,,promptpay
2778,578,2024-12-13,completed,,promptpay
2779,617,2024-12-13,completed,,credit_card
2780,652,2024-12-13,completed,5,promptpay
2781,678,2024-12-13,completed,,promptpay
2782,747,2024-12-13,completed,10,cod
2783,1180,2024-12-13,cancelled,,credit_card
2784,1357,2024-12-13,completed,,promptpay
2785,1429,2024-12-13,completed,,promptpay
2786,1451,2024-12-13,returned,,promptpay
2787,291,2024-12-14,completed,,credit_card
2788,483,2024-12-14,completed,,promptpay
2789,538,2024-12-14,completed,5,promptpay
2790,653,2024-12-14,completed,,credit_card
2791,727,2024-12-14,completed,,credit_card
2792,811,2024-12-14,completed,,credit_card
2793,1041,2024-12-14,cancelled,5,promptpay
2794,1068,2024-12-14,completed,,credit_card
2795,1070,2024-12-14,completed,10,promptpay
2796,1128,2024-12-14,completed,,promptpay
2797,1365,2024-12-14,completed,5,promptpay
2798,1371,2024-12-14,completed,,credit_card
2799,1433,2024-12-14,completed,,promptpay
2800,1434,2024-12-14,completed,,promptpay
2801,1441,2024-12-14,completed,,promptpay
2802,1476,2024-12-14,completed,,promptpay
2803,1480,2024-12-14,completed,,credit_card
2804,694,2024-12-15,completed,,bank_transfer
2805,945,2024-12-15,completed,,credit_card
2806,1180,2024-12-15,completed,5,promptpay
2807,1372,2024-12-15,completed,10,credit_card
2808,1405,2024-12-15,completed,15,cod
2809,1421,2024-12-15,completed,,credit_card
2810,1440,2024-12-15,completed,,credit_card
2811,1447,2024-12-15,completed,15,credit_card
2812,1460,2024-12-15,completed,,promptpay
2813,1486,2024-12-15,cancelled,15,bank_transfer
2814,793,2024-12-16,completed,10,bank_transfer
2815,811,2024-12-16,completed,,credit_card
2816,917,2024-12-16,completed,,promptpay
2817,985,2024-12-16,completed,,promptpay
2818,1055,2024-12-16,completed,,credit_card
2819,1083,2024-12-16,completed,,credit_card
2820,1092,2024-12-16,completed,,credit_card
2821,1287,2024-12-16,completed,,cod
2822,1428,2024-12-16,completed,5,credit_card
2823,1452,2024-12-16,completed,5,promptpay
2824,1471,2024-12-16,completed,,promptpay
2825,1478,2024-12-16,completed,,credit_card
2826,1490,2024-12-16,completed,,bank_transfer
2827,1491,2024-12-16,completed,,promptpay
2828,578,2024-12-17,completed,5,promptpay
2829,788,2024-12-17,completed,,promptpay
2830,793,2024-12-17,completed,,cod
2831,1017,2024-12-17,completed,10,cod
2832,1232,2024-12-17,completed,,cod
2833,1246,2024-12-17,completed,,promptpay
2834,1319,2024-12-17,completed,5,promptpay
2835,1371,2024-12-17,completed,,promptpay
2836,1411,2024-12-17,completed,,credit_card
2837,1421,2024-12-17,completed,,promptpay
2838,1472,2024-12-17,completed,,promptpay
2839,1500,2024-12-17,completed,15,credit_card
2840,565,2024-12-18,cancelled,15,credit_card
2841,929,2024-12-18,completed,5,bank_transfer
2842,1014,2024-12-18,completed,,bank_transfer
2843,1014,2024-12-18,completed,,promptpay
2844,1021,2024-12-18,completed,,promptpay
2845,1029,2024-12-18,completed,15,promptpay
2846,1059,2024-12-18,completed,,bank_transfer
2847,1181,2024-12-18,completed,,cod
2848,1271,2024-12-18,completed,,promptpay
2849,1277,2024-12-18,completed,,promptpay
2850,1287,2024-12-18,completed,,credit_card
2851,1359,2024-12-18,cancelled,,promptpay
2852,1388,2024-12-18,completed,10,cod
2853,1429,2024-12-18,completed,,promptpay
2854,1446,2024-12-18,completed,,cod
2855,1456,2024-12-18,completed,10,credit_card
2856,1456,2024-12-18,completed,,bank_transfer
2857,1458,2024-12-18,cancelled,,credit_card
2858,1463,2024-12-18,completed,,promptpay
2859,1463,2024-12-18,completed,,promptpay
2860,1467,2024-12-18,completed,,credit_card
2861,1467,2024-12-18,completed,10,promptpay
2862,1468,2024-12-18,completed,5,credit_card
2863,1474,2024-12-18,returned,,credit_card
2864,1477,2024-12-18,completed,20,credit_card
2865,1494,2024-12-18,returned,,promptpay
2866,1509,2024-12-18,completed,,promptpay
2867,268,2024-12-19,completed,,cod
2868,578,2024-12-19,completed,,credit_card
2869,727,2024-12-19,completed,,credit_card
2870,945,2024-12-19,returned,,credit_card
2871,1200,2024-12-19,completed,,promptpay
2872,1230,2024-12-19,completed,,promptpay
2873,1410,2024-12-19,completed,5,cod
2874,1451,2024-12-19,completed,,bank_transfer
2875,1491,2024-12-19,cancelled,,bank_transfer
2876,1500,2024-12-19,completed,15,cod
2877,1502,2024-12-19,completed,,credit_card
2878,1503,2024-12-19,completed,5,promptpay
2879,565,2024-12-20,completed,5,cod
2880,860,2024-12-20,completed,,promptpay
2881,929,2024-12-20,completed,5,credit_card
2882,1184,2024-12-20,completed,,promptpay
2883,1197,2024-12-20,completed,10,credit_card
2884,1309,2024-12-20,completed,15,promptpay
2885,1313,2024-12-20,completed,,bank_transfer
2886,1427,2024-12-20,completed,15,credit_card
2887,1429,2024-12-20,completed,5,cod
2888,1464,2024-12-20,completed,,credit_card
2889,1486,2024-12-20,completed,5,promptpay
2890,1490,2024-12-20,completed,,credit_card
2891,1492,2024-12-20,completed,,credit_card
2892,1501,2024-12-20,completed,,credit_card
2893,1509,2024-12-20,completed,,promptpay
2894,537,2024-12-21,completed,,credit_card
2895,617,2024-12-21,completed,,promptpay
2896,933,2024-12-21,completed,10,credit_card
2897,978,2024-12-21,completed,5,cod
2898,1059,2024-12-21,completed,,promptpay
2899,1092,2024-12-21,completed,5,credit_card
2900,1248,2024-12-21,cancelled,,promptpay
2901,1313,2024-12-21,completed,15,promptpay
2902,1344,2024-12-21,completed,,credit_card
2903,1372,2024-12-21,completed,15,promptpay
2904,1422,2024-12-21,completed,15,credit_card
2905,1447,2024-12-21,completed,,credit_card
2906,1459,2024-12-21,completed,20,promptpay
2907,1462,2024-12-21,completed,10,credit_card
2908,1473,2024-12-21,completed,5,cod
2909,1476,2024-12-21,completed,,promptpay
2910,1477,2024-12-21,returned,10,credit_card
2911,1483,2024-12-21,completed,,credit_card
2912,1484,2024-12-21,completed,,promptpay
2913,1503,2024-12-21,completed,,credit_card
2914,1524,2024-12-21,completed,10,credit_card
2915,88,2024-12-22,completed,,credit_card
2916,727,2024-12-22,completed,,promptpay
2917,884,2024-12-22,completed,,credit_card
2918,917,2024-12-22,completed,5,promptpay
2919,1017,2024-12-22,cancelled,,cod
2920,1017,2024-12-22,completed,10,credit_card
2921,1121,2024-12-22,completed,15,credit_card
2922,1121,2024-12-22,completed,20,promptpay
2923,1146,2024-12-22,completed,,credit_card
2924,1181,2024-12-22,completed,,credit_card
2925,1207,2024-12-22,completed,15,credit_card
2926,1414,2024-12-22,completed,15,cod
2927,1489,2024-12-22,completed,15,cod
2928,1493,2024-12-22,completed,,credit_card
2929,1499,2024-12-22,completed,,promptpay
2930,1504,2024-12-22,completed,5,credit_card
2931,1506,2024-12-22,completed,10,credit_card
2932,1525,2024-12-22,completed,,promptpay
2933,184,2024-12-23,completed,5,promptpay
2934,565,2024-12-23,completed,,promptpay
2935,578,2024-12-23,completed,15,credit_card
2936,627,2024-12-23,completed,,cod
2937,686,2024-12-23,completed,,credit_card
2938,933,2024-12-23,completed,,credit_card
2939,1017,2024-12-23,completed,15,credit_card
2940,1157,2024-12-23,returned,5,cod
2941,1173,2024-12-23,returned,,credit_card
2942,1184,2024-12-23,completed,,credit_card
2943,1387,2024-12-23,completed,,cod
2944,1489,2024-12-23,completed,,promptpay
2945,1499,2024-12-23,completed,,cod
2946,1504,2024-12-23,completed,5,credit_card
2947,1510,2024-12-23,completed,,credit_card
2948,1511,2024-12-23,completed,,promptpay
2949,1516,2024-12-23,completed,,promptpay
2950,1516,2024-12-23,returned,5,credit_card
2951,1520,2024-12-23,completed,5,promptpay
2952,1521,2024-12-23,completed,15,promptpay
2953,727,2024-12-24,completed,,credit_card
2954,822,2024-12-24,completed,,bank_transfer
2955,960,2024-12-24,completed,,cod
2956,985,2024-12-24,completed,10,credit_card
2957,1041,2024-12-24,completed,,promptpay
2958,1065,2024-12-24,completed,10,credit_card
2959,1068,2024-12-24,completed,15,credit_card
2960,1184,2024-12-24,cancelled,,promptpay
2961,1230,2024-12-24,completed,,cod
2962,1309,2024-12-24,completed,,promptpay
2963,1375,2024-12-24,completed,,promptpay
2964,1475,2024-12-24,completed,10,credit_card
2965,1475,2024-12-24,completed,20,credit_card
2966,1483,2024-12-24,completed,,cod
2967,1495,2024-12-24,completed,,promptpay
2968,1497,2024-12-24,completed,15,promptpay
2969,1497,2024-12-24,completed,10,credit_card
2970,1507,2024-12-24,completed,5,promptpay
2971,1507,2024-12-24,cancelled,5,promptpay
2972,1510,2024-12-24,completed,,promptpay
2973,1516,2024-12-24,completed,,credit_card
2974,1521,2024-12-24,completed,10,promptpay
2975,347,2024-12-25,completed,10,bank_transfer
2976,675,2024-12-25,cancelled,,cod
2977,675,2024-12-25,completed,5,credit_card
2978,960,2024-12-25,completed,15,credit_card
2979,978,2024-12-25,completed,5,promptpay
2980,1061,2024-12-25,completed,,promptpay
2981,1137,2024-12-25,completed,10,credit_card
2982,1137,2024-12-25,completed,5,promptpay
2983,1157,2024-12-25,returned,,cod
2984,1173,2024-12-25,completed,,credit_card
2985,1321,2024-12-25,completed,5,cod
2986,1368,2024-12-25,completed,,credit_card
2987,1376,2024-12-25,completed,10,promptpay
2988,1416,2024-12-25,completed,10,promptpay
2989,1422,2024-12-25,completed,,cod
2990,1425,2024-12-25,completed,15,promptpay
2991,1470,2024-12-25,completed,5,bank_transfer
2992,1473,2024-12-25,completed,,credit_card
2993,1487,2024-12-25,completed,5,promptpay
2994,1501,2024-12-25,completed,15,credit_card
2995,1523,2024-12-25,completed,5,promptpay
2996,1527,2024-12-25,cancelled,,credit_card
2997,1527,2024-12-25,completed,,credit_card
2998,1528,2024-12-25,completed,,promptpay
2999,578,2024-12-26,completed,15,promptpay
3000,599,2024-12-26,completed,15,credit_card
3001,884,2024-12-26,completed,,cod
3002,933,2024-12-26,completed,5,promptpay
3003,1173,2024-12-26,completed,,cod
3004,1294,2024-12-26,completed,,promptpay
3005,1311,2024-12-26,completed,,credit_card
3006,1387,2024-12-26,completed,,promptpay
3007,1417,2024-12-26,completed,,promptpay
3008,1459,2024-12-26,completed,10,credit_card
3009,1468,2024-12-26,completed,5,cod
3010,1480,2024-12-26,completed,10,credit_card
3011,1482,2024-12-26,cancelled,,credit_card
3012,1484,2024-12-26,completed,5,credit_card
3013,1517,2024-12-26,completed,20,credit_card
3014,1517,2024-12-26,completed,,credit_card
3015,1520,2024-12-26,completed,5,credit_card
3016,1531,2024-12-26,completed,,credit_card
3017,3,2024-12-27,completed,,promptpay
3018,344,2024-12-27,completed,,cod
3019,578,2024-12-27,completed,10,credit_card
3020,634,2024-12-27,completed,20,promptpay
3021,675,2024-12-27,returned,,cod
3022,678,2024-12-27,cancelled,20,credit_card
3023,1065,2024-12-27,completed,10,credit_card
3024,1065,2024-12-27,completed,5,promptpay
3025,1173,2024-12-27,completed,10,bank_transfer
3026,1177,2024-12-27,completed,,credit_card
3027,1240,2024-12-27,cancelled,,promptpay
3028,1311,2024-12-27,completed,,credit_card
3029,1344,2024-12-27,completed,5,promptpay
3030,1356,2024-12-27,completed,,credit_card
3031,1366,2024-12-27,completed,10,promptpay
3032,1388,2024-12-27,completed,,promptpay
3033,1441,2024-12-27,completed,,cod
3034,1443,2024-12-27,completed,,promptpay
3035,1461,2024-12-27,completed,,bank_transfer
3036,1506,2024-12-27,completed,,promptpay
3037,1514,2024-12-27,completed,5,cod
3038,1515,2024-12-27,completed,,credit_card
3039,1519,2024-12-27,completed,10,credit_card
3040,1546,2024-12-27,completed,,promptpay
3041,1549,2024-12-27,returned,,bank_transfer
3042,537,2024-12-28,completed,15,credit_card
3043,1177,2024-12-28,cancelled,,credit_card
3044,1184,2024-12-28,completed,,promptpay
3045,1197,2024-12-28,completed,15,credit_card
3046,1206,2024-12-28,returned,,credit_card
3047,1338,2024-12-28,completed,,promptpay
3048,1356,2024-12-28,completed,5,promptpay
3049,1390,2024-12-28,cancelled,,credit_card
3050,1391,2024-12-28,completed,,credit_card
3051,1415,2024-12-28,completed,,credit_card
3052,1427,2024-12-28,completed,,promptpay
3053,1478,2024-12-28,completed,,credit_card
3054,1498,2024-12-28,cancelled,,credit_card
3055,1499,2024-12-28,completed,20,credit_card
3056,1499,2024-12-28,cancelled,,credit_card
3057,1502,2024-12-28,completed,,bank_transfer
3058,1515,2024-12-28,completed,,credit_card
3059,1550,2024-12-28,completed,,credit_card
3060,1550,2024-12-28,completed,,credit_card
3061,486,2024-12-29,completed,,credit_card
3062,801,2024-12-29,completed,10,promptpay
3063,847,2024-12-29,returned,20,promptpay
3064,960,2024-12-29,completed,,credit_card
3065,1062,2024-12-29,completed,,promptpay
3066,1070,2024-12-29,completed,,credit_card
3067,1188,2024-12-29,completed,,cod
3068,1206,2024-12-29,completed,,promptpay
3069,1240,2024-12-29,completed,10,credit_card
3070,1266,2024-12-29,completed,,cod
3071,1337,2024-12-29,completed,,bank_transfer
3072,1338,2024-12-29,completed,10,bank_transfer
3073,1409,2024-12-29,completed,,promptpay
3074,1439,2024-12-29,completed,,promptpay
3075,1448,2024-12-29,completed,,promptpay
3076,1470,2024-12-29,completed,,credit_card
3077,1494,2024-12-29,completed,10,promptpay
3078,1508,2024-12-29,completed,,credit_card
3079,1522,2024-12-29,completed,10,cod
3080,1531,2024-12-29,returned,,credit_card
3081,1538,2024-12-29,completed,,credit_card
3082,1542,2024-12-29,completed,20,bank_transfer
3083,245,2024-12-30,completed,,credit_card
3084,245,2024-12-30,completed,,promptpay
3085,971,2024-12-30,completed,,promptpay
3086,971,2024-12-30,completed,,credit_card
3087,1065,2024-12-30,completed,5,credit_card
3088,1071,2024-12-30,completed,,credit_card
3089,1128,2024-12-30,completed,,promptpay
3090,1188,2024-12-30,cancelled,,credit_card
3091,1276,2024-12-30,completed,20,promptpay
3092,1287,2024-12-30,completed,,credit_card
3093,1337,2024-12-30,completed,5,promptpay
3094,1356,2024-12-30,completed,,promptpay
3095,1366,2024-12-30,completed,,credit_card
3096,1462,2024-12-30,completed,,promptpay
3097,1469,2024-12-30,completed,,credit_card
3098,1493,2024-12-30,completed,,credit_card
3099,1513,2024-12-30,completed,,promptpay
3100,1513,2024-12-30,completed,5,credit_card
3101,1519,2024-12-30,completed,,credit_card
3102,1523,2024-12-30,completed,5,cod
3103,1528,2024-12-30,completed,15,credit_card
3104,1538,2024-12-30,completed,,promptpay
3105,1542,2024-12-30,completed,,promptpay
3106,1561,2024-12-30,completed,,credit_card
3107,268,2024-12-31,completed,15,bank_transfer
3108,319,2024-12-31,returned,,credit_card
3109,486,2024-12-31,completed,,promptpay
3110,599,2024-12-31,completed,,promptpay
3111,605,2024-12-31,completed,,credit_card
3112,605,2024-12-31,cancelled,,promptpay
3113,675,2024-12-31,completed,,credit_card
3114,847,2024-12-31,completed,,credit_card
3115,1070,2024-12-31,completed,,promptpay
3116,1200,2024-12-31,completed,5,promptpay
3117,1207,2024-12-31,completed,5,promptpay
3118,1264,2024-12-31,completed,,bank_transfer
3119,1300,2024-12-31,completed,,cod
3120,1300,2024-12-31,completed,10,bank_transfer
3121,1366,2024-12-31,completed,,credit_card
3122,1368,2024-12-31,completed,5,credit_card
3123,1409,2024-12-31,completed,,bank_transfer
3124,1431,2024-12-31,cancelled,,credit_card
3125,1495,2024-12-31,completed,,promptpay
3126,1519,2024-12-31,completed,,cod
3127,1522,2024-12-31,cancelled,,bank_transfer
3128,1524,2024-12-31,completed,,promptpay
3129,1540,2024-12-31,returned,5,cod
3130,1540,2024-12-31,completed,,cod
3131,1541,2024-12-31,completed,,promptpay
3132,1541,2024-12-31,completed,,promptpay
3133,1543,2024-12-31,completed,,promptpay
3134,1549,2024-12-31,completed,,credit_card
3135,1561,2024-12-31,completed,,bank_transfer
3136,1565,2024-12-31,cancelled,,credit_card
3137,687,2025-01-01,completed,,bank_transfer
3138,1059,2025-01-01,completed,,credit_card
3139,1225,2025-01-01,completed,,promptpay
3140,1403,2025-01-01,completed,5,cod
3141,1411,2025-01-01,completed,,cod
3142,1512,2025-01-01,completed,,credit_card
3143,1536,2025-01-01,completed,15,credit_card
3144,1537,2025-01-01,completed,,credit_card
3145,1567,2025-01-01,cancelled,10,promptpay
3146,1570,2025-01-01,completed,,promptpay
3147,1070,2025-01-02,cancelled,,promptpay
3148,1510,2025-01-02,completed,,promptpay
3149,1532,2025-01-02,completed,,credit_card
3150,1540,2025-01-02,completed,,promptpay
3151,1563,2025-01-02,completed,15,bank_transfer
3152,1566,2025-01-02,completed,10,promptpay
3153,805,2025-01-03,completed,,promptpay
3154,806,2025-01-03,completed,,promptpay
3155,1133,2025-01-03,completed,,promptpay
3156,1181,2025-01-03,completed,,credit_card
3157,1428,2025-01-03,cancelled,,promptpay
3158,1463,2025-01-03,completed,,credit_card
3159,1477,2025-01-03,completed,,credit_card
3160,1487,2025-01-03,cancelled,,promptpay
3161,1555,2025-01-03,completed,,cod
3162,159,2025-01-04,completed,,cod
3163,793,2025-01-04,completed,5,promptpay
3164,1395,2025-01-04,cancelled,,credit_card
3165,1455,2025-01-04,completed,,promptpay
3166,1463,2025-01-04,completed,,promptpay
3167,1529,2025-01-04,cancelled,,promptpay
3168,1535,2025-01-04,completed,15,credit_card
3169,1554,2025-01-04,completed,,cod
3170,1562,2025-01-04,completed,,credit_card
3171,1564,2025-01-04,completed,5,credit_card
3172,1161,2025-01-05,completed,,promptpay
3173,1530,2025-01-05,returned,,promptpay
3174,1550,2025-01-05,completed,,credit_card
3175,1556,2025-01-05,completed,,promptpay
3176,1560,2025-01-05,completed,15,promptpay
3177,929,2025-01-06,completed,,credit_card
3178,1122,2025-01-06,completed,,promptpay
3179,1277,2025-01-06,completed,,cod
3180,1290,2025-01-06,completed,,credit_card
3181,1312,2025-01-06,completed,,credit_card
3182,1439,2025-01-06,completed,,promptpay
3183,1474,2025-01-06,completed,,promptpay
3184,1490,2025-01-06,completed,5,bank_transfer
3185,1534,2025-01-06,completed,,cod
3186,1539,2025-01-06,cancelled,,promptpay
3187,1547,2025-01-06,completed,,credit_card
3188,1548,2025-01-06,returned,,promptpay
3189,1551,2025-01-06,completed,,cod
3190,1557,2025-01-06,completed,5,credit_card
3191,1577,2025-01-06,completed,,credit_card
3192,1578,2025-01-06,completed,,promptpay
3193,1584,2025-01-06,completed,,credit_card
3194,1585,2025-01-06,cancelled,,credit_card
3195,687,2025-01-07,completed,5,promptpay
3196,905,2025-01-07,completed,5,promptpay
3197,978,2025-01-07,completed,,promptpay
3198,1258,2025-01-07,completed,20,cod
3199,1304,2025-01-07,completed,,promptpay
3200,1410,2025-01-07,completed,10,cod
3201,1426,2025-01-07,completed,,credit_card
3202,1533,2025-01-07,completed,15,promptpay
3203,1573,2025-01-07,completed,,cod
3204,1581,2025-01-07,completed,,cod
3205,807,2025-01-08,completed,5,bank_transfer
3206,1158,2025-01-08,completed,,credit_card
3207,1215,2025-01-08,completed,20,credit_card
3208,1405,2025-01-08,completed,5,promptpay
3209,1421,2025-01-08,completed,,credit_card
3210,1448,2025-01-08,completed,,credit_card
3211,1513,2025-01-08,completed,,promptpay
3212,1545,2025-01-08,completed,20,promptpay
3213,1552,2025-01-08,completed,15,cod
3214,1568,2025-01-08,completed,,promptpay
3215,1574,2025-01-08,completed,,promptpay
3216,722,2025-01-09,completed,,promptpay
3217,1130,2025-01-09,completed,,bank_transfer
3218,1324,2025-01-09,completed,,credit_card
3219,1544,2025-01-09,completed,10,promptpay
3220,1568,2025-01-09,completed,,bank_transfer
3221,1583,2025-01-09,returned,10,bank_transfer
3222,1600,2025-01-09,completed,,promptpay
3223,858,2025-01-10,completed,,credit_card
3224,1080,2025-01-10,returned,5,credit_card
3225,1225,2025-01-10,cancelled,,promptpay
3226,1230,2025-01-10,completed,,credit_card
3227,1582,2025-01-10,completed,,promptpay
3228,951,2025-01-11,completed,,bank_transfer
3229,1168,2025-01-11,completed,5,promptpay
3230,1186,2025-01-11,completed,5,promptpay
3231,1200,2025-01-11,completed,5,credit_card
3232,1387,2025-01-11,completed,15,bank_transfer
3233,1553,2025-01-11,completed,,credit_card
3234,1559,2025-01-11,completed,,credit_card
3235,1566,2025-01-11,completed,,credit_card
3236,1592,2025-01-11,completed,,cod
3237,1593,2025-01-11,completed,,credit_card
3238,1598,2025-01-11,completed,,bank_transfer
3239,1601,2025-01-11,completed,,credit_card
3240,1606,2025-01-11,completed,5,credit_card
3241,468,2025-01-12,completed,,promptpay
3242,1158,2025-01-12,returned,,promptpay
3243,1164,2025-01-12,completed,15,promptpay
3244,1177,2025-01-12,cancelled,,promptpay
3245,1252,2025-01-12,completed,,credit_card
3246,1363,2025-01-12,completed,,promptpay
3247,1446,2025-01-12,completed,20,credit_card
3248,1571,2025-01-12,completed,,promptpay
3249,1575,2025-01-12,completed,,promptpay
3250,1616,2025-01-12,completed,5,credit_card
3251,627,2025-01-13,completed,,bank_transfer
3252,805,2025-01-13,completed,10,cod
3253,999,2025-01-13,completed,,promptpay
3254,1061,2025-01-13,completed,10,promptpay
3255,1188,2025-01-13,completed,5,promptpay
3256,1255,2025-01-13,completed,10,credit_card
3257,1573,2025-01-13,completed,,bank_transfer
3258,1589,2025-01-13,completed,15,credit_card
3259,999,2025-01-14,completed,,cod
3260,1141,2025-01-14,cancelled,,promptpay
3261,1198,2025-01-14,completed,,cod
3262,1229,2025-01-14,completed,,cod
3263,1330,2025-01-14,completed,15,promptpay
3264,1433,2025-01-14,completed,,credit_card
3265,1494,2025-01-14,returned,,promptpay
3266,1569,2025-01-14,completed,15,cod
3267,1572,2025-01-14,completed,,credit_card
3268,1580,2025-01-14,completed,,promptpay
3269,1588,2025-01-14,cancelled,,cod
3270,1614,2025-01-14,completed,5,bank_transfer
3271,1617,2025-01-14,completed,5,bank_transfer
3272,335,2025-01-15,completed,5,promptpay
3273,686,2025-01-15,completed,,cod
3274,694,2025-01-15,completed,20,credit_card
3275,747,2025-01-15,completed,,promptpay
3276,999,2025-01-15,returned,,promptpay
3277,1024,2025-01-15,completed,5,credit_card
3278,1106,2025-01-15,completed,5,promptpay
3279,1300,2025-01-15,completed,,credit_card
3280,1304,2025-01-15,completed,,promptpay
3281,1441,2025-01-15,completed,10,cod
3282,1532,2025-01-15,completed,,cod
3283,1539,2025-01-15,returned,15,promptpay
3284,1596,2025-01-15,completed,,promptpay
3285,1599,2025-01-15,completed,,credit_card
3286,1605,2025-01-15,completed,15,credit_card
3287,1621,2025-01-15,completed,20,cod
3288,627,2025-01-16,completed,10,credit_card
3289,1346,2025-01-16,completed,,cod
3290,1368,2025-01-16,completed,,promptpay
3291,1477,2025-01-16,completed,,promptpay
3292,1501,2025-01-16,completed,,promptpay
3293,1506,2025-01-16,completed,,bank_transfer
3294,1586,2025-01-16,completed,,promptpay
3295,1603,2025-01-16,completed,,cod
3296,1638,2025-01-16,completed,,credit_card
3297,801,2025-01-17,completed,,bank_transfer
3298,1168,2025-01-17,completed,,promptpay
3299,1232,2025-01-17,completed,5,promptpay
3300,1395,2025-01-17,completed,,promptpay
3301,1579,2025-01-17,completed,,promptpay
3302,1587,2025-01-17,completed,,promptpay
3303,1605,2025-01-17,completed,,promptpay
3304,1632,2025-01-17,completed,,credit_card
3305,243,2025-01-18,completed,15,credit_card
3306,537,2025-01-18,completed,,cod
3307,811,2025-01-18,completed,10,credit_card
3308,1168,2025-01-18,returned,5,promptpay
3309,1597,2025-01-18,completed,,promptpay
3310,1612,2025-01-18,completed,,credit_card
3311,1613,2025-01-18,completed,15,cod
3312,1633,2025-01-18,completed,,bank_transfer
3313,896,2025-01-19,completed,10,promptpay
3314,1057,2025-01-19,completed,,bank_transfer
3315,1059,2025-01-19,completed,15,cod
3316,1093,2025-01-19,completed,,promptpay
3317,1159,2025-01-19,completed,5,bank_transfer
3318,1173,2025-01-19,completed,,bank_transfer
3319,1304,2025-01-19,completed,,credit_card
3320,1421,2025-01-19,completed,,cod
3321,1456,2025-01-19,completed,,promptpay
3322,1516,2025-01-19,completed,5,cod
3323,1594,2025-01-19,completed,,credit_card
3324,1604,2025-01-19,completed,5,bank_transfer
3325,1607,2025-01-19,completed,15,promptpay
3326,1610,2025-01-19,completed,,bank_transfer
3327,1618,2025-01-19,completed,10,credit_card
3328,1628,2025-01-19,completed,10,credit_card
3329,1642,2025-01-19,returned,,promptpay
3330,945,2025-01-20,completed,5,cod
3331,996,2025-01-20,cancelled,5,credit_card
3332,1161,2025-01-20,completed,,cod
3333,1380,2025-01-20,completed,,promptpay
3334,1403,2025-01-20,completed,,promptpay
3335,1578,2025-01-20,completed,5,credit_card
3336,1590,2025-01-20,completed,,credit_card
3337,1591,2025-01-20,completed,,bank_transfer
3338,1595,2025-01-20,completed,,promptpay
3339,1602,2025-01-20,completed,5,bank_transfer
3340,1639,2025-01-20,completed,,credit_card
3341,1640,2025-01-20,completed,,credit_card
3342,449,2025-01-21,completed,5,credit_card
3343,771,2025-01-21,cancelled,,promptpay
3344,1313,2025-01-21,completed,,credit_card
3345,1586,2025-01-21,completed,,promptpay
3346,1609,2025-01-21,completed,,bank_transfer
3347,1621,2025-01-21,completed,,credit_card
3348,1636,2025-01-21,completed,15,promptpay
3349,1637,2025-01-21,completed,,bank_transfer
3350,1213,2025-01-22,completed,,bank_transfer
3351,1346,2025-01-22,completed,,credit_card
3352,1375,2025-01-22,completed,20,bank_transfer
3353,1429,2025-01-22,completed,,promptpay
3354,1447,2025-01-22,completed,,promptpay
3355,1501,2025-01-22,cancelled,,credit_card
3356,1611,2025-01-22,completed,,promptpay
3357,1619,2025-01-22,completed,15,promptpay
3358,1620,2025-01-22,completed,,credit_card
3359,1625,2025-01-22,cancelled,5,credit_card
3360,1658,2025-01-22,completed,,cod
3361,377,2025-01-23,completed,,promptpay
3362,752,2025-01-23,completed,,credit_card
3363,1056,2025-01-23,completed,5,promptpay
3364,1093,2025-01-23,completed,10,promptpay
3365,1122,2025-01-23,returned,5,cod
3366,1146,2025-01-23,cancelled,,bank_transfer
3367,1173,2025-01-23,completed,,bank_transfer
3368,1188,2025-01-23,completed,,credit_card
3369,1260,2025-01-23,completed,10,credit_card
3370,1262,2025-01-23,completed,,credit_card
3371,1566,2025-01-23,completed,,promptpay
3372,1567,2025-01-23,completed,5,promptpay
3373,1617,2025-01-23,completed,,promptpay
3374,1618,2025-01-23,completed,,credit_card
3375,1624,2025-01-23,cancelled,,credit_card
3376,1640,2025-01-23,completed,,credit_card
3377,1667,2025-01-23,completed,,promptpay
3378,449,2025-01-24,completed,,promptpay
3379,872,2025-01-24,completed,5,promptpay
3380,1106,2025-01-24,completed,,promptpay
3381,1377,2025-01-24,completed,,promptpay
3382,1559,2025-01-24,completed,,bank_transfer
3383,1615,2025-01-24,completed,,promptpay
3384,1629,2025-01-24,completed,,credit_card
3385,1645,2025-01-24,completed,,promptpay
3386,1650,2025-01-24,completed,,credit_card
3387,771,2025-01-25,completed,,credit_card
3388,858,2025-01-25,completed,,credit_card
3389,992,2025-01-25,completed,,credit_card
3390,1260,2025-01-25,completed,,credit_card
3391,1268,2025-01-25,completed,5,credit_card
3392,1563,2025-01-25,completed,,promptpay
3393,1598,2025-01-25,completed,5,credit_card
3394,1634,2025-01-25,completed,,promptpay
3395,159,2025-01-26,completed,,credit_card
3396,805,2025-01-26,completed,20,credit_card
3397,1169,2025-01-26,completed,10,credit_card
3398,1630,2025-01-26,completed,,promptpay
3399,1631,2025-01-26,completed,5,cod
3400,1647,2025-01-26,completed,,promptpay
3401,1650,2025-01-26,completed,,credit_card
3402,1665,2025-01-26,returned,,credit_card
3403,1674,2025-01-26,cancelled,,cod
3404,1677,2025-01-26,completed,,promptpay
3405,1041,2025-01-27,completed,,bank_transfer
3406,1101,2025-01-27,completed,,promptpay
3407,1169,2025-01-27,returned,5,credit_card
3408,1200,2025-01-27,completed,,bank_transfer
3409,1325,2025-01-27,completed,10,cod
3410,1385,2025-01-27,completed,,promptpay
3411,1543,2025-01-27,completed,,promptpay
3412,1623,2025-01-27,cancelled,5,cod
3413,1655,2025-01-27,completed,10,promptpay
3414,1661,2025-01-27,completed,,bank_transfer
3415,1669,2025-01-27,completed,15,credit_card
3416,1595,2025-01-28,completed,20,promptpay
3417,1626,2025-01-28,completed,,bank_transfer
3418,1641,2025-01-28,completed,,promptpay
3419,1646,2025-01-28,completed,,promptpay
3420,1654,2025-01-28,completed,,promptpay
3421,1084,2025-01-29,cancelled,,credit_card
3422,1522,2025-01-29,completed,,credit_card
3423,1644,2025-01-29,completed,10,promptpay
3424,1652,2025-01-29,completed,,promptpay
3425,159,2025-01-30,completed,,credit_card
3426,872,2025-01-30,completed,20,promptpay
3427,940,2025-01-30,completed,,promptpay
3428,1156,2025-01-30,completed,,credit_card
3429,1248,2025-01-30,completed,,bank_transfer
3430,1606,2025-01-30,completed,,credit_card
3431,1625,2025-01-30,completed,,bank_transfer
3432,1683,2025-01-30,completed,10,credit_card
3433,253,2025-01-31,completed,,credit_card
3434,1455,2025-01-31,completed,5,credit_card
3435,1653,2025-01-31,completed,,credit_card
3436,1657,2025-01-31,cancelled,15,bank_transfer
3437,1666,2025-01-31,completed,,promptpay
3438,1667,2025-01-31,completed,10,promptpay
3439,1672,2025-01-31,completed,,cod
3440,1689,2025-01-31,completed,,promptpay
3441,637,2025-02-01,completed,,promptpay
3442,737,2025-02-01,completed,,promptpay
3443,1041,2025-02-01,completed,5,credit_card
3444,1233,2025-02-01,completed,,cod
3445,1300,2025-02-01,completed,,credit_card
3446,1447,2025-02-01,completed,,promptpay
3447,1649,2025-02-01,completed,,promptpay
3448,1657,2025-02-01,completed,,credit_card
3449,1671,2025-02-01,completed,,credit_card
3450,1676,2025-02-01,completed,5,promptpay
3451,1694,2025-02-01,completed,20,credit_card
3452,829,2025-02-02,completed,,promptpay
3453,856,2025-02-02,completed,,promptpay
3454,943,2025-02-02,returned,,credit_card
3455,1233,2025-02-02,completed,10,bank_transfer
3456,1271,2025-02-02,completed,,credit_card
3457,1557,2025-02-02,completed,,credit_card
3458,1566,2025-02-02,completed,,bank_transfer
3459,1569,2025-02-02,completed,,cod
3460,1599,2025-02-02,completed,,promptpay
3461,1602,2025-02-02,cancelled,,promptpay
3462,1663,2025-02-02,completed,,cod
3463,1675,2025-02-02,completed,,promptpay
3464,1692,2025-02-02,completed,,cod
3465,894,2025-02-03,returned,,cod
3466,1422,2025-02-03,completed,15,bank_transfer
3467,1437,2025-02-03,completed,10,promptpay
3468,1595,2025-02-03,completed,,promptpay
3469,1634,2025-02-03,completed,,cod
3470,1648,2025-02-03,completed,5,credit_card
3471,1656,2025-02-03,completed,,credit_card
3472,1659,2025-02-03,completed,,credit_card
3473,1678,2025-02-03,completed,10,promptpay
3474,243,2025-02-04,completed,,credit_card
3475,1031,2025-02-04,completed,20,promptpay
3476,1201,2025-02-04,completed,,promptpay
3477,1240,2025-02-04,completed,,promptpay
3478,1375,2025-02-04,completed,10,promptpay
3479,1417,2025-02-04,completed,,credit_card
3480,1639,2025-02-04,completed,10,promptpay
3481,1660,2025-02-04,completed,,promptpay
3482,1664,2025-02-04,returned,,promptpay
3483,1688,2025-02-04,completed,,credit_card
3484,538,2025-02-05,completed,,cod
3485,999,2025-02-05,completed,10,credit_card
3486,1084,2025-02-05,cancelled,,cod
3487,1179,2025-02-05,completed,,cod
3488,1335,2025-02-05,returned,10,credit_card
3489,1441,2025-02-05,completed,,credit_card
3490,1568,2025-02-05,completed,,promptpay
3491,1662,2025-02-05,completed,,cod
3492,1670,2025-02-05,completed,,promptpay
3493,1681,2025-02-05,completed,,credit_card
3494,1695,2025-02-05,completed,,credit_card
3495,1704,2025-02-05,completed,,credit_card
3496,351,2025-02-06,completed,5,credit_card
3497,1017,2025-02-06,completed,,promptpay
3498,1409,2025-02-06,completed,,promptpay
3499,1527,2025-02-06,completed,,promptpay
3500,1528,2025-02-06,completed,,credit_card
3501,1621,2025-02-06,completed,5,cod
3502,1686,2025-02-06,completed,10,promptpay
3503,1698,2025-02-06,completed,,promptpay
3504,1699,2025-02-06,completed,,credit_card
3505,1704,2025-02-06,completed,20,credit_card
3506,801,2025-02-07,completed,10,bank_transfer
3507,1024,2025-02-07,cancelled,,cod
3508,1300,2025-02-07,cancelled,,promptpay
3509,1342,2025-02-07,completed,10,promptpay
3510,1417,2025-02-07,completed,,credit_card
3511,1550,2025-02-07,completed,,credit_card
3512,1583,2025-02-07,completed,,promptpay
3513,1602,2025-02-07,completed,,promptpay
3514,1691,2025-02-07,completed,,credit_card
3515,1697,2025-02-07,completed,,promptpay
3516,1701,2025-02-07,completed,10,promptpay
3517,1702,2025-02-07,completed,5,credit_card
3518,1719,2025-02-07,completed,,credit_card
3519,1725,2025-02-07,completed,,credit_card
3520,159,2025-02-08,completed,15,credit_card
3521,438,2025-02-08,returned,,credit_card
3522,1084,2025-02-08,completed,,promptpay
3523,1375,2025-02-08,cancelled,,credit_card
3524,1550,2025-02-08,completed,,promptpay
3525,1599,2025-02-08,completed,5,credit_card
3526,1621,2025-02-08,completed,,promptpay
3527,1706,2025-02-08,completed,,promptpay
3528,1708,2025-02-08,completed,,promptpay
3529,1723,2025-02-08,completed,5,cod
3530,1726,2025-02-08,completed,,credit_card
3531,1059,2025-02-09,completed,,credit_card
3532,1101,2025-02-09,cancelled,,bank_transfer
3533,1184,2025-02-09,completed,,bank_transfer
3534,1188,2025-02-09,completed,,promptpay
3535,1507,2025-02-09,completed,,credit_card
3536,1679,2025-02-09,completed,,credit_card
3537,1707,2025-02-09,completed,,credit_card
3538,1729,2025-02-09,completed,,cod
3539,618,2025-02-10,completed,,credit_card
3540,805,2025-02-10,completed,,promptpay
3541,1313,2025-02-10,returned,,credit_card
3542,1533,2025-02-10,completed,,credit_card
3543,1680,2025-02-10,returned,10,credit_card
3544,1690,2025-02-10,completed,10,bank_transfer
3545,1696,2025-02-10,completed,,promptpay
3546,1715,2025-02-10,completed,,promptpay
3547,1720,2025-02-10,completed,,bank_transfer
3548,347,2025-02-11,completed,15,bank_transfer
3549,449,2025-02-11,completed,,credit_card
3550,1153,2025-02-11,cancelled,5,promptpay
3551,1246,2025-02-11,completed,,cod
3552,1589,2025-02-11,completed,20,credit_card
3553,1592,2025-02-11,completed,,credit_card
3554,1636,2025-02-11,completed,20,promptpay
3555,1682,2025-02-11,completed,,promptpay
3556,1704,2025-02-11,completed,,promptpay
3557,1713,2025-02-11,completed,,promptpay
3558,1733,2025-02-11,completed,,credit_card
3559,1736,2025-02-11,cancelled,,credit_card
3560,805,2025-02-12,completed,,promptpay
3561,966,2025-02-12,returned,10,credit_card
3562,1130,2025-02-12,completed,,promptpay
3563,1188,2025-02-12,completed,5,cod
3564,1266,2025-02-12,completed,15,promptpay
3565,1405,2025-02-12,completed,10,promptpay
3566,1617,2025-02-12,completed,,promptpay
3567,1633,2025-02-12,completed,,promptpay
3568,1647,2025-02-12,completed,,bank_transfer
3569,1685,2025-02-12,completed,5,credit_card
3570,1687,2025-02-12,completed,15,promptpay
3571,1705,2025-02-12,completed,,cod
3572,1716,2025-02-12,cancelled,,credit_card
3573,1730,2025-02-12,completed,,promptpay
3574,1746,2025-02-12,completed,,promptpay
3575,1130,2025-02-13,returned,,promptpay
3576,1605,2025-02-13,completed,,credit_card
3577,1628,2025-02-13,completed,,credit_card
3578,1664,2025-02-13,completed,,promptpay
3579,1676,2025-02-13,completed,20,cod
3580,783,2025-02-14,completed,,credit_card
3581,858,2025-02-14,completed,,bank_transfer
3582,951,2025-02-14,completed,,promptpay
3583,996,2025-02-14,completed,,credit_card
3584,1016,2025-02-14,completed,,cod
3585,1377,2025-02-14,completed,,credit_card
3586,1501,2025-02-14,completed,,credit_card
3587,1618,2025-02-14,completed,,promptpay
3588,1682,2025-02-14,completed,,credit_card
3589,1711,2025-02-14,completed,10,credit_card
3590,1728,2025-02-14,completed,,bank_transfer
3591,1744,2025-02-14,completed,5,promptpay
3592,243,2025-02-15,completed,15,credit_card
3593,1266,2025-02-15,completed,10,credit_card
3594,1384,2025-02-15,completed,5,credit_card
3595,1429,2025-02-15,completed,20,promptpay
3596,1549,2025-02-15,completed,20,credit_card
3597,1661,2025-02-15,completed,,credit_card
3598,1674,2025-02-15,completed,,promptpay
3599,1680,2025-02-15,completed,,cod
3600,1693,2025-02-15,completed,,bank_transfer
3601,1700,2025-02-15,completed,10,promptpay
3602,1703,2025-02-15,completed,,credit_card
3603,1710,2025-02-15,completed,,credit_card
3604,1722,2025-02-15,completed,,promptpay
3605,1752,2025-02-15,completed,,promptpay
3606,905,2025-02-16,completed,15,cod
3607,1010,2025-02-16,completed,,promptpay
3608,1215,2025-02-16,completed,,credit_card
3609,1538,2025-02-16,completed,,promptpay
3610,1602,2025-02-16,completed,,credit_card
3611,1692,2025-02-16,completed,10,credit_card
3612,1714,2025-02-16,cancelled,15,credit_card
3613,1752,2025-02-16,completed,,cod
3614,1755,2025-02-16,completed,,promptpay
3615,1756,2025-02-16,completed,15,promptpay
3616,1116,2025-02-17,completed,,credit_card
3617,1404,2025-02-17,returned,,bank_transfer
3618,1408,2025-02-17,completed,5,credit_card
3619,1683,2025-02-17,completed,10,credit_card
3620,1712,2025-02-17,completed,,bank_transfer
3621,1731,2025-02-17,completed,5,credit_card
3622,1734,2025-02-17,completed,5,credit_card
3623,1735,2025-02-17,completed,10,credit_card
3624,1737,2025-02-17,completed,,credit_card
3625,1739,2025-02-17,completed,5,promptpay
3626,1749,2025-02-17,completed,,credit_card
3627,880,2025-02-18,completed,,credit_card
3628,1232,2025-02-18,cancelled,5,promptpay
3629,1468,2025-02-18,completed,,promptpay
3630,1543,2025-02-18,completed,,credit_card
3631,1709,2025-02-18,completed,10,promptpay
3632,1763,2025-02-18,completed,,promptpay
3633,1024,2025-02-19,completed,,promptpay
3634,1233,2025-02-19,completed,5,promptpay
3635,1459,2025-02-19,completed,15,credit_card
3636,1642,2025-02-19,completed,,cod
3637,1717,2025-02-19,completed,10,cod
3638,1718,2025-02-19,completed,,credit_card
3639,1741,2025-02-19,completed,,promptpay
3640,940,2025-02-20,completed,,promptpay
3641,1248,2025-02-20,completed,,promptpay
3642,1429,2025-02-20,completed,,promptpay
3643,1455,2025-02-20,cancelled,,promptpay
3644,1711,2025-02-20,returned,,bank_transfer
3645,1727,2025-02-20,completed,,promptpay
3646,1728,2025-02-20,completed,15,credit_card
3647,570,2025-02-21,completed,20,promptpay
3648,795,2025-02-21,completed,,credit_card
3649,1056,2025-02-21,completed,,promptpay
3650,1448,2025-02-21,completed,,promptpay
3651,1455,2025-02-21,completed,,credit_card
3652,1724,2025-02-21,completed,,promptpay
3653,1732,2025-02-21,returned,,promptpay
3654,1757,2025-02-21,completed,10,credit_card
3655,1748,2025-02-22,completed,,credit_card
3656,1766,2025-02-22,completed,,promptpay
3657,1781,2025-02-22,completed,15,promptpay
3658,678,2025-02-23,completed,5,credit_card
3659,919,2025-02-23,completed,10,credit_card
3660,1201,2025-02-23,completed,5,promptpay
3661,1378,2025-02-23,completed,10,promptpay
3662,1597,2025-02-23,completed,,credit_card
3663,1616,2025-02-23,completed,,credit_card
3664,1647,2025-02-23,completed,,promptpay
3665,1709,2025-02-23,completed,,credit_card
3666,1754,2025-02-23,cancelled,,promptpay
3667,1767,2025-02-23,completed,,credit_card
3668,1791,2025-02-23,completed,,credit_card
3669,940,2025-02-24,completed,,promptpay
3670,1065,2025-02-24,completed,15,credit_card
3671,1401,2025-02-24,cancelled,,promptpay
3672,1602,2025-02-24,cancelled,10,credit_card
3673,1678,2025-02-24,completed,5,bank_transfer
3674,1688,2025-02-24,completed,,credit_card
3675,1738,2025-02-24,completed,,promptpay
3676,1739,2025-02-24,cancelled,10,bank_transfer
3677,1742,2025-02-24,completed,,promptpay
3678,1753,2025-02-24,completed,,promptpay
3679,1761,2025-02-24,completed,10,credit_card
3680,1771,2025-02-24,completed,,credit_card
3681,749,2025-02-25,completed,,credit_card
3682,1658,2025-02-25,cancelled,,credit_card
3683,1760,2025-02-25,completed,,credit_card
3684,1762,2025-02-25,completed,,credit_card
3685,1768,2025-02-25,completed,,cod
3686,1770,2025-02-25,completed,,promptpay
3687,1774,2025-02-25,completed,10,promptpay
3688,1787,2025-02-25,completed,,promptpay
3689,1788,2025-02-25,completed,,promptpay
3690,1803,2025-02-25,completed,,cod
3691,1804,2025-02-25,completed,20,credit_card
3692,335,2025-02-26,completed,,promptpay
3693,1056,2025-02-26,completed,5,cod
3694,1173,2025-02-26,completed,5,promptpay
3695,1335,2025-02-26,completed,,cod
3696,1482,2025-02-26,completed,,credit_card
3697,1743,2025-02-26,completed,,promptpay
3698,1780,2025-02-26,completed,,bank_transfer
3699,1782,2025-02-26,completed,,credit_card
3700,184,2025-02-27,completed,,bank_transfer
3701,1747,2025-02-27,completed,,promptpay
3702,1764,2025-02-27,completed,,credit_card
3703,1788,2025-02-27,completed,,credit_card
3704,1794,2025-02-27,completed,,bank_transfer
3705,1685,2025-02-28,completed,,promptpay
3706,1774,2025-02-28,completed,,promptpay
3707,538,2025-03-01,completed,,cod
3708,873,2025-03-01,returned,,credit_card
3709,1017,2025-03-01,completed,,promptpay
3710,1618,2025-03-01,completed,,promptpay
3711,1759,2025-03-01,completed,5,cod
3712,1772,2025-03-01,completed,,bank_transfer
3713,1783,2025-03-01,completed,,cod
3714,1792,2025-03-01,completed,,promptpay
3715,985,2025-03-02,completed,,promptpay
3716,1380,2025-03-02,completed,,promptpay
3717,1448,2025-03-02,completed,,promptpay
3718,1580,2025-03-02,completed,,cod
3719,1581,2025-03-02,completed,,credit_card
3720,1765,2025-03-02,completed,5,cod
3721,1773,2025-03-02,cancelled,,credit_card
3722,1777,2025-03-02,completed,,credit_card
3723,1784,2025-03-02,completed,,promptpay
3724,1804,2025-03-02,completed,10,promptpay
3725,1729,2025-03-03,completed,,cod
3726,1769,2025-03-03,cancelled,,promptpay
3727,1775,2025-03-03,completed,,promptpay
3728,1776,2025-03-03,completed,15,credit_card
3729,1784,2025-03-03,completed,20,cod
3730,1786,2025-03-03,completed,,promptpay
3731,1795,2025-03-03,cancelled,15,credit_card
3732,1033,2025-03-04,completed,,promptpay
3733,1057,2025-03-04,completed,,cod
3734,1271,2025-03-04,completed,,credit_card
3735,1304,2025-03-04,completed,,credit_card
3736,1785,2025-03-04,returned,15,cod
3737,1790,2025-03-04,completed,,credit_card
3738,1805,2025-03-04,completed,10,cod
3739,1808,2025-03-04,completed,,credit_card
3740,1819,2025-03-04,completed,,bank_transfer
3741,1820,2025-03-04,completed,,credit_card
3742,627,2025-03-05,completed,,credit_card
3743,1545,2025-03-05,completed,,credit_card
3744,1779,2025-03-05,completed,,promptpay
3745,1793,2025-03-05,completed,,promptpay
3746,1815,2025-03-05,completed,5,credit_card
3747,438,2025-03-06,completed,,credit_card
3748,971,2025-03-06,completed,5,bank_transfer
3749,1157,2025-03-06,completed,,credit_card
3750,1365,2025-03-06,completed,10,promptpay
3751,1700,2025-03-06,completed,,credit_card
3752,1789,2025-03-06,completed,,cod
3753,1797,2025-03-06,completed,,promptpay
3754,1800,2025-03-06,completed,,credit_card
3755,351,2025-03-07,completed,,promptpay
3756,1201,2025-03-07,cancelled,10,promptpay
3757,1708,2025-03-07,cancelled,,promptpay
3758,1735,2025-03-07,completed,,bank_transfer
3759,1799,2025-03-07,completed,10,promptpay
3760,1806,2025-03-07,completed,,cod
3761,1807,2025-03-07,completed,10,promptpay
3762,1439,2025-03-08,cancelled,5,promptpay
3763,1440,2025-03-08,completed,,credit_card
3764,1512,2025-03-08,completed,,promptpay
3765,1549,2025-03-08,completed,,credit_card
3766,1648,2025-03-08,completed,10,promptpay
3767,1710,2025-03-08,completed,,promptpay
3768,1766,2025-03-08,completed,,promptpay
3769,1810,2025-03-08,completed,,credit_card
3770,1056,2025-03-09,completed,,credit_card
3771,1490,2025-03-09,completed,,credit_card
3772,1705,2025-03-09,completed,15,cod
3773,1755,2025-03-09,completed,,credit_card
3774,1813,2025-03-09,completed,10,promptpay
3775,1823,2025-03-09,completed,,promptpay
3776,1824,2025-03-09,completed,,credit_card
3777,1045,2025-03-10,returned,5,credit_card
3778,1657,2025-03-10,completed,,promptpay
3779,1692,2025-03-10,completed,,promptpay
3780,1711,2025-03-10,completed,,promptpay
3781,1798,2025-03-10,completed,,promptpay
3782,1801,2025-03-10,completed,,credit_card
3783,1802,2025-03-10,completed,,cod
3784,1809,2025-03-10,completed,,credit_card
3785,1824,2025-03-10,completed,20,promptpay
3786,1828,2025-03-10,completed,,credit_card
3787,1830,2025-03-10,completed,,promptpay
3788,1843,2025-03-10,completed,,credit_card
3789,1168,2025-03-11,completed,10,bank_transfer
3790,1440,2025-03-11,completed,,promptpay
3791,1508,2025-03-11,completed,,bank_transfer
3792,1628,2025-03-11,completed,,promptpay
3793,1671,2025-03-11,completed,5,credit_card
3794,1766,2025-03-11,completed,10,promptpay
3795,1817,2025-03-11,completed,,promptpay
3796,1832,2025-03-11,completed,,credit_card
3797,1835,2025-03-11,completed,,promptpay
3798,783,2025-03-12,returned,10,promptpay
3799,978,2025-03-12,completed,,cod
3800,1507,2025-03-12,completed,,bank_transfer
3801,1524,2025-03-12,completed,20,credit_card
3802,1647,2025-03-12,completed,,credit_card
3803,1678,2025-03-12,completed,15,promptpay
3804,245,2025-03-13,completed,,credit_card
3805,461,2025-03-13,completed,15,promptpay
3806,1503,2025-03-13,completed,,cod
3807,1776,2025-03-13,completed,5,promptpay
3808,1814,2025-03-13,completed,,promptpay
3809,1822,2025-03-13,completed,,cod
3810,1841,2025-03-13,completed,10,promptpay
3811,1855,2025-03-13,completed,,cod
3812,599,2025-03-14,completed,5,promptpay
3813,749,2025-03-14,completed,,credit_card
3814,1215,2025-03-14,completed,,promptpay
3815,1459,2025-03-14,completed,,promptpay
3816,1555,2025-03-14,completed,,promptpay
3817,1776,2025-03-14,completed,10,cod
3818,1809,2025-03-14,completed,,credit_card
3819,1811,2025-03-14,completed,,promptpay
3820,1812,2025-03-14,completed,,promptpay
3821,1816,2025-03-14,completed,,cod
3822,1826,2025-03-14,completed,10,credit_card
3823,1829,2025-03-14,completed,5,cod
3824,1831,2025-03-14,completed,15,cod
3825,1833,2025-03-14,completed,,credit_card
3826,1836,2025-03-14,completed,,promptpay
3827,1837,2025-03-14,completed,,credit_card
3828,1846,2025-03-14,completed,,cod
3829,157,2025-03-15,completed,,promptpay
3830,753,2025-03-15,completed,,promptpay
3831,1290,2025-03-15,completed,,promptpay
3832,1529,2025-03-15,completed,,credit_card
3833,1572,2025-03-15,cancelled,,credit_card
3834,1693,2025-03-15,completed,20,credit_card
3835,1777,2025-03-15,completed,5,credit_card
3836,1437,2025-03-16,completed,5,promptpay
3837,1710,2025-03-16,completed,,credit_card
3838,1821,2025-03-16,completed,,promptpay
3839,1825,2025-03-16,completed,10,promptpay
3840,1838,2025-03-16,completed,5,promptpay
3841,951,2025-03-17,completed,10,credit_card
3842,1784,2025-03-17,completed,,credit_card
3843,1824,2025-03-17,completed,,promptpay
3844,1825,2025-03-17,completed,,promptpay
3845,1850,2025-03-17,completed,5,promptpay
3846,1851,2025-03-17,completed,,promptpay
3847,1852,2025-03-17,completed,,promptpay
3848,1863,2025-03-17,completed,5,cod
3849,1768,2025-03-18,completed,,promptpay
3850,1794,2025-03-18,completed,10,credit_card
3851,1822,2025-03-18,completed,5,cod
3852,1842,2025-03-18,completed,5,promptpay
3853,940,2025-03-19,completed,,cod
3854,1428,2025-03-19,completed,10,promptpay
3855,1520,2025-03-19,completed,,promptpay
3856,1722,2025-03-19,returned,,promptpay
3857,1757,2025-03-19,completed,15,credit_card
3858,1834,2025-03-19,completed,,credit_card
3859,1845,2025-03-19,completed,5,cod
3860,1853,2025-03-19,completed,,promptpay
3861,1865,2025-03-19,completed,,credit_card
3862,1017,2025-03-20,completed,10,promptpay
3863,1590,2025-03-20,completed,,credit_card
3864,1747,2025-03-20,completed,,credit_card
3865,1760,2025-03-20,completed,,credit_card
3866,1856,2025-03-20,completed,,credit_card
3867,1875,2025-03-20,completed,15,promptpay
3868,1876,2025-03-20,completed,,cod
3869,1879,2025-03-20,completed,,credit_card
3870,1169,2025-03-21,completed,,promptpay
3871,1442,2025-03-21,completed,,cod
3872,1679,2025-03-21,completed,10,credit_card
3873,1722,2025-03-21,completed,5,promptpay
3874,1746,2025-03-21,completed,,credit_card
3875,1791,2025-03-21,completed,,credit_card
3876,1839,2025-03-21,completed,,bank_transfer
3877,1844,2025-03-21,completed,,cod
3878,1847,2025-03-21,completed,,promptpay
3879,1849,2025-03-21,cancelled,,bank_transfer
3880,1857,2025-03-21,completed,,promptpay
3881,1860,2025-03-21,completed,,promptpay
3882,873,2025-03-22,completed,,credit_card
3883,951,2025-03-22,completed,,credit_card
3884,1252,2025-03-22,completed,,bank_transfer
3885,1715,2025-03-22,cancelled,10,promptpay
3886,1870,2025-03-22,completed,5,promptpay
3887,1885,2025-03-22,completed,,cod
3888,421,2025-03-23,completed,,credit_card
3889,1059,2025-03-23,completed,,promptpay
3890,1266,2025-03-23,completed,,promptpay
3891,1692,2025-03-23,completed,,cod
3892,1789,2025-03-23,completed,,promptpay
3893,1854,2025-03-23,completed,,cod
3894,1864,2025-03-23,completed,,promptpay
3895,1867,2025-03-23,completed,,promptpay
3896,1881,2025-03-23,completed,5,bank_transfer
3897,1882,2025-03-23,completed,,credit_card
3898,1889,2025-03-23,cancelled,5,cod
3899,1164,2025-03-24,completed,10,credit_card
3900,1312,2025-03-24,completed,,bank_transfer
3901,1381,2025-03-24,completed,,credit_card
3902,1473,2025-03-24,completed,,cod
3903,1696,2025-03-24,completed,5,credit_card
3904,1756,2025-03-24,completed,,credit_card
3905,1773,2025-03-24,returned,,credit_card
3906,1810,2025-03-24,completed,5,promptpay
3907,1816,2025-03-24,completed,,credit_card
3908,1859,2025-03-24,completed,20,cod
3909,1867,2025-03-24,completed,10,promptpay
3910,1893,2025-03-24,completed,,cod
3911,157,2025-03-25,completed,,credit_card
3912,1153,2025-03-25,completed,15,promptpay
3913,1157,2025-03-25,completed,,credit_card
3914,1228,2025-03-25,completed,,credit_card
3915,1815,2025-03-25,completed,,bank_transfer
3916,1225,2025-03-26,completed,,credit_card
3917,1442,2025-03-26,completed,,promptpay
3918,1601,2025-03-26,completed,5,credit_card
3919,1671,2025-03-26,completed,,credit_card
3920,1787,2025-03-26,completed,5,credit_card
3921,1890,2025-03-26,completed,,promptpay
3922,1228,2025-03-27,completed,,promptpay
3923,1862,2025-03-27,completed,,promptpay
3924,1878,2025-03-27,completed,,cod
3925,1881,2025-03-27,completed,,cod
3926,1886,2025-03-27,cancelled,,promptpay
3927,1889,2025-03-27,completed,,promptpay
3928,1891,2025-03-27,completed,,credit_card
3929,1904,2025-03-27,completed,,promptpay
3930,377,2025-03-28,completed,,promptpay
3931,1877,2025-03-28,completed,,promptpay
3932,1899,2025-03-28,completed,10,credit_card
3933,1913,2025-03-28,completed,,cod
3934,951,2025-03-29,completed,,bank_transfer
3935,1161,2025-03-29,completed,,cod
3936,1564,2025-03-29,completed,,promptpay
3937,1754,2025-03-29,completed,,bank_transfer
3938,1850,2025-03-29,completed,,promptpay
3939,1866,2025-03-29,completed,,credit_card
3940,1869,2025-03-29,completed,15,promptpay
3941,1891,2025-03-29,completed,,cod
3942,1903,2025-03-29,completed,,promptpay
3943,1918,2025-03-29,completed,5,cod
3944,1157,2025-03-30,completed,5,credit_card
3945,1252,2025-03-30,completed,,credit_card
3946,1401,2025-03-30,completed,10,bank_transfer
3947,1618,2025-03-30,completed,,promptpay
3948,1690,2025-03-30,completed,,credit_card
3949,1819,2025-03-30,cancelled,,promptpay
3950,1862,2025-03-30,completed,10,promptpay
3951,1881,2025-03-30,completed,,promptpay
3952,1896,2025-03-30,completed,,promptpay
3953,159,2025-03-31,completed,,promptpay
3954,811,2025-03-31,completed,,credit_card
3955,1130,2025-03-31,completed,,promptpay
3956,1380,2025-03-31,completed,5,promptpay
3957,1475,2025-03-31,completed,,credit_card
3958,1611,2025-03-31,completed,,credit_card
3959,1641,2025-03-31,completed,,credit_card
3960,1733,2025-03-31,completed,,promptpay
3961,1788,2025-03-31,returned,20,promptpay
3962,1864,2025-03-31,completed,,bank_transfer
3963,1871,2025-03-31,completed,,promptpay
3964,1884,2025-03-31,completed,,credit_card
3965,1033,2025-04-01,completed,5,promptpay
3966,1455,2025-04-01,cancelled,,credit_card
3967,1675,2025-04-01,completed,,promptpay
3968,1747,2025-04-01,completed,5,credit_card
3969,1869,2025-04-01,completed,,credit_card
3970,1874,2025-04-01,completed,,promptpay
3971,1880,2025-04-01,completed,,credit_card
3972,1894,2025-04-01,completed,,promptpay
3973,1934,2025-04-01,completed,,credit_card
3974,1508,2025-04-02,cancelled,,promptpay
3975,1683,2025-04-02,completed,,credit_card
3976,1765,2025-04-02,completed,,credit_card
3977,1883,2025-04-02,completed,,credit_card
3978,1935,2025-04-02,completed,,credit_card
3979,1014,2025-04-03,completed,10,promptpay
3980,1206,2025-04-03,completed,,bank_transfer
3981,1243,2025-04-03,completed,5,promptpay
3982,1312,2025-04-03,completed,10,cod
3983,1408,2025-04-03,completed,5,cod
3984,1482,2025-04-03,completed,,credit_card
3985,1742,2025-04-03,completed,5,credit_card
3986,1815,2025-04-03,completed,,cod
3987,1824,2025-04-03,completed,,promptpay
3988,1897,2025-04-03,completed,5,credit_card
3989,1902,2025-04-03,completed,,promptpay
3990,1919,2025-04-03,completed,,credit_card
3991,1921,2025-04-03,completed,,credit_card
3992,1924,2025-04-03,completed,5,promptpay
3993,1055,2025-04-04,completed,,cod
3994,1508,2025-04-04,completed,,credit_card
3995,1680,2025-04-04,completed,,credit_card
3996,1801,2025-04-04,completed,,credit_card
3997,1895,2025-04-04,completed,,cod
3998,1906,2025-04-04,completed,,cod
3999,1948,2025-04-04,completed,,bank_transfer
4000,1161,2025-04-05,completed,,bank_transfer
4001,1264,2025-04-05,completed,5,promptpay
4002,1666,2025-04-05,completed,,credit_card
4003,1687,2025-04-05,cancelled,,credit_card
4004,1710,2025-04-05,completed,,bank_transfer
4005,1747,2025-04-05,completed,,promptpay
4006,1797,2025-04-05,completed,10,bank_transfer
4007,1802,2025-04-05,completed,,credit_card
4008,1869,2025-04-05,returned,5,credit_card
4009,1908,2025-04-05,completed,20,credit_card
4010,1915,2025-04-05,completed,,cod
4011,1922,2025-04-05,completed,,promptpay
4012,1946,2025-04-05,completed,,promptpay
4013,1501,2025-04-06,completed,5,bank_transfer
4014,1541,2025-04-06,completed,5,promptpay
4015,1773,2025-04-06,completed,,promptpay
4016,1859,2025-04-06,completed,,cod
4017,1907,2025-04-06,completed,,cod
4018,1920,2025-04-06,completed,,promptpay
4019,1942,2025-04-06,completed,,cod
4020,1944,2025-04-06,completed,5,credit_card
4021,1947,2025-04-06,completed,,credit_card
4022,1949,2025-04-06,completed,,promptpay
4023,1958,2025-04-06,completed,,credit_card
4024,1065,2025-04-07,completed,,cod
4025,1717,2025-04-07,completed,,cod
4026,1898,2025-04-07,completed,,promptpay
4027,1911,2025-04-07,cancelled,,credit_card
4028,1914,2025-04-07,completed,5,cod
4029,1936,2025-04-07,completed,15,bank_transfer
4030,1939,2025-04-07,completed,,promptpay
4031,1956,2025-04-07,completed,,credit_card
4032,587,2025-04-08,completed,5,promptpay
4033,1508,2025-04-08,completed,,promptpay
4034,1724,2025-04-08,completed,,credit_card
4035,1727,2025-04-08,completed,,credit_card
4036,1812,2025-04-08,completed,,credit_card
4037,1837,2025-04-08,completed,,promptpay
4038,1881,2025-04-08,completed,,credit_card
4039,1959,2025-04-08,completed,,promptpay
4040,1757,2025-04-09,completed,,credit_card
4041,1784,2025-04-09,completed,,promptpay
4042,1881,2025-04-09,completed,,promptpay
4043,1882,2025-04-09,completed,,bank_transfer
4044,1893,2025-04-09,completed,20,promptpay
4045,1932,2025-04-09,completed,,bank_transfer
4046,157,2025-04-10,completed,,bank_transfer
4047,882,2025-04-10,completed,5,credit_card
4048,1248,2025-04-10,completed,,credit_card
4049,1440,2025-04-10,completed,,credit_card
4050,1542,2025-04-10,completed,,bank_transfer
4051,1554,2025-04-10,completed,,promptpay
4052,1711,2025-04-10,completed,,promptpay
4053,1805,2025-04-10,completed,,credit_card
4054,1905,2025-04-10,completed,10,promptpay
4055,1909,2025-04-10,completed,,credit_card
4056,1926,2025-04-10,returned,,promptpay
4057,1927,2025-04-10,completed,,cod
4058,1933,2025-04-10,completed,,bank_transfer
4059,1939,2025-04-10,completed,,promptpay
4060,1950,2025-04-10,completed,5,cod
4061,1953,2025-04-10,completed,,bank_transfer
4062,1966,2025-04-10,completed,,promptpay
4063,1968,2025-04-10,completed,,credit_card
4064,1972,2025-04-10,completed,,cod
4065,1248,2025-04-11,completed,,credit_card
4066,1514,2025-04-11,completed,,credit_card
4067,1694,2025-04-11,completed,,cod
4068,1726,2025-04-11,completed,,credit_card
4069,1854,2025-04-11,completed,,credit_card
4070,1917,2025-04-11,cancelled,,credit_card
4071,1925,2025-04-11,completed,10,bank_transfer
4072,1941,2025-04-11,completed,,cod
4073,1943,2025-04-11,returned,,promptpay
4074,1516,2025-04-12,completed,5,credit_card
4075,1845,2025-04-12,completed,,promptpay
4076,1937,2025-04-12,completed,,bank_transfer
4077,1252,2025-04-13,completed,5,cod
4078,1553,2025-04-13,completed,,credit_card
4079,1899,2025-04-13,completed,15,credit_card
4080,1907,2025-04-13,cancelled,10,credit_card
4081,1945,2025-04-13,completed,10,credit_card
4082,1961,2025-04-13,completed,,cod
4083,1971,2025-04-13,completed,,credit_card
4084,1975,2025-04-13,completed,,credit_card
4085,1982,2025-04-13,completed,10,promptpay
4086,1262,2025-04-14,completed,5,credit_card
4087,1508,2025-04-14,completed,,credit_card
4088,1802,2025-04-14,completed,,promptpay
4089,1928,2025-04-14,completed,15,credit_card
4090,1938,2025-04-14,completed,,credit_card
4091,1955,2025-04-14,completed,10,credit_card
4092,1964,2025-04-14,completed,,promptpay
4093,1965,2025-04-14,completed,15,credit_card
4094,1986,2025-04-14,completed,5,credit_card
4095,1331,2025-04-15,completed,,cod
4096,1459,2025-04-15,completed,,cod
4097,1870,2025-04-15,completed,15,cod
4098,1915,2025-04-15,completed,,credit_card
4099,1962,2025-04-15,completed,,promptpay
4100,1963,2025-04-15,completed,15,credit_card
4101,678,2025-04-16,completed,,promptpay
4102,753,2025-04-16,completed,,credit_card
4103,1678,2025-04-16,completed,,promptpay
4104,1854,2025-04-16,cancelled,,credit_card
4105,1933,2025-04-16,completed,,promptpay
4106,1937,2025-04-16,cancelled,,cod
4107,1970,2025-04-16,completed,,promptpay
4108,1956,2025-04-17,completed,,cod
4109,1960,2025-04-17,completed,,credit_card
4110,1981,2025-04-17,returned,10,credit_card
4111,1991,2025-04-17,completed,,bank_transfer
4112,1995,2025-04-17,completed,,promptpay
4113,599,2025-04-18,completed,5,cod
4114,1882,2025-04-18,completed,5,bank_transfer
4115,1976,2025-04-18,completed,15,credit_card
4116,1980,2025-04-18,completed,,credit_card
4117,2000,2025-04-18,completed,5,credit_card
4118,241,2025-04-19,completed,15,credit_card
4119,1395,2025-04-19,completed,,promptpay
4120,1616,2025-04-19,completed,,credit_card
4121,1774,2025-04-19,completed,,cod
4122,1834,2025-04-19,completed,,credit_card
4123,1836,2025-04-19,completed,,promptpay
4124,1853,2025-04-19,completed,,cod
4125,1863,2025-04-19,completed,10,bank_transfer
4126,1969,2025-04-19,completed,,credit_card
4127,1978,2025-04-19,completed,,cod
4128,1989,2025-04-19,completed,5,credit_card
4129,2002,2025-04-19,completed,,bank_transfer
4130,1312,2025-04-20,completed,,promptpay
4131,1456,2025-04-20,completed,,cod
4132,1954,2025-04-20,completed,5,promptpay
4133,1973,2025-04-20,completed,,credit_card
4134,1974,2025-04-20,completed,,credit_card
4135,1977,2025-04-20,completed,,bank_transfer
4136,1991,2025-04-20,completed,10,bank_transfer
4137,1996,2025-04-20,completed,,promptpay
4138,1722,2025-04-21,completed,,credit_card
4139,2007,2025-04-21,completed,15,credit_card
4140,999,2025-04-22,completed,,cod
4141,1199,2025-04-22,completed,5,promptpay
4142,1233,2025-04-22,completed,,cod
4143,1524,2025-04-22,completed,15,credit_card
4144,1572,2025-04-22,completed,,promptpay
4145,1675,2025-04-22,completed,,promptpay
4146,1691,2025-04-22,completed,5,cod
4147,1722,2025-04-22,completed,5,promptpay
4148,1780,2025-04-22,completed,,credit_card
4149,1983,2025-04-22,cancelled,5,credit_card
4150,1773,2025-04-23,completed,,promptpay
4151,1795,2025-04-23,completed,,promptpay
4152,1919,2025-04-23,completed,,credit_card
4153,1994,2025-04-23,completed,,promptpay
4154,2008,2025-04-23,completed,,promptpay
4155,2011,2025-04-23,completed,,promptpay
4156,1169,2025-04-24,completed,,credit_card
4157,2006,2025-04-24,completed,,credit_card
4158,351,2025-04-25,completed,,credit_card
4159,1338,2025-04-25,completed,,credit_card
4160,1603,2025-04-25,completed,,credit_card
4161,1661,2025-04-25,completed,10,promptpay
4162,1985,2025-04-25,completed,10,credit_card
4163,1993,2025-04-25,cancelled,,credit_card
4164,2016,2025-04-25,cancelled,,credit_card
4165,896,2025-04-26,cancelled,,credit_card
4166,1374,2025-04-26,completed,,cod
4167,1378,2025-04-26,completed,,credit_card
4168,1696,2025-04-26,returned,,cod
4169,1726,2025-04-26,completed,15,promptpay
4170,2001,2025-04-26,completed,,promptpay
4171,2015,2025-04-26,completed,,promptpay
4172,1056,2025-04-27,completed,,promptpay
4173,1470,2025-04-27,completed,,cod
4174,1696,2025-04-27,completed,,credit_card
4175,1756,2025-04-27,completed,,promptpay
4176,1805,2025-04-27,completed,,bank_transfer
4177,1870,2025-04-27,completed,,bank_transfer
4178,1958,2025-04-27,completed,,promptpay
4179,1992,2025-04-27,completed,20,credit_card
4180,2004,2025-04-27,completed,15,promptpay
4181,2012,2025-04-27,returned,5,credit_card
4182,2029,2025-04-27,completed,10,credit_card
4183,1661,2025-04-28,completed,,promptpay
4184,1696,2025-04-28,completed,,credit_card
4185,1710,2025-04-28,completed,10,bank_transfer
4186,1917,2025-04-28,completed,,promptpay
4187,1987,2025-04-28,completed,,credit_card
4188,1988,2025-04-28,completed,,promptpay
4189,1991,2025-04-28,completed,,credit_card
4190,2010,2025-04-28,completed,,bank_transfer
4191,2028,2025-04-28,returned,,promptpay
4192,2031,2025-04-28,completed,15,promptpay
4193,829,2025-04-29,completed,,promptpay
4194,1315,2025-04-29,completed,,promptpay
4195,1470,2025-04-29,cancelled,,credit_card
4196,1508,2025-04-29,completed,,bank_transfer
4197,1789,2025-04-29,completed,,credit_card
4198,1799,2025-04-29,completed,,promptpay
4199,1804,2025-04-29,completed,,bank_transfer
4200,1885,2025-04-29,completed,10,promptpay
4201,1949,2025-04-29,completed,,credit_card
4202,1976,2025-04-29,completed,,credit_card
4203,2014,2025-04-29,completed,15,promptpay
4204,1017,2025-04-30,completed,,cod
4205,1301,2025-04-30,completed,,credit_card
4206,1428,2025-04-30,completed,,credit_card
4207,1941,2025-04-30,completed,10,promptpay
4208,2005,2025-04-30,completed,,bank_transfer
4209,2013,2025-04-30,completed,,credit_card
4210,1524,2025-05-01,completed,,bank_transfer
4211,1647,2025-05-01,completed,,credit_card
4212,2003,2025-05-01,completed,,promptpay
4213,2025,2025-05-01,completed,,cod
4214,1338,2025-05-02,completed,,promptpay
4215,1378,2025-05-02,completed,,promptpay
4216,1533,2025-05-02,completed,,promptpay
4217,1672,2025-05-02,completed,15,credit_card
4218,1678,2025-05-02,completed,,promptpay
4219,1679,2025-05-02,completed,,credit_card
4220,1938,2025-05-02,completed,,promptpay
4221,2043,2025-05-02,completed,,cod
4222,2051,2025-05-02,completed,,promptpay
4223,2054,2025-05-02,completed,10,promptpay
4224,1084,2025-05-03,completed,,promptpay
4225,1521,2025-05-03,completed,,promptpay
4226,1566,2025-05-03,completed,,cod
4227,1734,2025-05-03,completed,,bank_transfer
4228,1955,2025-05-03,completed,5,promptpay
4229,1986,2025-05-03,completed,,promptpay
4230,2009,2025-05-03,completed,,promptpay
4231,2017,2025-05-03,completed,,credit_card
4232,2039,2025-05-03,completed,,credit_card
4233,2040,2025-05-03,completed,,bank_transfer
4234,2045,2025-05-03,completed,,cod
4235,1722,2025-05-04,completed,,credit_card
4236,1811,2025-05-04,completed,,credit_card
4237,1870,2025-05-04,completed,,cod
4238,2017,2025-05-04,completed,15,cod
4239,2018,2025-05-04,returned,10,promptpay
4240,2020,2025-05-04,completed,,credit_card
4241,2058,2025-05-04,cancelled,10,credit_card
4242,2060,2025-05-04,completed,5,credit_card
4243,159,2025-05-05,completed,,cod
4244,1300,2025-05-05,completed,5,cod
4245,1747,2025-05-05,completed,,bank_transfer
4246,1794,2025-05-05,completed,,promptpay
4247,2021,2025-05-05,returned,5,credit_card
4248,2023,2025-05-05,completed,,credit_card
4249,2036,2025-05-05,completed,,promptpay
4250,2049,2025-05-05,completed,,promptpay
4251,2052,2025-05-05,completed,,cod
4252,2059,2025-05-05,completed,,bank_transfer
4253,985,2025-05-06,completed,,promptpay
4254,1055,2025-05-06,cancelled,,cod
4255,1331,2025-05-06,completed,15,credit_card
4256,1387,2025-05-06,completed,,promptpay
4257,1639,2025-05-06,returned,,cod
4258,1863,2025-05-06,completed,,credit_card
4259,1962,2025-05-06,completed,10,promptpay
4260,1970,2025-05-06,completed,,promptpay
4261,2013,2025-05-06,completed,20,credit_card
4262,2022,2025-05-06,completed,,credit_card
4263,2030,2025-05-06,completed,,promptpay
4264,2035,2025-05-06,completed,15,promptpay
4265,2052,2025-05-06,cancelled,10,promptpay
4266,2073,2025-05-06,completed,,cod
4267,1516,2025-05-07,completed,,credit_card
4268,1761,2025-05-07,completed,20,credit_card
4269,1789,2025-05-07,completed,,cod
4270,2018,2025-05-07,completed,,credit_card
4271,2026,2025-05-07,completed,10,promptpay
4272,2027,2025-05-07,completed,,promptpay
4273,2032,2025-05-07,completed,20,promptpay
4274,2038,2025-05-07,returned,5,bank_transfer
4275,2042,2025-05-07,completed,,promptpay
4276,2065,2025-05-07,cancelled,,promptpay
4277,1570,2025-05-08,completed,10,cod
4278,1934,2025-05-08,completed,,promptpay
4279,2024,2025-05-08,completed,,promptpay
4280,2034,2025-05-08,completed,,promptpay
4281,2037,2025-05-08,completed,,promptpay
4282,2062,2025-05-08,completed,,promptpay
4283,2068,2025-05-08,completed,5,cod
4284,2074,2025-05-08,completed,,promptpay
4285,1490,2025-05-09,completed,15,bank_transfer
4286,1687,2025-05-09,completed,5,promptpay
4287,1733,2025-05-09,completed,,credit_card
4288,1899,2025-05-09,completed,15,bank_transfer
4289,2065,2025-05-09,completed,10,promptpay
4290,2067,2025-05-09,completed,,cod
4291,2078,2025-05-09,completed,,credit_card
4292,2084,2025-05-09,cancelled,,credit_card
4293,1055,2025-05-10,completed,,promptpay
4294,1530,2025-05-10,completed,20,promptpay
4295,1774,2025-05-10,completed,,cod
4296,1821,2025-05-10,completed,,bank_transfer
4297,2016,2025-05-10,completed,,credit_card
4298,2025,2025-05-10,completed,,credit_card
4299,2053,2025-05-10,completed,5,credit_card
4300,2064,2025-05-10,completed,,cod
4301,2077,2025-05-10,cancelled,20,promptpay
4302,2084,2025-05-10,completed,,cod
4303,2086,2025-05-10,completed,15,credit_card
4304,2091,2025-05-10,completed,,credit_card
4305,1055,2025-05-11,completed,5,promptpay
4306,1257,2025-05-11,completed,5,promptpay
4307,1304,2025-05-11,completed,20,promptpay
4308,1616,2025-05-11,completed,,promptpay
4309,1773,2025-05-11,completed,,credit_card
4310,2020,2025-05-11,completed,,promptpay
4311,2083,2025-05-11,completed,,promptpay
4312,2102,2025-05-11,completed,,promptpay
4313,1213,2025-05-12,completed,10,credit_card
4314,1593,2025-05-12,completed,5,cod
4315,1717,2025-05-12,completed,,credit_card
4316,1803,2025-05-12,completed,20,promptpay
4317,1824,2025-05-12,completed,,promptpay
4318,1885,2025-05-12,completed,,promptpay
4319,1969,2025-05-12,completed,,credit_card
4320,2002,2025-05-12,completed,10,promptpay
4321,2014,2025-05-12,completed,15,promptpay
4322,2093,2025-05-12,completed,15,bank_transfer
4323,2108,2025-05-12,completed,,cod
4324,2111,2025-05-12,completed,,promptpay
4325,253,2025-05-13,completed,10,credit_card
4326,871,2025-05-13,completed,10,promptpay
4327,1553,2025-05-13,completed,,promptpay
4328,2050,2025-05-13,completed,,credit_card
4329,2056,2025-05-13,completed,,promptpay
4330,2057,2025-05-13,returned,,cod
4331,2076,2025-05-13,completed,,promptpay
4332,2080,2025-05-13,completed,10,promptpay
4333,2099,2025-05-13,completed,,cod
4334,2103,2025-05-13,completed,,cod
4335,2116,2025-05-13,completed,,promptpay
4336,996,2025-05-14,completed,5,cod
4337,1542,2025-05-14,completed,,credit_card
4338,1863,2025-05-14,completed,,promptpay
4339,2027,2025-05-14,completed,,promptpay
4340,2037,2025-05-14,completed,,promptpay
4341,2041,2025-05-14,completed,,credit_card
4342,2046,2025-05-14,completed,,promptpay
4343,2070,2025-05-14,completed,,bank_transfer
4344,2089,2025-05-14,completed,,credit_card
4345,2114,2025-05-14,completed,15,credit_card
4346,2119,2025-05-14,cancelled,,promptpay
4347,1331,2025-05-15,completed,,credit_card
4348,1679,2025-05-15,completed,,credit_card
4349,1811,2025-05-15,completed,,cod
4350,1964,2025-05-15,completed,15,cod
4351,1980,2025-05-15,completed,,promptpay
4352,2016,2025-05-15,completed,5,promptpay
4353,2066,2025-05-15,completed,,cod
4354,2104,2025-05-15,completed,,promptpay
4355,2110,2025-05-15,completed,5,credit_card
4356,2118,2025-05-15,completed,,promptpay
4357,827,2025-05-16,completed,,promptpay
4358,1545,2025-05-16,completed,,promptpay
4359,1773,2025-05-16,completed,,credit_card
4360,1803,2025-05-16,completed,,credit_card
4361,2000,2025-05-16,completed,,promptpay
4362,2063,2025-05-16,completed,,promptpay
4363,2079,2025-05-16,completed,,credit_card
4364,2085,2025-05-16,completed,,credit_card
4365,2087,2025-05-16,returned,,promptpay
4366,2088,2025-05-16,completed,,promptpay
4367,2092,2025-05-16,completed,,credit_card
4368,2098,2025-05-16,completed,10,credit_card
4369,2101,2025-05-16,completed,,cod
4370,2112,2025-05-16,completed,,credit_card
4371,2122,2025-05-16,cancelled,,cod
4372,2123,2025-05-16,completed,5,promptpay
4373,971,2025-05-17,completed,,credit_card
4374,1545,2025-05-17,completed,,promptpay
4375,2055,2025-05-17,completed,,credit_card
4376,2094,2025-05-17,completed,,promptpay
4377,2103,2025-05-17,completed,10,cod
4378,2115,2025-05-17,completed,,promptpay
4379,2117,2025-05-17,completed,,bank_transfer
4380,2126,2025-05-17,completed,,credit_card
4381,2127,2025-05-17,completed,20,promptpay
4382,827,2025-05-18,completed,,credit_card
4383,1549,2025-05-18,completed,10,credit_card
4384,1808,2025-05-18,completed,,promptpay
4385,1853,2025-05-18,completed,,bank_transfer
4386,2034,2025-05-18,cancelled,5,credit_card
4387,2069,2025-05-18,cancelled,,bank_transfer
4388,1213,2025-05-19,returned,,cod
4389,1679,2025-05-19,cancelled,15,cod
4390,2057,2025-05-19,completed,,cod
4391,2095,2025-05-19,cancelled,,credit_card
4392,2106,2025-05-19,completed,,credit_card
4393,1055,2025-05-20,completed,,credit_card
4394,1404,2025-05-20,completed,15,bank_transfer
4395,1905,2025-05-20,returned,,bank_transfer
4396,2072,2025-05-20,completed,,promptpay
4397,2081,2025-05-20,completed,,promptpay
4398,2133,2025-05-20,completed,,credit_card
4399,2134,2025-05-20,completed,10,bank_transfer
4400,2136,2025-05-20,completed,,promptpay
4401,2137,2025-05-20,completed,,cod
4402,2138,2025-05-20,completed,,credit_card
4403,1069,2025-05-21,completed,,promptpay
4404,1965,2025-05-21,returned,,credit_card
4405,2100,2025-05-21,completed,,promptpay
4406,2107,2025-05-21,completed,5,credit_card
4407,2139,2025-05-21,completed,,promptpay
4408,351,2025-05-22,completed,,credit_card
4409,756,2025-05-22,completed,,credit_card
4410,1407,2025-05-22,completed,5,promptpay
4411,1722,2025-05-22,completed,5,cod
4412,1800,2025-05-22,cancelled,5,bank_transfer
4413,2011,2025-05-22,completed,,bank_transfer
4414,2082,2025-05-22,completed,,credit_card
4415,2142,2025-05-22,completed,,credit_card
4416,634,2025-05-23,completed,,credit_card
4417,1666,2025-05-23,completed,,bank_transfer
4418,1767,2025-05-23,cancelled,,credit_card
4419,1799,2025-05-23,completed,20,promptpay
4420,2009,2025-05-23,completed,5,promptpay
4421,2090,2025-05-23,completed,10,credit_card
4422,2117,2025-05-23,completed,,bank_transfer
4423,2120,2025-05-23,completed,,credit_card
4424,2124,2025-05-23,completed,,bank_transfer
4425,858,2025-05-24,completed,5,bank_transfer
4426,1344,2025-05-24,completed,5,credit_card
4427,1834,2025-05-24,completed,,bank_transfer
4428,2015,2025-05-24,completed,,bank_transfer
4429,2096,2025-05-24,completed,15,promptpay
4430,2097,2025-05-24,completed,,promptpay
4431,538,2025-05-25,completed,,bank_transfer
4432,1564,2025-05-25,completed,,cod
4433,1746,2025-05-25,completed,,credit_card
4434,1813,2025-05-25,completed,,cod
4435,2086,2025-05-25,completed,,credit_card
4436,2141,2025-05-25,completed,10,bank_transfer
4437,2147,2025-05-25,completed,,bank_transfer
4438,1268,2025-05-26,completed,5,credit_card
4439,1403,2025-05-26,cancelled,,credit_card
4440,1894,2025-05-26,completed,10,cod
4441,1934,2025-05-26,cancelled,,bank_transfer
4442,2078,2025-05-26,completed,5,promptpay
4443,2109,2025-05-26,returned,20,promptpay
4444,2131,2025-05-26,completed,,credit_card
4445,2132,2025-05-26,completed,15,promptpay
4446,2157,2025-05-26,returned,,promptpay
4447,1057,2025-05-27,completed,,promptpay
4448,1096,2025-05-27,completed,10,credit_card
4449,1780,2025-05-27,completed,,cod
4450,1914,2025-05-27,completed,,cod
4451,2076,2025-05-27,completed,,cod
4452,2128,2025-05-27,completed,10,cod
4453,996,2025-05-28,completed,,credit_card
4454,1056,2025-05-28,completed,5,cod
4455,1905,2025-05-28,completed,,credit_card
4456,1917,2025-05-28,completed,,bank_transfer
4457,1950,2025-05-28,completed,,credit_card
4458,2121,2025-05-28,completed,,promptpay
4459,2139,2025-05-28,completed,,promptpay
4460,2143,2025-05-28,completed,,promptpay
4461,2163,2025-05-28,returned,,cod
4462,2169,2025-05-28,completed,,promptpay
4463,756,2025-05-29,completed,,bank_transfer
4464,1661,2025-05-29,completed,,credit_card
4465,1676,2025-05-29,completed,10,cod
4466,1843,2025-05-29,completed,20,credit_card
4467,1925,2025-05-29,completed,10,credit_card
4468,2130,2025-05-29,completed,10,credit_card
4469,2139,2025-05-29,completed,5,promptpay
4470,2168,2025-05-29,completed,,credit_card
4471,1543,2025-05-30,cancelled,10,bank_transfer
4472,1824,2025-05-30,completed,,credit_card
4473,1934,2025-05-30,completed,5,credit_card
4474,2135,2025-05-30,completed,5,credit_card
4475,2149,2025-05-30,completed,15,promptpay
4476,2158,2025-05-30,completed,10,credit_card
4477,2164,2025-05-30,completed,,promptpay
4478,1374,2025-05-31,completed,,credit_card
4479,1616,2025-05-31,completed,,promptpay
4480,1687,2025-05-31,completed,20,credit_card
4481,1701,2025-05-31,completed,,promptpay
4482,1767,2025-05-31,completed,,promptpay
4483,2118,2025-05-31,completed,,bank_transfer
4484,2140,2025-05-31,completed,,promptpay
4485,2148,2025-05-31,completed,,credit_card
4486,2150,2025-05-31,cancelled,20,cod
4487,2180,2025-05-31,completed,,credit_card
4488,1792,2025-06-01,completed,,cod
4489,1820,2025-06-01,completed,15,credit_card
4490,1913,2025-06-01,completed,,credit_card
4491,2121,2025-06-01,completed,,promptpay
4492,2154,2025-06-01,cancelled,,promptpay
4493,2159,2025-06-01,completed,10,credit_card
4494,2170,2025-06-01,completed,,promptpay
4495,2175,2025-06-01,completed,,credit_card
4496,2177,2025-06-01,completed,5,bank_transfer
4497,2186,2025-06-01,completed,,promptpay
4498,1572,2025-06-02,completed,,bank_transfer
4499,1853,2025-06-02,completed,10,cod
4500,2161,2025-06-02,completed,20,promptpay
4501,2187,2025-06-02,completed,,promptpay
4502,2196,2025-06-02,completed,5,cod
4503,438,2025-06-03,completed,15,credit_card
4504,1408,2025-06-03,completed,,promptpay
4505,1672,2025-06-03,completed,,promptpay
4506,1996,2025-06-03,completed,,credit_card
4507,2173,2025-06-03,completed,10,credit_card
4508,2175,2025-06-03,completed,10,cod
4509,2177,2025-06-03,completed,,promptpay
4510,2190,2025-06-03,completed,5,credit_card
4511,2191,2025-06-03,completed,,cod
4512,2216,2025-06-03,completed,,credit_card
4513,829,2025-06-04,completed,,promptpay
4514,1521,2025-06-04,completed,,bank_transfer
4515,1905,2025-06-04,completed,10,cod
4516,1926,2025-06-04,completed,5,credit_card
4517,1980,2025-06-04,completed,,promptpay
4518,2037,2025-06-04,completed,,bank_transfer
4519,2040,2025-06-04,completed,15,promptpay
4520,2092,2025-06-04,completed,10,promptpay
4521,2155,2025-06-04,cancelled,,credit_card
4522,2172,2025-06-04,completed,10,credit_card
4523,2178,2025-06-04,completed,,bank_transfer
4524,2206,2025-06-04,completed,,bank_transfer
4525,2207,2025-06-04,completed,,credit_card
4526,2221,2025-06-04,completed,,promptpay
4527,756,2025-06-05,cancelled,,promptpay
4528,1232,2025-06-05,cancelled,,credit_card
4529,1439,2025-06-05,completed,,credit_card
4530,1513,2025-06-05,completed,,promptpay
4531,1899,2025-06-05,completed,10,cod
4532,2142,2025-06-05,completed,,promptpay
4533,2174,2025-06-05,completed,,cod
4534,2225,2025-06-05,completed,5,promptpay
4535,2230,2025-06-05,completed,,cod
4536,1545,2025-06-06,completed,5,credit_card
4537,1549,2025-06-06,completed,,promptpay
4538,1661,2025-06-06,completed,,cod
4539,2152,2025-06-06,completed,,cod
4540,2171,2025-06-06,completed,,credit_card
4541,2194,2025-06-06,completed,15,promptpay
4542,2218,2025-06-06,completed,,cod
4543,2231,2025-06-06,completed,,credit_card
4544,2245,2025-06-06,returned,5,promptpay
4545,2253,2025-06-06,completed,5,credit_card
4546,2265,2025-06-06,completed,5,cod
4547,1056,2025-06-07,completed,,credit_card
4548,1773,2025-06-07,completed,,promptpay
4549,1863,2025-06-07,completed,5,credit_card
4550,1913,2025-06-07,completed,10,promptpay
4551,2008,2025-06-07,completed,,promptpay
4552,2058,2025-06-07,completed,,credit_card
4553,2066,2025-06-07,completed,,credit_card
4554,2167,2025-06-07,completed,,bank_transfer
4555,2203,2025-06-07,returned,,promptpay
4556,2214,2025-06-07,completed,,credit_card
4557,2219,2025-06-07,completed,5,credit_card
4558,2240,2025-06-07,completed,,cod
4559,2267,2025-06-07,completed,,promptpay
4560,1716,2025-06-08,completed,,cod
4561,1747,2025-06-08,completed,10,credit_card
4562,1829,2025-06-08,cancelled,10,promptpay
4563,1946,2025-06-08,completed,,promptpay
4564,2124,2025-06-08,completed,20,bank_transfer
4565,2156,2025-06-08,completed,,credit_card
4566,2160,2025-06-08,completed,,promptpay
4567,2161,2025-06-08,completed,,promptpay
4568,2183,2025-06-08,completed,,promptpay
4569,2223,2025-06-08,completed,10,cod
4570,2227,2025-06-08,cancelled,20,credit_card
4571,2243,2025-06-08,completed,,credit_card
4572,2260,2025-06-08,completed,,promptpay
4573,1985,2025-06-09,completed,10,promptpay
4574,2062,2025-06-09,completed,,promptpay
4575,2162,2025-06-09,completed,,promptpay
4576,2192,2025-06-09,returned,,credit_card
4577,2198,2025-06-09,completed,,credit_card
4578,2202,2025-06-09,completed,,credit_card
4579,2232,2025-06-09,completed,,cod
4580,2234,2025-06-09,completed,,bank_transfer
4581,2235,2025-06-09,completed,,credit_card
4582,2238,2025-06-09,cancelled,,promptpay
4583,2254,2025-06-09,cancelled,,cod
4584,2256,2025-06-09,completed,,promptpay
4585,2258,2025-06-09,returned,,credit_card
4586,2266,2025-06-09,returned,,promptpay
4587,2285,2025-06-09,completed,20,cod
4588,2294,2025-06-09,completed,,promptpay
4589,2302,2025-06-09,completed,10,credit_card
4590,1950,2025-06-10,completed,,credit_card
4591,1980,2025-06-10,completed,,credit_card
4592,2000,2025-06-10,completed,,promptpay
4593,2040,2025-06-10,completed,10,cod
4594,2041,2025-06-10,completed,,credit_card
4595,2069,2025-06-10,completed,10,promptpay
4596,2114,2025-06-10,completed,20,promptpay
4597,2165,2025-06-10,cancelled,10,cod
4598,2166,2025-06-10,completed,15,promptpay
4599,2185,2025-06-10,completed,,promptpay
4600,2188,2025-06-10,completed,,promptpay
4601,2200,2025-06-10,completed,,promptpay
4602,2205,2025-06-10,completed,,credit_card
4603,2208,2025-06-10,cancelled,5,credit_card
4604,2209,2025-06-10,completed,,promptpay
4605,2229,2025-06-10,completed,,credit_card
4606,2233,2025-06-10,completed,5,promptpay
4607,2261,2025-06-10,completed,10,promptpay
4608,829,2025-06-11,completed,,promptpay
4609,1312,2025-06-11,completed,15,bank_transfer
4610,1542,2025-06-11,completed,,promptpay
4611,2176,2025-06-11,cancelled,,promptpay
4612,2181,2025-06-11,completed,10,credit_card
4613,2207,2025-06-11,completed,,cod
4614,2249,2025-06-11,completed,,bank_transfer
4615,2257,2025-06-11,cancelled,,promptpay
4616,2264,2025-06-11,completed,,bank_transfer
4617,2318,2025-06-11,completed,,promptpay
4618,1408,2025-06-12,completed,,credit_card
4619,1566,2025-06-12,completed,,promptpay
4620,1780,2025-06-12,completed,10,credit_card
4621,1920,2025-06-12,completed,5,promptpay
4622,2055,2025-06-12,completed,,cod
4623,2110,2025-06-12,completed,,credit_card
4624,2171,2025-06-12,completed,,credit_card
4625,2197,2025-06-12,completed,5,promptpay
4626,2210,2025-06-12,completed,10,credit_card
4627,2215,2025-06-12,completed,5,cod
4628,2222,2025-06-12,completed,,promptpay
4629,2228,2025-06-12,completed,,promptpay
4630,2237,2025-06-12,cancelled,,credit_card
4631,2325,2025-06-12,completed,,bank_transfer
4632,2330,2025-06-12,completed,,cod
4633,2331,2025-06-12,cancelled,10,promptpay
4634,801,2025-06-13,completed,,promptpay
4635,882,2025-06-13,completed,10,credit_card
4636,940,2025-06-13,completed,,credit_card
4637,1362,2025-06-13,completed,,promptpay
4638,1969,2025-06-13,completed,,promptpay
4639,2122,2025-06-13,completed,,cod
4640,2130,2025-06-13,cancelled,,bank_transfer
4641,2194,2025-06-13,completed,10,cod
4642,2295,2025-06-13,completed,,credit_card
4643,2315,2025-06-13,completed,,cod
4644,2326,2025-06-13,completed,5,credit_card
4645,2352,2025-06-13,completed,,credit_card
4646,1516,2025-06-14,completed,,credit_card
4647,1767,2025-06-14,returned,,promptpay
4648,2083,2025-06-14,completed,,bank_transfer
4649,2089,2025-06-14,completed,10,promptpay
4650,2179,2025-06-14,completed,,credit_card
4651,2184,2025-06-14,completed,,credit_card
4652,2189,2025-06-14,completed,,credit_card
4653,2210,2025-06-14,completed,,credit_card
4654,2226,2025-06-14,cancelled,,promptpay
4655,2242,2025-06-14,completed,,promptpay
4656,2333,2025-06-14,completed,,credit_card
4657,2337,2025-06-14,completed,,promptpay
4658,2351,2025-06-14,completed,,promptpay
4659,2355,2025-06-14,completed,5,credit_card
4660,1572,2025-06-15,completed,,promptpay
4661,1687,2025-06-15,completed,,credit_card
4662,1843,2025-06-15,completed,,credit_card
4663,1949,2025-06-15,completed,,bank_transfer
4664,1970,2025-06-15,completed,,promptpay
4665,2036,2025-06-15,completed,,promptpay
4666,2082,2025-06-15,completed,,cod
4667,2177,2025-06-15,completed,5,promptpay
4668,2204,2025-06-15,completed,15,credit_card
4669,2213,2025-06-15,completed,15,credit_card
4670,2217,2025-06-15,completed,5,cod
4671,2244,2025-06-15,completed,,promptpay
4672,2246,2025-06-15,completed,,credit_card
4673,2263,2025-06-15,completed,5,promptpay
4674,2268,2025-06-15,completed,,cod
4675,2283,2025-06-15,completed,,promptpay
4676,2291,2025-06-15,completed,,promptpay
4677,2312,2025-06-15,cancelled,20,credit_card
4678,2314,2025-06-15,completed,,credit_card
4679,2354,2025-06-15,completed,,credit_card
4680,2366,2025-06-15,completed,,credit_card
4681,2193,2025-06-16,completed,10,credit_card
4682,2199,2025-06-16,completed,,promptpay
4683,2236,2025-06-16,cancelled,,promptpay
4684,2239,2025-06-16,completed,,credit_card
4685,2254,2025-06-16,completed,15,cod
4686,2296,2025-06-16,completed,,bank_transfer
4687,2321,2025-06-16,completed,15,promptpay
4688,2326,2025-06-16,returned,10,credit_card
4689,2335,2025-06-16,completed,10,promptpay
4690,2357,2025-06-16,completed,10,credit_card
4691,2374,2025-06-16,completed,,bank_transfer
4692,2394,2025-06-16,completed,,cod
4693,1225,2025-06-17,completed,,promptpay
4694,1300,2025-06-17,completed,5,promptpay
4695,1404,2025-06-17,completed,,credit_card
4696,1603,2025-06-17,completed,5,bank_transfer
4697,1636,2025-06-17,completed,,promptpay
4698,1905,2025-06-17,completed,,promptpay
4699,2143,2025-06-17,returned,,credit_card
4700,2220,2025-06-17,completed,5,credit_card
4701,2222,2025-06-17,completed,,promptpay
4702,2224,2025-06-17,completed,,cod
4703,2274,2025-06-17,cancelled,,bank_transfer
4704,2280,2025-06-17,completed,20,promptpay
4705,2300,2025-06-17,completed,,credit_card
4706,2309,2025-06-17,cancelled,,promptpay
4707,2322,2025-06-17,completed,5,promptpay
4708,2327,2025-06-17,completed,,promptpay
4709,2334,2025-06-17,completed,10,promptpay
4710,2341,2025-06-17,completed,,promptpay
4711,2392,2025-06-17,completed,,credit_card
4712,1626,2025-06-18,completed,,promptpay
4713,1637,2025-06-18,completed,,promptpay
4714,1894,2025-06-18,completed,10,promptpay
4715,1911,2025-06-18,cancelled,,credit_card
4716,2270,2025-06-18,completed,10,promptpay
4717,2276,2025-06-18,completed,,promptpay
4718,2304,2025-06-18,cancelled,,promptpay
4719,2313,2025-06-18,completed,,promptpay
4720,2340,2025-06-18,completed,,credit_card
4721,2350,2025-06-18,completed,10,promptpay
4722,2378,2025-06-18,completed,5,bank_transfer
4723,2386,2025-06-18,completed,,credit_card
4724,2407,2025-06-18,completed,,bank_transfer
4725,2424,2025-06-18,completed,,credit_card
4726,1250,2025-06-19,completed,,promptpay
4727,1439,2025-06-19,completed,,cod
4728,1534,2025-06-19,completed,,credit_card
4729,1553,2025-06-19,completed,,bank_transfer
4730,1662,2025-06-19,completed,,promptpay
4731,1906,2025-06-19,completed,,promptpay
4732,2209,2025-06-19,completed,20,credit_card
4733,2255,2025-06-19,cancelled,,credit_card
4734,2273,2025-06-19,completed,,promptpay
4735,2277,2025-06-19,completed,,credit_card
4736,2278,2025-06-19,returned,,credit_card
4737,2305,2025-06-19,completed,,bank_transfer
4738,2332,2025-06-19,completed,,credit_card
4739,2345,2025-06-19,completed,10,credit_card
4740,2347,2025-06-19,completed,,cod
4741,2349,2025-06-19,completed,,cod
4742,2360,2025-06-19,completed,,promptpay
4743,2372,2025-06-19,returned,,credit_card
4744,2410,2025-06-19,returned,10,credit_card
4745,2436,2025-06-19,completed,,bank_transfer
4746,1157,2025-06-20,returned,,cod
4747,1738,2025-06-20,completed,,credit_card
4748,2253,2025-06-20,completed,,promptpay
4749,2259,2025-06-20,completed,,credit_card
4750,2281,2025-06-20,completed,,promptpay
4751,2303,2025-06-20,completed,,credit_card
4752,2323,2025-06-20,cancelled,5,credit_card
4753,2343,2025-06-20,completed,5,bank_transfer
4754,2353,2025-06-20,completed,,promptpay
4755,2364,2025-06-20,completed,10,credit_card
4756,2370,2025-06-20,completed,,promptpay
4757,2379,2025-06-20,completed,,promptpay
4758,2391,2025-06-20,completed,10,promptpay
4759,2421,2025-06-20,completed,5,credit_card
4760,2434,2025-06-20,completed,15,credit_card
4761,2437,2025-06-20,completed,10,promptpay
4762,2459,2025-06-20,returned,,credit_card
4763,2462,2025-06-20,completed,,promptpay
4764,1404,2025-06-21,completed,,promptpay
4765,1769,2025-06-21,completed,,promptpay
4766,2286,2025-06-21,completed,,promptpay
4767,2293,2025-06-21,completed,,promptpay
4768,2299,2025-06-21,cancelled,,promptpay
4769,2301,2025-06-21,completed,,credit_card
4770,2313,2025-06-21,completed,,promptpay
4771,2329,2025-06-21,completed,,credit_card
4772,2338,2025-06-21,completed,,credit_card
4773,2342,2025-06-21,completed,,promptpay
4774,2344,2025-06-21,returned,,promptpay
4775,2401,2025-06-21,completed,5,credit_card
4776,2403,2025-06-21,completed,,promptpay
4777,2415,2025-06-21,completed,5,promptpay
4778,2420,2025-06-21,completed,,cod
4779,2425,2025-06-21,completed,,promptpay
4780,1725,2025-06-22,cancelled,10,promptpay
4781,1773,2025-06-22,completed,,credit_card
4782,1941,2025-06-22,completed,,credit_card
4783,2040,2025-06-22,cancelled,,credit_card
4784,2209,2025-06-22,completed,10,promptpay
4785,2287,2025-06-22,completed,,credit_card
4786,2298,2025-06-22,completed,,credit_card
4787,2346,2025-06-22,completed,,promptpay
4788,2376,2025-06-22,completed,,cod
4789,2377,2025-06-22,completed,,credit_card
4790,2383,2025-06-22,completed,5,promptpay
4791,2384,2025-06-22,completed,5,promptpay
4792,2389,2025-06-22,completed,15,credit_card
4793,2430,2025-06-22,completed,,bank_transfer
4794,2435,2025-06-22,completed,,cod
4795,2440,2025-06-22,completed,20,bank_transfer
4796,2449,2025-06-22,completed,,promptpay
4797,2452,2025-06-22,completed,,credit_card
4798,1932,2025-06-23,completed,,cod
4799,2117,2025-06-23,completed,,credit_card
4800,2126,2025-06-23,completed,,promptpay
4801,2150,2025-06-23,completed,5,bank_transfer
4802,2295,2025-06-23,completed,,promptpay
4803,2297,2025-06-23,completed,,promptpay
4804,2306,2025-06-23,completed,10,promptpay
4805,2310,2025-06-23,completed,5,credit_card
4806,2336,2025-06-23,completed,,promptpay
4807,2348,2025-06-23,completed,,credit_card
4808,2356,2025-06-23,completed,5,promptpay
4809,2362,2025-06-23,completed,,credit_card
4810,2393,2025-06-23,completed,5,credit_card
4811,2423,2025-06-23,completed,15,promptpay
4812,2430,2025-06-23,completed,,credit_card
4813,2454,2025-06-23,completed,,bank_transfer
4814,2505,2025-06-23,completed,,promptpay
4815,1312,2025-06-24,returned,,promptpay
4816,2317,2025-06-24,completed,,credit_card
4817,2320,2025-06-24,completed,5,promptpay
4818,2324,2025-06-24,completed,,promptpay
4819,2411,2025-06-24,completed,,promptpay
4820,2456,2025-06-24,completed,15,credit_card
4821,2492,2025-06-24,completed,,promptpay
4822,2498,2025-06-24,completed,5,promptpay
4823,1045,2025-06-25,completed,10,cod
4824,1543,2025-06-25,completed,,cod
4825,2110,2025-06-25,completed,5,credit_card
4826,2185,2025-06-25,completed,10,bank_transfer
4827,2197,2025-06-25,completed,5,credit_card
4828,2359,2025-06-25,completed,5,promptpay
4829,2369,2025-06-25,returned,10,credit_card
4830,2381,2025-06-25,completed,5,credit_card
4831,2398,2025-06-25,completed,15,promptpay
4832,2418,2025-06-25,completed,,promptpay
4833,2442,2025-06-25,completed,,promptpay
4834,2447,2025-06-25,completed,,bank_transfer
4835,2464,2025-06-25,completed,,credit_card
4836,2469,2025-06-25,returned,,bank_transfer
4837,2499,2025-06-25,completed,,promptpay
4838,2518,2025-06-25,returned,,cod
4839,2520,2025-06-25,completed,,credit_card
4840,2528,2025-06-25,completed,,credit_card
4841,2531,2025-06-25,completed,,credit_card
4842,2540,2025-06-25,returned,10,credit_card
4843,1637,2025-06-26,completed,,credit_card
4844,1675,2025-06-26,completed,,promptpay
4845,1834,2025-06-26,completed,,promptpay
4846,1899,2025-06-26,completed,,cod
4847,2142,2025-06-26,completed,,promptpay
4848,2183,2025-06-26,completed,,credit_card
4849,2382,2025-06-26,completed,,promptpay
4850,2397,2025-06-26,returned,,promptpay
4851,2439,2025-06-26,completed,,promptpay
4852,2450,2025-06-26,completed,,credit_card
4853,2463,2025-06-26,completed,,bank_transfer
4854,2465,2025-06-26,completed,,credit_card
4855,2481,2025-06-26,completed,,credit_card
4856,2495,2025-06-26,completed,,cod
4857,2501,2025-06-26,completed,,promptpay
4858,2506,2025-06-26,completed,,bank_transfer
4859,2519,2025-06-26,completed,,promptpay
4860,2541,2025-06-26,completed,10,promptpay
4861,1232,2025-06-27,completed,,promptpay
4862,1886,2025-06-27,cancelled,5,bank_transfer
4863,1969,2025-06-27,cancelled,5,promptpay
4864,2046,2025-06-27,completed,10,credit_card
4865,2132,2025-06-27,completed,,credit_card
4866,2173,2025-06-27,completed,,credit_card
4867,2207,2025-06-27,completed,,promptpay
4868,2219,2025-06-27,completed,,promptpay
4869,2373,2025-06-27,completed,,credit_card
4870,2428,2025-06-27,completed,,promptpay
4871,2485,2025-06-27,completed,,bank_transfer
4872,2507,2025-06-27,completed,,credit_card
4873,2514,2025-06-27,completed,,promptpay
4874,2544,2025-06-27,completed,,promptpay
4875,2566,2025-06-27,completed,15,cod
4876,2569,2025-06-27,completed,10,credit_card
4877,2570,2025-06-27,completed,,promptpay
4878,570,2025-06-28,completed,,promptpay
4879,1679,2025-06-28,completed,,cod
4880,1914,2025-06-28,completed,,credit_card
4881,2138,2025-06-28,completed,,credit_card
4882,2361,2025-06-28,completed,10,promptpay
4883,2363,2025-06-28,returned,,promptpay
4884,2390,2025-06-28,completed,5,credit_card
4885,2395,2025-06-28,completed,,credit_card
4886,2414,2025-06-28,completed,,cod
4887,2416,2025-06-28,cancelled,,promptpay
4888,2427,2025-06-28,completed,,credit_card
4889,2438,2025-06-28,completed,,credit_card
4890,2444,2025-06-28,cancelled,5,credit_card
4891,2448,2025-06-28,cancelled,,cod
4892,2480,2025-06-28,completed,,bank_transfer
4893,2484,2025-06-28,completed,,promptpay
4894,2497,2025-06-28,completed,,credit_card
4895,2530,2025-06-28,returned,,promptpay
4896,2554,2025-06-28,completed,,promptpay
4897,2580,2025-06-28,completed,,credit_card
4898,2586,2025-06-28,completed,10,credit_card
4899,351,2025-06-29,completed,5,credit_card
4900,945,2025-06-29,completed,5,credit_card
4901,1228,2025-06-29,completed,,promptpay
4902,1649,2025-06-29,completed,,cod
4903,1738,2025-06-29,completed,15,promptpay
4904,1744,2025-06-29,completed,10,credit_card
4905,2137,2025-06-29,completed,,promptpay
4906,2371,2025-06-29,completed,,promptpay
4907,2380,2025-06-29,completed,,cod
4908,2399,2025-06-29,completed,5,credit_card
4909,2400,2025-06-29,completed,,credit_card
4910,2404,2025-06-29,completed,,cod
4911,2476,2025-06-29,cancelled,,promptpay
4912,2490,2025-06-29,completed,,promptpay
4913,2502,2025-06-29,completed,5,cod
4914,2504,2025-06-29,completed,,bank_transfer
4915,2513,2025-06-29,completed,,cod
4916,2521,2025-06-29,completed,15,promptpay
4917,2535,2025-06-29,completed,5,promptpay
4918,1262,2025-06-30,completed,,promptpay
4919,1545,2025-06-30,completed,,promptpay
4920,1906,2025-06-30,returned,,bank_transfer
4921,1941,2025-06-30,completed,10,credit_card
4922,1948,2025-06-30,completed,,credit_card
4923,2037,2025-06-30,completed,,promptpay
4924,2116,2025-06-30,completed,,promptpay
4925,2385,2025-06-30,completed,,credit_card
4926,2388,2025-06-30,completed,,credit_card
4927,2405,2025-06-30,completed,,credit_card
4928,2413,2025-06-30,returned,,cod
4929,2419,2025-06-30,completed,20,promptpay
4930,2441,2025-06-30,completed,,promptpay
4931,2453,2025-06-30,completed,,bank_transfer
4932,2455,2025-06-30,completed,,cod
4933,2488,2025-06-30,completed,10,cod
4934,2512,2025-06-30,completed,5,credit_card
4935,2524,2025-06-30,completed,,promptpay
4936,2543,2025-06-30,completed,15,credit_card
4937,2562,2025-06-30,completed,,promptpay
4938,1470,2025-07-01,completed,,credit_card
4939,1820,2025-07-01,completed,15,credit_card
4940,1906,2025-07-01,returned,,credit_card
4941,2221,2025-07-01,completed,,promptpay
4942,2303,2025-07-01,completed,,credit_card
4943,2340,2025-07-01,completed,15,credit_card
4944,2357,2025-07-01,completed,10,promptpay
4945,2388,2025-07-01,completed,5,promptpay
4946,2406,2025-07-01,completed,,credit_card
4947,2457,2025-07-01,completed,,cod
4948,2460,2025-07-01,completed,,credit_card
4949,2470,2025-07-01,completed,,credit_card
4950,2523,2025-07-01,completed,,promptpay
4951,2539,2025-07-01,completed,,promptpay
4952,2542,2025-07-01,completed,15,promptpay
4953,2564,2025-07-01,completed,10,cod
4954,1553,2025-07-02,completed,,promptpay
4955,1769,2025-07-02,completed,,credit_card
4956,2160,2025-07-02,completed,,bank_transfer
4957,2432,2025-07-02,completed,,credit_card
4958,2433,2025-07-02,completed,,promptpay
4959,2451,2025-07-02,completed,,cod
4960,2491,2025-07-02,completed,,promptpay
4961,2493,2025-07-02,completed,15,promptpay
4962,2516,2025-07-02,completed,,promptpay
4963,2525,2025-07-02,completed,,credit_card
4964,2552,2025-07-02,completed,,credit_card
4965,2607,2025-07-02,completed,,credit_card
4966,1590,2025-07-03,completed,,credit_card
4967,1920,2025-07-03,completed,,credit_card
4968,1969,2025-07-03,completed,,credit_card
4969,2137,2025-07-03,cancelled,,credit_card
4970,2138,2025-07-03,cancelled,10,promptpay
4971,2370,2025-07-03,completed,,cod
4972,2446,2025-07-03,completed,,credit_card
4973,2477,2025-07-03,completed,,promptpay
4974,2479,2025-07-03,completed,,promptpay
4975,2482,2025-07-03,cancelled,5,bank_transfer
4976,2527,2025-07-03,returned,15,cod
4977,2534,2025-07-03,completed,5,credit_card
4978,2536,2025-07-03,completed,,promptpay
4979,2567,2025-07-03,completed,,bank_transfer
4980,2582,2025-07-03,cancelled,,credit_card
4981,2585,2025-07-03,completed,,promptpay
4982,2589,2025-07-03,completed,5,promptpay
4983,2595,2025-07-03,completed,20,promptpay
4984,2613,2025-07-03,completed,10,promptpay
4985,1738,2025-07-04,completed,,credit_card
4986,1834,2025-07-04,completed,,credit_card
4987,2329,2025-07-04,completed,,credit_card
4988,2461,2025-07-04,completed,,cod
4989,2471,2025-07-04,completed,,cod
4990,2494,2025-07-04,completed,,credit_card
4991,2509,2025-07-04,completed,,cod
4992,2511,2025-07-04,completed,,credit_card
4993,2515,2025-07-04,completed,10,cod
4994,2532,2025-07-04,completed,,promptpay
4995,2537,2025-07-04,completed,,cod
4996,2538,2025-07-04,completed,,credit_card
4997,2553,2025-07-04,completed,,cod
4998,2574,2025-07-04,completed,,credit_card
4999,2600,2025-07-04,completed,,promptpay
5000,2621,2025-07-04,completed,,cod
5001,1774,2025-07-05,completed,,credit_card
5002,2333,2025-07-05,completed,5,credit_card
5003,2466,2025-07-05,completed,10,bank_transfer
5004,2469,2025-07-05,completed,,credit_card
5005,2478,2025-07-05,completed,,promptpay
5006,2493,2025-07-05,completed,5,promptpay
5007,2508,2025-07-05,returned,,bank_transfer
5008,2510,2025-07-05,completed,,promptpay
5009,2529,2025-07-05,completed,,credit_card
5010,2545,2025-07-05,completed,5,promptpay
5011,2549,2025-07-05,completed,,credit_card
5012,2557,2025-07-05,completed,,promptpay
5013,2632,2025-07-05,returned,,promptpay
5014,1530,2025-07-06,completed,,promptpay
5015,1843,2025-07-06,completed,,cod
5016,1917,2025-07-06,completed,,credit_card
5017,2142,2025-07-06,completed,10,cod
5018,2206,2025-07-06,completed,5,credit_card
5019,2300,2025-07-06,completed,,credit_card
5020,2487,2025-07-06,completed,,promptpay
5021,2503,2025-07-06,completed,,credit_card
5022,2548,2025-07-06,completed,10,promptpay
5023,2550,2025-07-06,completed,,credit_card
5024,2554,2025-07-06,completed,,cod
5025,2575,2025-07-06,completed,,cod
5026,2579,2025-07-06,completed,,credit_card
5027,2596,2025-07-06,cancelled,5,promptpay
5028,2612,2025-07-06,completed,10,cod
5029,2628,2025-07-06,completed,,cod
5030,2634,2025-07-06,completed,10,cod
5031,2636,2025-07-06,completed,,bank_transfer
5032,675,2025-07-07,completed,,promptpay
5033,1707,2025-07-07,completed,,credit_card
5034,1878,2025-07-07,completed,,promptpay
5035,2056,2025-07-07,completed,,credit_card
5036,2083,2025-07-07,completed,5,cod
5037,2117,2025-07-07,completed,5,credit_card
5038,2124,2025-07-07,completed,,promptpay
5039,2183,2025-07-07,completed,10,promptpay
5040,2224,2025-07-07,completed,,promptpay
5041,2329,2025-07-07,completed,,promptpay
5042,2506,2025-07-07,completed,5,cod
5043,2522,2025-07-07,completed,,promptpay
5044,2552,2025-07-07,completed,,promptpay
5045,2563,2025-07-07,completed,,promptpay
5046,2565,2025-07-07,completed,5,cod
5047,2568,2025-07-07,completed,,promptpay
5048,2572,2025-07-07,completed,,promptpay
5049,2593,2025-07-07,completed,10,credit_card
5050,2605,2025-07-07,completed,10,promptpay
5051,2611,2025-07-07,completed,,bank_transfer
5052,2624,2025-07-07,completed,,promptpay
5053,678,2025-07-08,completed,,credit_card
5054,1240,2025-07-08,completed,,bank_transfer
5055,1618,2025-07-08,completed,,promptpay
5056,1808,2025-07-08,completed,,credit_card
5057,1926,2025-07-08,completed,,promptpay
5058,2533,2025-07-08,completed,20,promptpay
5059,2547,2025-07-08,completed,,bank_transfer
5060,2551,2025-07-08,completed,,promptpay
5061,2555,2025-07-08,completed,10,credit_card
5062,2561,2025-07-08,completed,,credit_card
5063,2616,2025-07-08,completed,,credit_card
5064,2635,2025-07-08,completed,,credit_card
5065,1862,2025-07-09,completed,,promptpay
5066,1961,2025-07-09,completed,,promptpay
5067,2222,2025-07-09,completed,,promptpay
5068,2283,2025-07-09,completed,15,cod
5069,2544,2025-07-09,cancelled,,cod
5070,2565,2025-07-09,completed,,bank_transfer
5071,2583,2025-07-09,completed,,credit_card
5072,2604,2025-07-09,completed,,promptpay
5073,2614,2025-07-09,completed,,credit_card
5074,2619,2025-07-09,completed,,promptpay
5075,2643,2025-07-09,cancelled,10,promptpay
5076,1378,2025-07-10,completed,,credit_card
5077,1428,2025-07-10,completed,,cod
5078,1800,2025-07-10,returned,5,promptpay
5079,1890,2025-07-10,returned,5,promptpay
5080,1991,2025-07-10,completed,10,promptpay
5081,2000,2025-07-10,completed,,promptpay
5082,2254,2025-07-10,returned,20,credit_card
5083,2400,2025-07-10,completed,5,credit_card
5084,2506,2025-07-10,completed,5,promptpay
5085,2546,2025-07-10,completed,,credit_card
5086,2572,2025-07-10,completed,10,credit_card
5087,2587,2025-07-10,completed,,promptpay
5088,2588,2025-07-10,returned,,cod
5089,2592,2025-07-10,completed,,promptpay
5090,2603,2025-07-10,completed,10,credit_card
5091,2615,2025-07-10,completed,10,credit_card
5092,2637,2025-07-10,completed,,credit_card
5093,2651,2025-07-10,completed,,cod
5094,1542,2025-07-11,completed,,bank_transfer
5095,1545,2025-07-11,completed,5,credit_card
5096,2179,2025-07-11,completed,,credit_card
5097,2194,2025-07-11,completed,10,credit_card
5098,2277,2025-07-11,completed,,credit_card
5099,2556,2025-07-11,completed,,credit_card
5100,2560,2025-07-11,completed,,credit_card
5101,2619,2025-07-11,completed,5,promptpay
5102,2628,2025-07-11,returned,,cod
5103,2639,2025-07-11,completed,,credit_card
5104,2640,2025-07-11,completed,,credit_card
5105,2644,2025-07-11,completed,15,credit_card
5106,2645,2025-07-11,completed,,promptpay
5107,1710,2025-07-12,completed,,credit_card
5108,1755,2025-07-12,completed,20,credit_card
5109,1797,2025-07-12,completed,,credit_card
5110,1830,2025-07-12,completed,,promptpay
5111,2087,2025-07-12,completed,,promptpay
5112,2104,2025-07-12,completed,,promptpay
5113,2416,2025-07-12,completed,,credit_card
5114,2572,2025-07-12,completed,,credit_card
5115,2573,2025-07-12,completed,,bank_transfer
5116,2601,2025-07-12,completed,,credit_card
5117,1939,2025-07-13,completed,10,credit_card
5118,2225,2025-07-13,completed,,promptpay
5119,2454,2025-07-13,completed,,promptpay
5120,2531,2025-07-13,completed,20,promptpay
5121,2609,2025-07-13,completed,,promptpay
5122,2622,2025-07-13,completed,,cod
5123,2627,2025-07-13,completed,,credit_card
5124,2653,2025-07-13,completed,10,credit_card
5125,1538,2025-07-14,completed,,cod
5126,1895,2025-07-14,completed,,promptpay
5127,2137,2025-07-14,completed,5,promptpay
5128,2335,2025-07-14,completed,5,credit_card
5129,2495,2025-07-14,completed,15,bank_transfer
5130,2518,2025-07-14,completed,,cod
5131,2602,2025-07-14,completed,5,credit_card
5132,2606,2025-07-14,completed,5,cod
5133,2620,2025-07-14,completed,20,promptpay
5134,2642,2025-07-14,returned,5,credit_card
5135,1014,2025-07-15,completed,10,cod
5136,1839,2025-07-15,completed,,credit_card
5137,2150,2025-07-15,completed,10,bank_transfer
5138,2421,2025-07-15,completed,,cod
5139,2620,2025-07-15,completed,,promptpay
5140,2637,2025-07-15,completed,10,cod
5141,2656,2025-07-15,completed,20,promptpay
5142,1722,2025-07-16,completed,,promptpay
5143,1832,2025-07-16,completed,,credit_card
5144,2055,2025-07-16,completed,,credit_card
5145,2067,2025-07-16,completed,5,promptpay
5146,2137,2025-07-16,completed,,cod
5147,2206,2025-07-16,completed,,promptpay
5148,2630,2025-07-16,completed,,promptpay
5149,2663,2025-07-16,completed,,cod
5150,245,2025-07-17,completed,,bank_transfer
5151,1405,2025-07-17,cancelled,,cod
5152,2049,2025-07-17,completed,,bank_transfer
5153,2371,2025-07-17,completed,,cod
5154,2629,2025-07-17,completed,,promptpay
5155,2652,2025-07-17,completed,,promptpay
5156,2664,2025-07-17,completed,,promptpay
5157,2671,2025-07-17,completed,,credit_card
5158,2673,2025-07-17,completed,,promptpay
5159,1405,2025-07-18,completed,5,credit_card
5160,1964,2025-07-18,completed,15,credit_card
5161,2345,2025-07-18,completed,,credit_card
5162,2623,2025-07-18,cancelled,20,cod
5163,2650,2025-07-18,completed,,promptpay
5164,2660,2025-07-18,completed,20,promptpay
5165,2681,2025-07-18,completed,20,promptpay
5166,2685,2025-07-18,completed,,cod
5167,2686,2025-07-18,completed,5,promptpay
5168,1250,2025-07-19,completed,,cod
5169,1513,2025-07-19,completed,,credit_card
5170,1662,2025-07-19,completed,,cod
5171,1971,2025-07-19,completed,,promptpay
5172,2639,2025-07-19,completed,,bank_transfer
5173,2646,2025-07-19,completed,,credit_card
5174,2659,2025-07-19,completed,,cod
5175,2666,2025-07-19,completed,,cod
5176,2670,2025-07-19,completed,20,bank_transfer
5177,2679,2025-07-19,completed,,promptpay
5178,1061,2025-07-20,completed,,cod
5179,1408,2025-07-20,completed,,bank_transfer
5180,1773,2025-07-20,completed,,promptpay
5181,1914,2025-07-20,completed,,credit_card
5182,2485,2025-07-20,completed,,credit_card
5183,2508,2025-07-20,completed,15,credit_card
5184,2573,2025-07-20,completed,,credit_card
5185,2640,2025-07-20,cancelled,,credit_card
5186,2643,2025-07-20,completed,,cod
5187,2691,2025-07-20,completed,15,promptpay
5188,570,2025-07-21,completed,,credit_card
5189,1886,2025-07-21,completed,,promptpay
5190,1906,2025-07-21,completed,,promptpay
5191,1961,2025-07-21,completed,10,credit_card
5192,2160,2025-07-21,completed,5,promptpay
5193,2370,2025-07-21,completed,10,credit_card
5194,2379,2025-07-21,completed,5,promptpay
5195,2654,2025-07-21,returned,15,promptpay
5196,1992,2025-07-22,completed,,credit_card
5197,2126,2025-07-22,completed,,bank_transfer
5198,2622,2025-07-22,completed,15,bank_transfer
5199,2665,2025-07-22,completed,,promptpay
5200,2669,2025-07-22,completed,,promptpay
5201,1564,2025-07-23,completed,,cod
5202,1736,2025-07-23,completed,,cod
5203,2453,2025-07-23,completed,,bank_transfer
5204,2672,2025-07-23,completed,,bank_transfer
5205,2692,2025-07-23,completed,,promptpay
5206,1741,2025-07-24,completed,,promptpay
5207,2131,2025-07-24,completed,,credit_card
5208,2160,2025-07-24,completed,,bank_transfer
5209,2539,2025-07-24,completed,,credit_card
5210,2658,2025-07-24,completed,,credit_card
5211,2669,2025-07-24,completed,5,promptpay
5212,2676,2025-07-24,completed,,promptpay
5213,2683,2025-07-24,completed,5,promptpay
5214,2704,2025-07-24,completed,,cod
5215,1902,2025-07-25,completed,,bank_transfer
5216,2667,2025-07-25,returned,,cod
5217,2674,2025-07-25,completed,,promptpay
5218,2684,2025-07-25,completed,,credit_card
5219,2694,2025-07-25,completed,,credit_card
5220,2706,2025-07-25,completed,10,promptpay
5221,1710,2025-07-26,completed,,promptpay
5222,1824,2025-07-26,completed,,promptpay
5223,1834,2025-07-26,completed,10,promptpay
5224,1899,2025-07-26,completed,,credit_card
5225,2214,2025-07-26,completed,,promptpay
5226,2350,2025-07-26,completed,,promptpay
5227,2379,2025-07-26,completed,,credit_card
5228,2657,2025-07-26,completed,,promptpay
5229,2662,2025-07-26,completed,,bank_transfer
5230,2675,2025-07-26,completed,,promptpay
5231,2690,2025-07-26,completed,,cod
5232,2699,2025-07-26,completed,,promptpay
5233,2700,2025-07-26,completed,,credit_card
5234,1913,2025-07-27,completed,5,credit_card
5235,1914,2025-07-27,completed,5,credit_card
5236,1917,2025-07-27,completed,,credit_card
5237,2179,2025-07-27,completed,,cod
5238,2341,2025-07-27,completed,,promptpay
5239,2525,2025-07-27,completed,,promptpay
5240,2678,2025-07-27,completed,,credit_card
5241,2696,2025-07-27,completed,15,cod
5242,2698,2025-07-27,completed,,promptpay
5243,2604,2025-07-28,completed,,promptpay
5244,2677,2025-07-28,completed,,promptpay
5245,2680,2025-07-28,cancelled,,credit_card
5246,2687,2025-07-28,completed,,promptpay
5247,882,2025-07-29,completed,,credit_card
5248,1794,2025-07-29,completed,,promptpay
5249,2008,2025-07-29,completed,,promptpay
5250,2142,2025-07-29,completed,,promptpay
5251,2644,2025-07-29,completed,15,promptpay
5252,2668,2025-07-29,cancelled,15,credit_card
5253,2673,2025-07-29,completed,,credit_card
5254,2716,2025-07-29,completed,,cod
5255,2725,2025-07-29,returned,20,credit_card
5256,1649,2025-07-30,completed,,promptpay
5257,2040,2025-07-30,completed,10,credit_card
5258,2080,2025-07-30,completed,,promptpay
5259,2122,2025-07-30,returned,10,cod
5260,2165,2025-07-30,completed,,credit_card
5261,2637,2025-07-30,completed,10,bank_transfer
5262,2688,2025-07-30,completed,,bank_transfer
5263,2697,2025-07-30,completed,,bank_transfer
5264,2726,2025-07-30,cancelled,20,promptpay
5265,1859,2025-07-31,completed,,credit_card
5266,1905,2025-07-31,completed,,promptpay
5267,1946,2025-07-31,completed,10,promptpay
5268,2133,2025-07-31,completed,,promptpay
5269,2498,2025-07-31,completed,,credit_card
5270,2669,2025-07-31,completed,,promptpay
5271,2679,2025-07-31,completed,,promptpay
5272,2682,2025-07-31,completed,10,credit_card
5273,2695,2025-07-31,completed,10,credit_card
5274,2706,2025-07-31,completed,,credit_card
5275,2712,2025-07-31,completed,20,credit_card
5276,2727,2025-07-31,completed,,bank_transfer
5277,1056,2025-08-01,returned,10,promptpay
5278,1439,2025-08-01,cancelled,,promptpay
5279,1521,2025-08-01,returned,,credit_card
5280,1543,2025-08-01,cancelled,,credit_card
5281,1703,2025-08-01,cancelled,,cod
5282,1948,2025-08-01,cancelled,,credit_card
5283,2615,2025-08-01,cancelled,,cod
5284,2689,2025-08-01,completed,,credit_card
5285,2729,2025-08-01,completed,,credit_card
5286,1299,2025-08-02,completed,,promptpay
5287,1549,2025-08-02,completed,,promptpay
5288,1805,2025-08-02,completed,,credit_card
5289,1917,2025-08-02,completed,15,promptpay
5290,2041,2025-08-02,completed,,promptpay
5291,2643,2025-08-02,completed,,credit_card
5292,2653,2025-08-02,completed,,promptpay
5293,2701,2025-08-02,completed,20,credit_card
5294,2718,2025-08-02,completed,,promptpay
5295,2733,2025-08-02,completed,,promptpay
5296,1850,2025-08-03,completed,,promptpay
5297,1945,2025-08-03,completed,,cod
5298,1964,2025-08-03,cancelled,5,promptpay
5299,1975,2025-08-03,completed,,credit_card
5300,2708,2025-08-03,completed,,promptpay
5301,2742,2025-08-03,completed,,cod
5302,1694,2025-08-04,completed,,promptpay
5303,2049,2025-08-04,completed,5,promptpay
5304,2081,2025-08-04,completed,20,credit_card
5305,2620,2025-08-04,completed,5,credit_card
5306,2654,2025-08-04,completed,,credit_card
5307,2684,2025-08-04,completed,,promptpay
5308,2731,2025-08-04,cancelled,,credit_card
5309,2732,2025-08-04,completed,,cod
5310,2370,2025-08-05,completed,,credit_card
5311,2669,2025-08-05,completed,10,credit_card
5312,2703,2025-08-05,completed,20,credit_card
5313,2718,2025-08-05,completed,5,promptpay
5314,2722,2025-08-05,completed,10,bank_transfer
5315,2745,2025-08-05,completed,10,credit_card
5316,1899,2025-08-06,completed,,credit_card
5317,1933,2025-08-06,completed,,promptpay
5318,2099,2025-08-06,completed,5,credit_card
5319,2122,2025-08-06,completed,15,cod
5320,2719,2025-08-06,completed,,credit_card
5321,2753,2025-08-06,completed,,promptpay
5322,245,2025-08-07,completed,,cod
5323,1628,2025-08-07,completed,5,cod
5324,1736,2025-08-07,completed,,bank_transfer
5325,1913,2025-08-07,completed,15,promptpay
5326,1939,2025-08-07,completed,,cod
5327,1955,2025-08-07,completed,10,promptpay
5328,1975,2025-08-07,completed,,credit_card
5329,2102,2025-08-07,completed,,promptpay
5330,2614,2025-08-07,completed,,credit_card
5331,2707,2025-08-07,completed,,cod
5332,2714,2025-08-07,completed,5,promptpay
5333,2718,2025-08-07,completed,20,promptpay
5334,2748,2025-08-07,completed,,cod
5335,2755,2025-08-07,completed,,promptpay
5336,1760,2025-08-08,returned,,credit_card
5337,1808,2025-08-08,completed,5,credit_card
5338,2147,2025-08-08,completed,5,promptpay
5339,2166,2025-08-08,completed,5,cod
5340,2710,2025-08-08,completed,,bank_transfer
5341,2713,2025-08-08,completed,,cod
5342,2715,2025-08-08,completed,,promptpay
5343,2723,2025-08-08,completed,,promptpay
5344,2727,2025-08-08,returned,,promptpay
5345,2748,2025-08-08,completed,,promptpay
5346,2752,2025-08-08,completed,,promptpay
5347,1792,2025-08-09,completed,,bank_transfer
5348,1938,2025-08-09,returned,5,promptpay
5349,2404,2025-08-09,completed,,credit_card
5350,2711,2025-08-09,completed,,bank_transfer
5351,2721,2025-08-09,completed,,cod
5352,2761,2025-08-09,completed,,promptpay
5353,2766,2025-08-09,completed,,promptpay
5354,1521,2025-08-10,completed,,promptpay
5355,1945,2025-08-10,completed,,credit_card
5356,2385,2025-08-10,completed,,promptpay
5357,2652,2025-08-10,returned,10,promptpay
5358,2680,2025-08-10,completed,,promptpay
5359,2730,2025-08-10,completed,,promptpay
5360,2760,2025-08-10,completed,,bank_transfer
5361,2022,2025-08-11,returned,,cod
5362,2040,2025-08-11,completed,,cod
5363,2072,2025-08-11,cancelled,15,credit_card
5364,2112,2025-08-11,completed,10,promptpay
5365,2224,2025-08-11,completed,,promptpay
5366,2627,2025-08-11,completed,,bank_transfer
5367,2639,2025-08-11,completed,,promptpay
5368,2666,2025-08-11,completed,,promptpay
5369,2717,2025-08-11,completed,,promptpay
5370,2724,2025-08-11,completed,,promptpay
5371,2728,2025-08-11,completed,,credit_card
5372,2738,2025-08-11,cancelled,5,promptpay
5373,873,2025-08-12,completed,,promptpay
5374,2143,2025-08-12,completed,,credit_card
5375,2734,2025-08-12,completed,,credit_card
5376,2737,2025-08-12,completed,,promptpay
5377,2740,2025-08-12,completed,,cod
5378,1602,2025-08-13,completed,15,promptpay
5379,1612,2025-08-13,completed,,credit_card
5380,1803,2025-08-13,completed,,credit_card
5381,1878,2025-08-13,completed,,cod
5382,1895,2025-08-13,completed,20,cod
5383,2688,2025-08-13,completed,,credit_card
5384,2749,2025-08-13,completed,,credit_card
5385,2754,2025-08-13,completed,,credit_card
5386,2757,2025-08-13,completed,,credit_card
5387,2776,2025-08-13,completed,,promptpay
5388,2779,2025-08-13,completed,,credit_card
5389,570,2025-08-14,completed,5,promptpay
5390,1157,2025-08-14,completed,,credit_card
5391,1387,2025-08-14,completed,,promptpay
5392,1902,2025-08-14,completed,,promptpay
5393,2122,2025-08-14,completed,,credit_card
5394,2130,2025-08-14,cancelled,,credit_card
5395,2746,2025-08-14,completed,10,bank_transfer
5396,2764,2025-08-14,completed,,credit_card
5397,2786,2025-08-14,completed,,promptpay
5398,2225,2025-08-15,completed,5,promptpay
5399,2357,2025-08-15,completed,,credit_card
5400,2736,2025-08-15,completed,15,bank_transfer
5401,2739,2025-08-15,completed,,credit_card
5402,2743,2025-08-15,completed,,promptpay
5403,2751,2025-08-15,completed,,promptpay
5404,2777,2025-08-15,completed,,credit_card
5405,2785,2025-08-15,completed,,promptpay
5406,1266,2025-08-16,completed,10,credit_card
5407,1736,2025-08-16,completed,10,bank_transfer
5408,1820,2025-08-16,completed,,credit_card
5409,1939,2025-08-16,completed,5,promptpay
5410,2080,2025-08-16,completed,,credit_card
5411,2481,2025-08-16,completed,,credit_card
5412,2676,2025-08-16,completed,,promptpay
5413,2735,2025-08-16,completed,,credit_card
5414,2744,2025-08-16,completed,5,promptpay
5415,2747,2025-08-16,completed,20,promptpay
5416,2773,2025-08-16,completed,20,promptpay
5417,2781,2025-08-16,completed,5,credit_card
5418,2782,2025-08-16,completed,5,credit_card
5419,2792,2025-08-16,completed,,promptpay
5420,2802,2025-08-16,completed,,cod
5421,2805,2025-08-16,cancelled,,promptpay
5422,1069,2025-08-17,completed,10,cod
5423,1225,2025-08-17,cancelled,,credit_card
5424,1521,2025-08-17,completed,,cod
5425,2042,2025-08-17,returned,15,promptpay
5426,1572,2025-08-18,completed,,credit_card
5427,2063,2025-08-18,completed,,credit_card
5428,2067,2025-08-18,completed,,promptpay
5429,2115,2025-08-18,completed,,promptpay
5430,2756,2025-08-18,completed,20,credit_card
5431,2762,2025-08-18,completed,10,credit_card
5432,2763,2025-08-18,completed,,credit_card
5433,2768,2025-08-18,completed,,promptpay
5434,2782,2025-08-18,completed,,promptpay
5435,2788,2025-08-18,completed,,credit_card
5436,2796,2025-08-18,completed,5,credit_card
5437,2800,2025-08-18,completed,,credit_card
5438,2802,2025-08-18,completed,10,promptpay
5439,2807,2025-08-18,completed,,cod
5440,2814,2025-08-18,completed,,cod
5441,1056,2025-08-19,returned,,cod
5442,1647,2025-08-19,returned,,cod
5443,2130,2025-08-19,completed,10,cod
5444,2614,2025-08-19,completed,5,bank_transfer
5445,2796,2025-08-19,completed,10,credit_card
5446,2812,2025-08-19,cancelled,,credit_card
5447,882,2025-08-20,cancelled,15,bank_transfer
5448,1859,2025-08-20,completed,,promptpay
5449,2030,2025-08-20,completed,,credit_card
5450,2124,2025-08-20,completed,5,bank_transfer
5451,2554,2025-08-20,completed,5,cod
5452,2706,2025-08-20,completed,,credit_card
5453,2772,2025-08-20,completed,,credit_card
5454,2778,2025-08-20,completed,5,promptpay
5455,2790,2025-08-20,completed,,bank_transfer
5456,1647,2025-08-21,completed,,credit_card
5457,1933,2025-08-21,completed,,promptpay
5458,2606,2025-08-21,completed,10,credit_card
5459,2723,2025-08-21,completed,,promptpay
5460,2759,2025-08-21,completed,,credit_card
5461,2769,2025-08-21,completed,10,promptpay
5462,2789,2025-08-21,returned,,credit_card
5463,2825,2025-08-21,completed,,promptpay
5464,1408,2025-08-22,completed,5,credit_card
5465,1971,2025-08-22,completed,15,credit_card
5466,2082,2025-08-22,completed,,cod
5467,2322,2025-08-22,completed,,credit_card
5468,2386,2025-08-22,cancelled,5,credit_card
5469,2712,2025-08-22,completed,,credit_card
5470,2715,2025-08-22,completed,5,cod
5471,2732,2025-08-22,completed,,cod
5472,2765,2025-08-22,completed,,bank_transfer
5473,2768,2025-08-22,completed,10,credit_card
5474,2780,2025-08-22,completed,,promptpay
5475,2783,2025-08-22,completed,,credit_card
5476,2810,2025-08-22,completed,,bank_transfer
5477,2835,2025-08-22,completed,,credit_card
5478,2837,2025-08-22,completed,,bank_transfer
5479,882,2025-08-23,completed,,credit_card
5480,1534,2025-08-23,completed,,credit_card
5481,2000,2025-08-23,cancelled,,bank_transfer
5482,2042,2025-08-23,returned,,promptpay
5483,2159,2025-08-23,completed,,cod
5484,2165,2025-08-23,completed,,promptpay
5485,2726,2025-08-23,completed,10,credit_card
5486,2774,2025-08-23,completed,,credit_card
5487,2793,2025-08-23,completed,,cod
5488,2808,2025-08-23,completed,,promptpay
5489,2821,2025-08-23,completed,,promptpay
5490,2021,2025-08-24,completed,,credit_card
5491,2126,2025-08-24,completed,,promptpay
5492,2159,2025-08-24,completed,,credit_card
5493,2197,2025-08-24,returned,,promptpay
5494,2770,2025-08-24,completed,,promptpay
5495,2775,2025-08-24,completed,,credit_card
5496,2784,2025-08-24,completed,,promptpay
5497,2822,2025-08-24,completed,5,cod
5498,2827,2025-08-24,completed,,promptpay
5499,2844,2025-08-24,completed,,cod
5500,884,2025-08-25,completed,10,credit_card
5501,1902,2025-08-25,completed,,credit_card
5502,2185,2025-08-25,completed,20,promptpay
5503,2356,2025-08-25,completed,5,promptpay
5504,2771,2025-08-25,completed,,promptpay
5505,2806,2025-08-25,completed,5,cod
5506,2809,2025-08-25,completed,5,promptpay
5507,2838,2025-08-25,completed,15,promptpay
5508,2842,2025-08-25,completed,,promptpay
5509,2843,2025-08-25,completed,,credit_card
5510,2854,2025-08-25,completed,,promptpay
5511,1250,2025-08-26,completed,20,promptpay
5512,2150,2025-08-26,completed,15,credit_card
5513,2317,2025-08-26,completed,15,credit_card
5514,2488,2025-08-26,completed,20,promptpay
5515,2620,2025-08-26,completed,,promptpay
5516,2662,2025-08-26,completed,,credit_card
5517,2689,2025-08-26,completed,5,promptpay
5518,2791,2025-08-26,completed,,promptpay
5519,2794,2025-08-26,completed,,credit_card
5520,2799,2025-08-26,completed,,credit_card
5521,2827,2025-08-26,completed,5,cod
5522,2852,2025-08-26,completed,,promptpay
5523,1687,2025-08-27,completed,,credit_card
5524,1800,2025-08-27,completed,15,credit_card
5525,2126,2025-08-27,completed,,credit_card
5526,2309,2025-08-27,completed,,bank_transfer
5527,2555,2025-08-27,completed,,credit_card
5528,2700,2025-08-27,completed,,bank_transfer
5529,2791,2025-08-27,returned,,credit_card
5530,2794,2025-08-27,completed,,promptpay
5531,2798,2025-08-27,completed,,credit_card
5532,2815,2025-08-27,completed,,promptpay
5533,2817,2025-08-27,completed,,credit_card
5534,2826,2025-08-27,completed,10,credit_card
5535,2829,2025-08-27,completed,15,promptpay
5536,2832,2025-08-27,completed,,cod
5537,2848,2025-08-27,completed,,promptpay
5538,2861,2025-08-27,completed,10,credit_card
5539,1890,2025-08-28,completed,,credit_card
5540,2776,2025-08-28,completed,,credit_card
5541,2795,2025-08-28,completed,,promptpay
5542,2797,2025-08-28,cancelled,,promptpay
5543,2804,2025-08-28,completed,,bank_transfer
5544,2828,2025-08-28,completed,,promptpay
5545,2841,2025-08-28,completed,,promptpay
5546,2858,2025-08-28,completed,,promptpay
5547,1045,2025-08-29,completed,20,promptpay
5548,2112,2025-08-29,completed,,promptpay
5549,2405,2025-08-29,completed,10,credit_card
5550,2669,2025-08-29,completed,,promptpay
5551,2782,2025-08-29,completed,,bank_transfer
5552,2824,2025-08-29,completed,,credit_card
5553,2845,2025-08-29,completed,,cod
5554,2323,2025-08-30,completed,10,credit_card
5555,2847,2025-08-30,completed,,promptpay
5556,2849,2025-08-30,completed,,promptpay
5557,2857,2025-08-30,completed,,promptpay
5558,159,2025-08-31,completed,,credit_card
5559,2253,2025-08-31,completed,15,promptpay
5560,2528,2025-08-31,completed,,cod
5561,2613,2025-08-31,completed,,cod
5562,2770,2025-08-31,cancelled,10,bank_transfer
5563,2813,2025-08-31,completed,,promptpay
5564,2816,2025-08-31,completed,,promptpay
5565,2818,2025-08-31,completed,10,promptpay
5566,2823,2025-08-31,completed,,promptpay
5567,2836,2025-08-31,returned,5,cod
5568,2851,2025-08-31,completed,10,credit_card
5569,2877,2025-08-31,completed,15,cod
5570,2878,2025-08-31,completed,,credit_card
5571,1628,2025-09-01,completed,10,credit_card
5572,2121,2025-09-01,completed,,credit_card
5573,2124,2025-09-01,completed,,cod
5574,2386,2025-09-01,completed,10,bank_transfer
5575,2687,2025-09-01,completed,,promptpay
5576,2704,2025-09-01,completed,10,promptpay
5577,2731,2025-09-01,completed,,bank_transfer
5578,2814,2025-09-01,completed,15,cod
5579,2841,2025-09-01,completed,,promptpay
5580,2849,2025-09-01,completed,,credit_card
5581,2860,2025-09-01,completed,,promptpay
5582,2865,2025-09-01,completed,,promptpay
5583,2870,2025-09-01,completed,,promptpay
5584,1800,2025-09-02,completed,,promptpay
5585,1886,2025-09-02,completed,,credit_card
5586,2653,2025-09-02,returned,10,promptpay
5587,2671,2025-09-02,completed,,credit_card
5588,2706,2025-09-02,completed,,credit_card
5589,2773,2025-09-02,completed,,promptpay
5590,2781,2025-09-02,completed,10,promptpay
5591,2042,2025-09-03,completed,,cod
5592,2525,2025-09-03,completed,,bank_transfer
5593,2760,2025-09-03,completed,,bank_transfer
5594,2833,2025-09-03,completed,5,promptpay
5595,2840,2025-09-03,cancelled,,promptpay
5596,2873,2025-09-03,cancelled,,bank_transfer
5597,2874,2025-09-03,completed,,bank_transfer
5598,2875,2025-09-03,completed,,promptpay
5599,1045,2025-09-04,completed,,credit_card
5600,2674,2025-09-04,completed,10,credit_card
5601,2760,2025-09-04,completed,,credit_card
5602,2785,2025-09-04,completed,,promptpay
5603,2850,2025-09-04,completed,,cod
5604,2856,2025-09-04,completed,,promptpay
5605,2859,2025-09-04,completed,,credit_card
5606,1707,2025-09-05,cancelled,10,cod
5607,1907,2025-09-05,completed,,credit_card
5608,2042,2025-09-05,completed,,promptpay
5609,2165,2025-09-05,completed,5,promptpay
5610,2404,2025-09-05,completed,,bank_transfer
5611,2691,2025-09-05,completed,10,bank_transfer
5612,2776,2025-09-05,completed,,promptpay
5613,2785,2025-09-05,completed,,credit_card
5614,2794,2025-09-05,completed,,credit_card
5615,2851,2025-09-05,completed,,promptpay
5616,2855,2025-09-05,completed,5,credit_card
5617,2866,2025-09-05,completed,15,credit_card
5618,2880,2025-09-05,completed,,credit_card
5619,2887,2025-09-05,completed,,credit_card
5620,1824,2025-09-06,completed,10,promptpay
5621,2469,2025-09-06,completed,,promptpay
5622,2507,2025-09-06,completed,,credit_card
5623,2624,2025-09-06,completed,15,credit_card
5624,2632,2025-09-06,completed,,cod
5625,2853,2025-09-06,completed,,promptpay
5626,880,2025-09-07,completed,,credit_card
5627,1240,2025-09-07,completed,,bank_transfer
5628,1649,2025-09-07,completed,10,promptpay
5629,1843,2025-09-07,completed,,promptpay
5630,1993,2025-09-07,completed,5,promptpay
5631,2110,2025-09-07,completed,,bank_transfer
5632,2406,2025-09-07,completed,,promptpay
5633,2609,2025-09-07,cancelled,5,promptpay
5634,2646,2025-09-07,completed,,credit_card
5635,2669,2025-09-07,completed,,promptpay
5636,2814,2025-09-07,completed,,promptpay
5637,2884,2025-09-07,completed,,cod
5638,1056,2025-09-08,returned,,cod
5639,1662,2025-09-08,completed,,cod
5640,2862,2025-09-08,completed,,cod
5641,2864,2025-09-08,completed,,cod
5642,2882,2025-09-08,completed,,promptpay
5643,1228,2025-09-09,completed,20,credit_card
5644,2421,2025-09-09,returned,5,promptpay
5645,2660,2025-09-09,completed,10,cod
5646,2725,2025-09-09,completed,,cod
5647,2789,2025-09-09,completed,,credit_card
5648,2868,2025-09-09,completed,,promptpay
5649,2877,2025-09-09,completed,,promptpay
5650,2879,2025-09-09,completed,,promptpay
5651,2883,2025-09-09,completed,,promptpay
5652,1886,2025-09-10,completed,,promptpay
5653,2022,2025-09-10,completed,5,cod
5654,2281,2025-09-10,cancelled,,credit_card
5655,2572,2025-09-10,completed,15,credit_card
5656,2754,2025-09-10,completed,,credit_card
5657,2771,2025-09-10,completed,,credit_card
5658,2889,2025-09-10,completed,,promptpay
5659,2908,2025-09-10,completed,,promptpay
5660,2239,2025-09-11,completed,15,promptpay
5661,2404,2025-09-11,completed,,promptpay
5662,2573,2025-09-11,completed,5,credit_card
5663,2621,2025-09-11,completed,,credit_card
5664,2630,2025-09-11,completed,,credit_card
5665,2681,2025-09-11,completed,5,bank_transfer
5666,2773,2025-09-11,completed,,credit_card
5667,2837,2025-09-11,returned,5,promptpay
5668,2856,2025-09-11,completed,15,promptpay
5669,2867,2025-09-11,completed,,promptpay
5670,2890,2025-09-11,completed,10,credit_card
5671,2893,2025-09-11,completed,,promptpay
5672,2898,2025-09-11,returned,,credit_card
5673,2909,2025-09-11,completed,5,bank_transfer
5674,1862,2025-09-12,completed,,promptpay
5675,1963,2025-09-12,completed,,credit_card
5676,2062,2025-09-12,completed,,promptpay
5677,2088,2025-09-12,cancelled,,promptpay
5678,2222,2025-09-12,completed,,promptpay
5679,2726,2025-09-12,completed,,bank_transfer
5680,2755,2025-09-12,completed,,credit_card
5681,2763,2025-09-12,completed,,promptpay
5682,2789,2025-09-12,completed,,credit_card
5683,2876,2025-09-12,returned,,bank_transfer
5684,2881,2025-09-12,completed,,promptpay
5685,2892,2025-09-12,returned,,cod
5686,2907,2025-09-12,completed,,credit_card
5687,2908,2025-09-12,completed,15,cod
5688,2919,2025-09-12,completed,,promptpay
5689,1228,2025-09-13,returned,,credit_card
5690,1853,2025-09-13,completed,,promptpay
5691,2342,2025-09-13,completed,,promptpay
5692,2731,2025-09-13,completed,,cod
5693,2869,2025-09-13,completed,,promptpay
5694,2900,2025-09-13,completed,,promptpay
5695,2905,2025-09-13,completed,,credit_card
5696,1865,2025-09-14,completed,15,cod
5697,2332,2025-09-14,completed,,promptpay
5698,2646,2025-09-14,completed,,credit_card
5699,2895,2025-09-14,completed,,promptpay
5700,2906,2025-09-14,completed,,promptpay
5701,1225,2025-09-15,completed,,promptpay
5702,1335,2025-09-15,completed,,promptpay
5703,2179,2025-09-15,completed,,cod
5704,2239,2025-09-15,cancelled,,promptpay
5705,2295,2025-09-15,completed,20,promptpay
5706,2337,2025-09-15,completed,5,promptpay
5707,2885,2025-09-15,completed,,cod
5708,2902,2025-09-15,completed,10,promptpay
5709,2930,2025-09-15,completed,,credit_card
5710,2404,2025-09-16,completed,,credit_card
5711,2488,2025-09-16,completed,,cod
5712,2800,2025-09-16,completed,,promptpay
5713,2826,2025-09-16,completed,,bank_transfer
5714,2891,2025-09-16,completed,,promptpay
5715,2899,2025-09-16,completed,,credit_card
5716,2911,2025-09-16,completed,5,credit_card
5717,2925,2025-09-16,returned,,credit_card
5718,2930,2025-09-16,completed,5,credit_card
5719,2295,2025-09-17,completed,10,bank_transfer
5720,2662,2025-09-17,completed,,credit_card
5721,2691,2025-09-17,completed,,promptpay
5722,2746,2025-09-17,completed,,bank_transfer
5723,2841,2025-09-17,completed,,credit_card
5724,2886,2025-09-17,completed,,cod
5725,2920,2025-09-17,completed,15,credit_card
5726,2926,2025-09-17,completed,,promptpay
5727,2932,2025-09-17,completed,,promptpay
5728,2936,2025-09-17,completed,,credit_card
5729,1405,2025-09-18,cancelled,,promptpay
5730,1470,2025-09-18,completed,,credit_card
5731,1632,2025-09-18,completed,,bank_transfer
5732,1687,2025-09-18,completed,,credit_card
5733,1859,2025-09-18,completed,,credit_card
5734,1905,2025-09-18,completed,,cod
5735,2805,2025-09-18,completed,,credit_card
5736,2894,2025-09-18,completed,,promptpay
5737,2914,2025-09-18,completed,20,promptpay
5738,2927,2025-09-18,completed,,bank_transfer
5739,2940,2025-09-18,completed,,credit_card
5740,1538,2025-09-19,completed,5,cod
5741,2572,2025-09-19,completed,,promptpay
5742,2712,2025-09-19,completed,,cod
5743,2781,2025-09-19,returned,20,promptpay
5744,2804,2025-09-19,returned,,bank_transfer
5745,2897,2025-09-19,completed,,credit_card
5746,2902,2025-09-19,cancelled,,credit_card
5747,2910,2025-09-19,completed,,promptpay
5748,2921,2025-09-19,completed,,credit_card
5749,2934,2025-09-19,completed,15,promptpay
5750,2938,2025-09-19,completed,,promptpay
5751,2942,2025-09-19,completed,,promptpay
5752,1823,2025-09-20,completed,,promptpay
5753,2340,2025-09-20,completed,10,promptpay
5754,2670,2025-09-20,completed,,credit_card
5755,2675,2025-09-20,completed,,promptpay
5756,2734,2025-09-20,completed,15,promptpay
5757,2912,2025-09-20,completed,,promptpay
5758,2917,2025-09-20,completed,,promptpay
5759,2928,2025-09-20,cancelled,,promptpay
5760,2942,2025-09-20,completed,,credit_card
5761,2943,2025-09-20,completed,,promptpay
5762,1843,2025-09-21,completed,,promptpay
5763,2083,2025-09-21,completed,,promptpay
5764,2130,2025-09-21,completed,,bank_transfer
5765,2854,2025-09-21,completed,,promptpay
5766,2868,2025-09-21,completed,,credit_card
5767,2898,2025-09-21,cancelled,,cod
5768,2904,2025-09-21,completed,15,credit_card
5769,1240,2025-09-22,completed,10,bank_transfer
5770,1821,2025-09-22,completed,,cod
5771,2147,2025-09-22,cancelled,,credit_card
5772,2772,2025-09-22,completed,5,cod
5773,2825,2025-09-22,completed,,credit_card
5774,2922,2025-09-22,returned,20,bank_transfer
5775,1232,2025-09-23,completed,,credit_card
5776,1862,2025-09-23,completed,,promptpay
5777,2796,2025-09-23,completed,20,cod
5778,2913,2025-09-23,completed,5,credit_card
5779,2929,2025-09-23,completed,15,promptpay
5780,2956,2025-09-23,completed,,credit_card
5781,2158,2025-09-24,completed,10,credit_card
5782,2836,2025-09-24,completed,,promptpay
5783,2865,2025-09-24,cancelled,,credit_card
5784,2916,2025-09-24,completed,,cod
5785,2935,2025-09-24,completed,10,credit_card
5786,2937,2025-09-24,cancelled,,promptpay
5787,2949,2025-09-24,completed,10,promptpay
5788,2968,2025-09-24,completed,,promptpay
5789,1538,2025-09-25,completed,5,promptpay
5790,2947,2025-09-25,completed,10,bank_transfer
5791,2950,2025-09-25,completed,,credit_card
5792,2952,2025-09-25,completed,,cod
5793,2979,2025-09-25,completed,,promptpay
5794,2080,2025-09-26,completed,,credit_card
5795,2217,2025-09-26,completed,,promptpay
5796,2495,2025-09-26,completed,,promptpay
5797,2733,2025-09-26,completed,,promptpay
5798,2893,2025-09-26,completed,15,promptpay
5799,2899,2025-09-26,completed,,credit_card
5800,2918,2025-09-26,completed,,credit_card
5801,2939,2025-09-26,cancelled,10,credit_card
5802,2953,2025-09-26,completed,,promptpay
5803,2957,2025-09-26,completed,,bank_transfer
5804,2975,2025-09-26,completed,,cod
5805,1408,2025-09-27,completed,,bank_transfer
5806,1687,2025-09-27,completed,,credit_card
5807,2072,2025-09-27,completed,,cod
5808,2133,2025-09-27,cancelled,,promptpay
5809,2404,2025-09-27,completed,,cod
5810,2944,2025-09-27,completed,,promptpay
5811,2946,2025-09-27,completed,,promptpay
5812,2954,2025-09-27,completed,10,promptpay
5813,2963,2025-09-27,completed,,credit_card
5814,1061,2025-09-28,completed,,cod
5815,2156,2025-09-28,completed,,cod
5816,2194,2025-09-28,completed,10,cod
5817,2826,2025-09-28,completed,10,credit_card
5818,2855,2025-09-28,completed,,credit_card
5819,2884,2025-09-28,completed,,promptpay
5820,2931,2025-09-28,cancelled,,credit_card
5821,2948,2025-09-28,completed,,credit_card
5822,2951,2025-09-28,completed,15,promptpay
5823,2960,2025-09-28,completed,15,cod
5824,2965,2025-09-28,completed,5,bank_transfer
5825,2981,2025-09-28,completed,,promptpay
5826,1830,2025-09-29,completed,,promptpay
5827,2372,2025-09-29,completed,,credit_card
5828,2527,2025-09-29,completed,,credit_card
5829,2980,2025-09-29,completed,,credit_card
5830,2981,2025-09-29,completed,,credit_card
5831,2982,2025-09-29,completed,,promptpay
5832,2989,2025-09-29,completed,15,credit_card
5833,2573,2025-09-30,completed,10,promptpay
5834,2796,2025-09-30,completed,,promptpay
5835,2848,2025-09-30,completed,,cod
5836,2945,2025-09-30,completed,15,cod
5837,2956,2025-09-30,completed,10,promptpay
5838,2963,2025-09-30,returned,,credit_card
5839,2974,2025-09-30,cancelled,,credit_card
5840,2976,2025-09-30,completed,,credit_card
5841,2986,2025-09-30,cancelled,20,bank_transfer
5842,1632,2025-10-01,completed,,credit_card
5843,1926,2025-10-01,completed,,promptpay
5844,2220,2025-10-01,completed,,promptpay
5845,2824,2025-10-01,completed,,bank_transfer
5846,2876,2025-10-01,completed,,cod
5847,2941,2025-10-01,completed,10,promptpay
5848,2962,2025-10-01,completed,5,credit_card
5849,2995,2025-10-01,completed,5,credit_card
5850,1335,2025-10-02,completed,,promptpay
5851,2704,2025-10-02,cancelled,,promptpay
5852,2793,2025-10-02,completed,,bank_transfer
5853,2969,2025-10-02,completed,5,credit_card
5854,3003,2025-10-02,completed,10,credit_card
5855,3006,2025-10-02,completed,5,promptpay
5856,2063,2025-10-03,completed,,credit_card
5857,2157,2025-10-03,completed,,promptpay
5858,2340,2025-10-03,completed,5,promptpay
5859,2630,2025-10-03,completed,10,promptpay
5860,2632,2025-10-03,completed,10,bank_transfer
5861,2679,2025-10-03,completed,,promptpay
5862,2913,2025-10-03,completed,10,credit_card
5863,2927,2025-10-03,completed,,promptpay
5864,2971,2025-10-03,completed,,promptpay
5865,3002,2025-10-03,completed,,credit_card
5866,2030,2025-10-04,completed,,cod
5867,2142,2025-10-04,cancelled,,credit_card
5868,2665,2025-10-04,completed,15,promptpay
5869,2719,2025-10-04,completed,5,bank_transfer
5870,2883,2025-10-04,completed,10,promptpay
5871,2906,2025-10-04,completed,,cod
5872,2955,2025-10-04,completed,10,credit_card
5873,2959,2025-10-04,returned,,credit_card
5874,2997,2025-10-04,completed,,credit_card
5875,858,2025-10-05,completed,,credit_card
5876,2080,2025-10-05,completed,,credit_card
5877,2404,2025-10-05,completed,,promptpay
5878,2644,2025-10-05,completed,10,cod
5879,2719,2025-10-05,cancelled,,promptpay
5880,2957,2025-10-05,completed,,promptpay
5881,2958,2025-10-05,completed,5,credit_card
5882,2983,2025-10-05,completed,,credit_card
5883,2991,2025-10-05,completed,,promptpay
5884,3007,2025-10-05,completed,,promptpay
5885,1687,2025-10-06,completed,5,cod
5886,2157,2025-10-06,completed,15,cod
5887,2917,2025-10-06,completed,,promptpay
5888,2964,2025-10-06,completed,,credit_card
5889,2965,2025-10-06,completed,,credit_card
5890,2972,2025-10-06,completed,,credit_card
5891,2977,2025-10-06,completed,5,cod
5892,2978,2025-10-06,completed,,promptpay
5893,3008,2025-10-06,returned,,cod
5894,1632,2025-10-07,completed,10,credit_card
5895,2090,2025-10-07,completed,10,credit_card
5896,2897,2025-10-07,completed,,credit_card
5897,2912,2025-10-07,completed,,promptpay
5898,2927,2025-10-07,completed,15,credit_card
5899,2970,2025-10-07,completed,,promptpay
5900,2990,2025-10-07,completed,5,promptpay
5901,3004,2025-10-07,completed,5,cod
5902,858,2025-10-08,completed,,promptpay
5903,2491,2025-10-08,completed,,bank_transfer
5904,2622,2025-10-08,completed,,credit_card
5905,2748,2025-10-08,completed,,cod
5906,2848,2025-10-08,completed,,promptpay
5907,2942,2025-10-08,cancelled,,credit_card
5908,2973,2025-10-08,completed,,cod
5909,2984,2025-10-08,completed,5,promptpay
5910,2985,2025-10-08,completed,,credit_card
5911,2987,2025-10-08,completed,10,promptpay
5912,3016,2025-10-08,completed,15,credit_card
5913,3017,2025-10-08,completed,,cod
5914,2238,2025-10-09,completed,,cod
5915,2829,2025-10-09,returned,,promptpay
5916,3000,2025-10-09,completed,,bank_transfer
5917,1157,2025-10-10,completed,,bank_transfer
5918,1564,2025-10-10,completed,10,credit_card
5919,2083,2025-10-10,completed,,credit_card
5920,2734,2025-10-10,completed,,bank_transfer
5921,2984,2025-10-10,completed,,credit_card
5922,2994,2025-10-10,completed,,promptpay
5923,2998,2025-10-10,completed,,promptpay
5924,2147,2025-10-11,completed,10,credit_card
5925,2692,2025-10-11,completed,5,bank_transfer
5926,2725,2025-10-11,completed,10,promptpay
5927,2824,2025-10-11,completed,,credit_card
5928,2975,2025-10-11,completed,5,promptpay
5929,2988,2025-10-11,completed,,credit_card
5930,3008,2025-10-11,completed,5,promptpay
5931,3011,2025-10-11,completed,,bank_transfer
5932,1955,2025-10-12,completed,,credit_card
5933,2157,2025-10-12,completed,15,cod
5934,2947,2025-10-12,completed,,cod
5935,2996,2025-10-12,completed,,cod
5936,2999,2025-10-12,completed,,cod
5937,3010,2025-10-12,cancelled,,promptpay
5938,3023,2025-10-12,completed,,credit_card
5939,3028,2025-10-12,completed,,promptpay
5940,3030,2025-10-12,returned,,credit_card
5941,3033,2025-10-12,completed,,credit_card
5942,3037,2025-10-12,completed,15,promptpay
5943,3040,2025-10-12,completed,,credit_card
5944,858,2025-10-13,completed,,cod
5945,1727,2025-10-13,completed,,promptpay
5946,2034,2025-10-13,completed,15,promptpay
5947,2156,2025-10-13,completed,15,cod
5948,2185,2025-10-13,completed,,promptpay
5949,2763,2025-10-13,completed,5,promptpay
5950,2809,2025-10-13,completed,10,credit_card
5951,2882,2025-10-13,completed,15,credit_card
5952,2956,2025-10-13,completed,,promptpay
5953,3020,2025-10-13,completed,5,promptpay
5954,1799,2025-10-14,completed,5,credit_card
5955,2009,2025-10-14,completed,5,bank_transfer
5956,2623,2025-10-14,completed,,credit_card
5957,2852,2025-10-14,completed,,promptpay
5958,3024,2025-10-14,completed,,credit_card
5959,3026,2025-10-14,completed,,promptpay
5960,1649,2025-10-15,completed,10,credit_card
5961,1727,2025-10-15,completed,,credit_card
5962,2343,2025-10-15,completed,,cod
5963,2669,2025-10-15,completed,,credit_card
5964,2700,2025-10-15,completed,,bank_transfer
5965,2916,2025-10-15,completed,5,bank_transfer
5966,2994,2025-10-15,returned,,credit_card
5967,3013,2025-10-15,completed,10,bank_transfer
5968,3014,2025-10-15,completed,,cod
5969,3024,2025-10-15,completed,10,credit_card
5970,2008,2025-10-16,completed,,cod
5971,2127,2025-10-16,completed,5,promptpay
5972,2343,2025-10-16,completed,,credit_card
5973,2719,2025-10-16,completed,,credit_card
5974,675,2025-10-17,completed,,promptpay
5975,1252,2025-10-17,completed,10,promptpay
5976,2719,2025-10-17,completed,,promptpay
5977,2875,2025-10-17,cancelled,,promptpay
5978,2968,2025-10-17,completed,5,bank_transfer
5979,3018,2025-10-17,completed,10,bank_transfer
5980,3039,2025-10-17,completed,10,promptpay
5981,3043,2025-10-17,completed,,credit_card
5982,3053,2025-10-17,completed,,credit_card
5983,3061,2025-10-17,completed,,cod
5984,1250,2025-10-18,cancelled,,cod
5985,2086,2025-10-18,completed,,cod
5986,2453,2025-10-18,completed,,cod
5987,2845,2025-10-18,completed,15,promptpay
5988,2854,2025-10-18,completed,,credit_card
5989,3021,2025-10-18,completed,,credit_card
5990,3036,2025-10-18,completed,,promptpay
5991,3046,2025-10-18,completed,,bank_transfer
5992,3051,2025-10-18,completed,10,cod
5993,3059,2025-10-18,completed,15,cod
5994,1534,2025-10-19,completed,15,bank_transfer
5995,2525,2025-10-19,completed,,promptpay
5996,2642,2025-10-19,completed,5,promptpay
5997,2859,2025-10-19,completed,,credit_card
5998,2988,2025-10-19,completed,,promptpay
5999,3010,2025-10-19,completed,,promptpay
6000,3015,2025-10-19,completed,,cod
6001,3056,2025-10-19,completed,20,promptpay
6002,3060,2025-10-19,completed,,credit_card
6003,3062,2025-10-19,completed,5,credit_card
6004,2179,2025-10-20,completed,10,credit_card
6005,2704,2025-10-20,completed,,promptpay
6006,2916,2025-10-20,completed,,credit_card
6007,2963,2025-10-20,completed,10,credit_card
6008,3025,2025-10-20,completed,,bank_transfer
6009,3027,2025-10-20,completed,15,credit_card
6010,3049,2025-10-20,completed,,credit_card
6011,3060,2025-10-20,completed,,promptpay
6012,1225,2025-10-21,completed,,credit_card
6013,1405,2025-10-21,completed,,credit_card
6014,1843,2025-10-21,completed,,credit_card
6015,1895,2025-10-21,completed,,credit_card
6016,2769,2025-10-21,completed,10,promptpay
6017,2894,2025-10-21,completed,,promptpay
6018,2928,2025-10-21,cancelled,5,credit_card
6019,3014,2025-10-21,cancelled,,credit_card
6020,3044,2025-10-21,completed,,credit_card
6021,3060,2025-10-21,completed,,promptpay
6022,3065,2025-10-21,completed,20,credit_card
6023,3072,2025-10-21,completed,,bank_transfer
6024,1647,2025-10-22,completed,,credit_card
6025,1968,2025-10-22,completed,15,promptpay
6026,2034,2025-10-22,completed,15,promptpay
6027,2843,2025-10-22,returned,,credit_card
6028,2900,2025-10-22,completed,5,promptpay
6029,2996,2025-10-22,completed,5,credit_card
6030,3033,2025-10-22,completed,,credit_card
6031,3034,2025-10-22,completed,5,credit_card
6032,3035,2025-10-22,completed,,promptpay
6033,3038,2025-10-22,completed,,cod
6034,3041,2025-10-22,completed,,credit_card
6035,3045,2025-10-22,completed,,promptpay
6036,3050,2025-10-22,returned,5,cod
6037,3054,2025-10-22,cancelled,5,credit_card
6038,3066,2025-10-22,completed,,cod
6039,3046,2025-10-23,returned,,credit_card
6040,3047,2025-10-23,completed,,promptpay
6041,2253,2025-10-24,cancelled,,promptpay
6042,2423,2025-10-24,returned,,promptpay
6043,2715,2025-10-24,completed,,cod
6044,2764,2025-10-24,completed,,cod
6045,2914,2025-10-24,completed,10,credit_card
6046,3013,2025-10-24,completed,5,bank_transfer
6047,3027,2025-10-24,completed,,promptpay
6048,3042,2025-10-24,completed,5,credit_card
6049,3057,2025-10-24,completed,,credit_card
6050,3058,2025-10-24,completed,,promptpay
6051,3067,2025-10-24,completed,5,promptpay
6052,3079,2025-10-24,completed,,credit_card
6053,2488,2025-10-25,completed,,credit_card
6054,2623,2025-10-25,completed,,promptpay
6055,2740,2025-10-25,completed,,cod
6056,2942,2025-10-25,completed,,credit_card
6057,2969,2025-10-25,completed,,credit_card
6058,3010,2025-10-25,completed,,credit_card
6059,3063,2025-10-25,completed,10,credit_card
6060,3082,2025-10-25,completed,,credit_card
6061,2761,2025-10-26,returned,,promptpay
6062,2973,2025-10-26,completed,10,cod
6063,3048,2025-10-26,completed,,promptpay
6064,3062,2025-10-26,completed,,promptpay
6065,3078,2025-10-26,completed,,promptpay
6066,1899,2025-10-27,completed,,promptpay
6067,2127,2025-10-27,completed,,promptpay
6068,2732,2025-10-27,completed,,bank_transfer
6069,2812,2025-10-27,completed,5,promptpay
6070,2902,2025-10-27,completed,,promptpay
6071,3100,2025-10-27,completed,20,credit_card
6072,3105,2025-10-27,completed,,cod
6073,1948,2025-10-28,completed,,credit_card
6074,2860,2025-10-28,completed,5,credit_card
6075,1839,2025-10-29,completed,,credit_card
6076,2130,2025-10-29,completed,,credit_card
6077,2507,2025-10-29,completed,,credit_card
6078,2527,2025-10-29,completed,,credit_card
6079,2620,2025-10-29,completed,,promptpay
6080,2848,2025-10-29,completed,,credit_card
6081,2942,2025-10-29,completed,,bank_transfer
6082,3064,2025-10-29,cancelled,,cod
6083,3081,2025-10-29,completed,,cod
6084,3098,2025-10-29,completed,,credit_card
6085,3101,2025-10-29,completed,,promptpay
6086,2165,2025-10-30,completed,,promptpay
6087,2665,2025-10-30,completed,10,promptpay
6088,2875,2025-10-30,completed,10,credit_card
6089,2975,2025-10-30,returned,10,credit_card
6090,3075,2025-10-30,returned,,cod
6091,3084,2025-10-30,completed,,cod
6092,3086,2025-10-30,completed,,credit_card
6093,3090,2025-10-30,completed,10,promptpay
6094,3096,2025-10-30,completed,,credit_card
6095,3099,2025-10-30,cancelled,,promptpay
6096,3102,2025-10-30,completed,,promptpay
6097,3112,2025-10-30,completed,,promptpay
6098,1917,2025-10-31,completed,,cod
6099,2874,2025-10-31,returned,,promptpay
6100,3062,2025-10-31,completed,,credit_card
6101,3077,2025-10-31,returned,,cod
6102,3114,2025-10-31,completed,,credit_card
6103,3119,2025-10-31,completed,,credit_card
6104,1747,2025-11-01,completed,,promptpay
6105,2623,2025-11-01,completed,10,cod
6106,2761,2025-11-01,completed,,credit_card
6107,2911,2025-11-01,completed,15,credit_card
6108,2927,2025-11-01,completed,,bank_transfer
6109,3068,2025-11-01,completed,5,credit_card
6110,3070,2025-11-01,cancelled,,promptpay
6111,3077,2025-11-01,completed,,bank_transfer
6112,3085,2025-11-01,cancelled,,cod
6113,3107,2025-11-01,completed,,credit_card
6114,1649,2025-11-02,completed,20,cod
6115,1917,2025-11-02,completed,,promptpay
6116,2469,2025-11-02,completed,,credit_card
6117,2623,2025-11-02,completed,,promptpay
6118,2706,2025-11-02,completed,,credit_card
6119,2881,2025-11-02,completed,,promptpay
6120,2985,2025-11-02,completed,,cod
6121,3011,2025-11-02,completed,,credit_card
6122,3050,2025-11-02,completed,,credit_card
6123,3069,2025-11-02,completed,10,promptpay
6124,3125,2025-11-02,completed,,promptpay
6125,1948,2025-11-03,completed,,credit_card
6126,2011,2025-11-03,completed,,promptpay
6127,2165,2025-11-03,completed,,bank_transfer
6128,2372,2025-11-03,completed,,promptpay
6129,2943,2025-11-03,completed,10,promptpay
6130,3043,2025-11-03,completed,,bank_transfer
6131,3090,2025-11-03,completed,,bank_transfer
6132,3093,2025-11-03,completed,,credit_card
6133,3099,2025-11-03,completed,5,credit_card
6134,3105,2025-11-03,completed,15,promptpay
6135,3116,2025-11-03,completed,,cod
6136,3123,2025-11-03,completed,,bank_transfer
6137,3127,2025-11-03,returned,,bank_transfer
6138,1948,2025-11-04,completed,,bank_transfer
6139,2008,2025-11-04,returned,,credit_card
6140,2165,2025-11-04,completed,,credit_card
6141,2213,2025-11-04,completed,,promptpay
6142,2553,2025-11-04,completed,5,credit_card
6143,2718,2025-11-04,completed,,promptpay
6144,2795,2025-11-04,completed,,promptpay
6145,2892,2025-11-04,cancelled,20,promptpay
6146,3083,2025-11-04,completed,,promptpay
6147,3089,2025-11-04,completed,,promptpay
6148,3120,2025-11-04,completed,,cod
6149,3128,2025-11-04,completed,,credit_card
6150,2699,2025-11-05,completed,,credit_card
6151,2876,2025-11-05,completed,20,promptpay
6152,2917,2025-11-05,completed,,promptpay
6153,3014,2025-11-05,completed,,promptpay
6154,3087,2025-11-05,returned,,credit_card
6155,1541,2025-11-06,completed,,promptpay
6156,1948,2025-11-06,completed,,credit_card
6157,2405,2025-11-06,completed,,promptpay
6158,2406,2025-11-06,completed,,promptpay
6159,2622,2025-11-06,completed,10,cod
6160,2969,2025-11-06,completed,15,bank_transfer
6161,2970,2025-11-06,completed,,credit_card
6162,3011,2025-11-06,completed,10,credit_card
6163,3092,2025-11-06,completed,,credit_card
6164,3104,2025-11-06,completed,,promptpay
6165,3106,2025-11-06,completed,,credit_card
6166,3111,2025-11-06,completed,,credit_card
6167,1543,2025-11-07,completed,15,promptpay
6168,2761,2025-11-07,completed,,promptpay
6169,2781,2025-11-07,completed,5,promptpay
6170,2812,2025-11-07,completed,10,cod
6171,2943,2025-11-07,completed,,cod
6172,3068,2025-11-07,completed,,credit_card
6173,3077,2025-11-07,completed,,promptpay
6174,3104,2025-11-07,completed,,promptpay
6175,3109,2025-11-07,completed,,cod
6176,3110,2025-11-07,completed,5,cod
6177,3113,2025-11-07,completed,20,credit_card
6178,3130,2025-11-07,cancelled,,credit_card
6179,3133,2025-11-07,completed,,bank_transfer
6180,3134,2025-11-07,completed,,promptpay
6181,2083,2025-11-08,completed,10,credit_card
6182,2928,2025-11-08,completed,10,credit_card
6183,2929,2025-11-08,completed,,promptpay
6184,3094,2025-11-08,completed,,credit_card
6185,3097,2025-11-08,returned,,credit_card
6186,3103,2025-11-08,completed,,promptpay
6187,3107,2025-11-08,completed,,bank_transfer
6188,3122,2025-11-08,completed,5,cod
6189,3132,2025-11-08,completed,,cod
6190,3148,2025-11-08,completed,,credit_card
6191,3149,2025-11-08,completed,,promptpay
6192,3149,2025-11-08,completed,,credit_card
6193,3150,2025-11-08,completed,,bank_transfer
6194,2866,2025-11-09,completed,5,credit_card
6195,3087,2025-11-09,completed,,credit_card
6196,3097,2025-11-09,completed,,promptpay
6197,3146,2025-11-09,completed,,promptpay
6198,1225,2025-11-10,completed,5,cod
6199,1612,2025-11-10,completed,5,promptpay
6200,1968,2025-11-10,completed,,cod
6201,2726,2025-11-10,completed,,promptpay
6202,2837,2025-11-10,completed,,credit_card
6203,3118,2025-11-10,completed,,cod
6204,3128,2025-11-10,completed,20,cod
6205,3159,2025-11-10,completed,,credit_card
6206,2706,2025-11-11,completed,,promptpay
6207,2802,2025-11-11,completed,,promptpay
6208,3127,2025-11-11,completed,5,credit_card
6209,3152,2025-11-11,completed,5,promptpay
6210,3156,2025-11-11,completed,,credit_card
6211,1933,2025-11-12,completed,,promptpay
6212,2224,2025-11-12,cancelled,,promptpay
6213,3115,2025-11-12,completed,,cod
6214,3120,2025-11-12,completed,,cod
6215,3132,2025-11-12,cancelled,,promptpay
6216,3145,2025-11-12,completed,,credit_card
6217,3158,2025-11-12,completed,,promptpay
6218,3158,2025-11-12,returned,,credit_card
6219,3169,2025-11-12,completed,10,promptpay
6220,3173,2025-11-12,completed,,promptpay
6221,2103,2025-11-13,completed,,promptpay
6222,2117,2025-11-13,completed,,cod
6223,2405,2025-11-13,completed,,cod
6224,2700,2025-11-13,completed,,cod
6225,2748,2025-11-13,completed,,promptpay
6226,2984,2025-11-13,completed,,credit_card
6227,3057,2025-11-13,completed,,credit_card
6228,3064,2025-11-13,completed,,promptpay
6229,3070,2025-11-13,completed,,promptpay
6230,3085,2025-11-13,completed,20,promptpay
6231,3087,2025-11-13,completed,,promptpay
6232,3107,2025-11-13,completed,20,credit_card
6233,3117,2025-11-13,completed,,credit_card
6234,3124,2025-11-13,completed,,cod
6235,3138,2025-11-13,completed,,cod
6236,3140,2025-11-13,completed,10,promptpay
6237,3141,2025-11-13,completed,20,promptpay
6238,3152,2025-11-13,completed,,bank_transfer
6239,3153,2025-11-13,completed,,promptpay
6240,3155,2025-11-13,completed,,promptpay
6241,3169,2025-11-13,completed,,promptpay
6242,1808,2025-11-14,completed,20,promptpay
6243,2127,2025-11-14,completed,,promptpay
6244,2406,2025-11-14,completed,,cod
6245,2826,2025-11-14,completed,,credit_card
6246,2928,2025-11-14,completed,,promptpay
6247,3013,2025-11-14,completed,,promptpay
6248,3099,2025-11-14,completed,5,credit_card
6249,3103,2025-11-14,completed,,cod
6250,3126,2025-11-14,returned,,promptpay
6251,3126,2025-11-14,completed,,credit_card
6252,3139,2025-11-14,completed,,credit_card
6253,3139,2025-11-14,cancelled,,promptpay
6254,3141,2025-11-14,completed,5,cod
6255,3141,2025-11-14,cancelled,,credit_card
6256,2078,2025-11-15,completed,,promptpay
6257,2708,2025-11-15,completed,,credit_card
6258,2748,2025-11-15,completed,,promptpay
6259,3129,2025-11-15,completed,,promptpay
6260,3144,2025-11-15,completed,,credit_card
6261,3167,2025-11-15,completed,,promptpay
6262,3172,2025-11-15,completed,,promptpay
6263,1707,2025-11-16,completed,,promptpay
6264,1805,2025-11-16,completed,10,credit_card
6265,1955,2025-11-16,completed,5,promptpay
6266,2008,2025-11-16,completed,5,credit_card
6267,2078,2025-11-16,completed,10,bank_transfer
6268,2103,2025-11-16,completed,10,credit_card
6269,2766,2025-11-16,completed,,cod
6270,2936,2025-11-16,completed,15,credit_card
6271,3011,2025-11-16,completed,10,cod
6272,3033,2025-11-16,completed,,promptpay
6273,3033,2025-11-16,completed,,promptpay
6274,3034,2025-11-16,completed,15,bank_transfer
6275,3039,2025-11-16,completed,,promptpay
6276,3090,2025-11-16,completed,,credit_card
6277,3092,2025-11-16,completed,,cod
6278,3124,2025-11-16,completed,,credit_card
6279,3135,2025-11-16,completed,,promptpay
6280,3157,2025-11-16,completed,,promptpay
6281,3160,2025-11-16,completed,,bank_transfer
6282,3192,2025-11-16,completed,,cod
6283,2406,2025-11-17,completed,,credit_card
6284,2469,2025-11-17,completed,,promptpay
6285,2622,2025-11-17,completed,,credit_card
6286,2866,2025-11-17,completed,5,promptpay
6287,2881,2025-11-17,completed,15,cod
6288,2936,2025-11-17,returned,,promptpay
6289,2957,2025-11-17,completed,,promptpay
6290,2957,2025-11-17,completed,,credit_card
6291,2970,2025-11-17,completed,5,promptpay
6292,3018,2025-11-17,completed,,promptpay
6293,3025,2025-11-17,completed,,cod
6294,3083,2025-11-17,completed,,bank_transfer
6295,3084,2025-11-17,completed,,promptpay
6296,3106,2025-11-17,completed,5,promptpay
6297,3111,2025-11-17,completed,15,bank_transfer
6298,3115,2025-11-17,completed,,credit_card
6299,3157,2025-11-17,completed,,promptpay
6300,3175,2025-11-17,completed,15,bank_transfer
6301,3176,2025-11-17,completed,15,credit_card
6302,1554,2025-11-18,completed,,credit_card
6303,1649,2025-11-18,completed,,promptpay
6304,1823,2025-11-18,cancelled,10,credit_card
6305,1824,2025-11-18,completed,,credit_card
6306,1862,2025-11-18,completed,,promptpay
6307,2008,2025-11-18,completed,,promptpay
6308,2404,2025-11-18,completed,,credit_card
6309,2436,2025-11-18,completed,,promptpay
6310,2917,2025-11-18,completed,,promptpay
6311,2944,2025-11-18,cancelled,15,credit_card
6312,3014,2025-11-18,completed,,promptpay
6313,3044,2025-11-18,completed,,credit_card
6314,3110,2025-11-18,completed,,promptpay
6315,3144,2025-11-18,completed,5,cod
6316,3183,2025-11-18,completed,5,credit_card
6317,880,2025-11-19,completed,5,promptpay
6318,1225,2025-11-19,completed,,promptpay
6319,1917,2025-11-19,completed,,credit_card
6320,2781,2025-11-19,completed,15,credit_card
6321,3024,2025-11-19,completed,10,cod
6322,3128,2025-11-19,completed,,promptpay
6323,3129,2025-11-19,completed,5,cod
6324,3141,2025-11-19,completed,,credit_card
6325,3147,2025-11-19,completed,,credit_card
6326,3156,2025-11-19,completed,10,credit_card
6327,3185,2025-11-19,completed,,credit_card
6328,3190,2025-11-19,completed,,bank_transfer
6329,3191,2025-11-19,completed,,promptpay
6330,1554,2025-11-20,completed,,bank_transfer
6331,1955,2025-11-20,completed,,bank_transfer
6332,2008,2025-11-20,completed,10,promptpay
6333,2086,2025-11-20,completed,,credit_card
6334,2130,2025-11-20,completed,,cod
6335,2769,2025-11-20,completed,,bank_transfer
6336,2927,2025-11-20,completed,,promptpay
6337,2945,2025-11-20,completed,,promptpay
6338,3117,2025-11-20,completed,,credit_card
6339,3157,2025-11-20,returned,,credit_card
6340,3177,2025-11-20,completed,10,promptpay
6341,3179,2025-11-20,completed,,promptpay
6342,3182,2025-11-20,completed,,cod
6343,3199,2025-11-20,completed,,promptpay
6344,2008,2025-11-21,completed,,credit_card
6345,2130,2025-11-21,completed,10,promptpay
6346,2130,2025-11-21,completed,10,promptpay
6347,2660,2025-11-21,completed,,promptpay
6348,2685,2025-11-21,completed,5,credit_card
6349,2746,2025-11-21,completed,15,bank_transfer
6350,2746,2025-11-21,completed,,promptpay
6351,2766,2025-11-21,completed,5,credit_card
6352,2941,2025-11-21,completed,,promptpay
6353,3057,2025-11-21,completed,,credit_card
6354,3115,2025-11-21,completed,,credit_card
6355,3163,2025-11-21,completed,5,promptpay
6356,3175,2025-11-21,completed,5,credit_card
6357,3184,2025-11-21,completed,10,promptpay
6358,3200,2025-11-21,completed,,credit_card
6359,1805,2025-11-22,completed,,bank_transfer
6360,2185,2025-11-22,completed,,cod
6361,2343,2025-11-22,completed,,credit_card
6362,2404,2025-11-22,completed,5,credit_card
6363,2944,2025-11-22,completed,15,promptpay
6364,3039,2025-11-22,completed,,promptpay
6365,3044,2025-11-22,completed,,credit_card
6366,3050,2025-11-22,completed,,promptpay
6367,3084,2025-11-22,completed,,promptpay
6368,3138,2025-11-22,completed,10,promptpay
6369,3173,2025-11-22,completed,,promptpay
6370,3179,2025-11-22,completed,,credit_card
6371,3189,2025-11-22,completed,,credit_card
6372,2009,2025-11-23,completed,15,bank_transfer
6373,2224,2025-11-23,completed,20,promptpay
6374,2224,2025-11-23,returned,10,cod
6375,2295,2025-11-23,completed,,cod
6376,2708,2025-11-23,completed,5,promptpay
6377,2929,2025-11-23,completed,,promptpay
6378,3013,2025-11-23,completed,,promptpay
6379,3078,2025-11-23,completed,5,promptpay
6380,3087,2025-11-23,completed,,credit_card
6381,3116,2025-11-23,completed,,promptpay
6382,3189,2025-11-23,completed,5,promptpay
6383,3203,2025-11-23,completed,,promptpay
6384,3204,2025-11-23,completed,,credit_card
6385,2130,2025-11-24,completed,,promptpay
6386,2784,2025-11-24,completed,,promptpay
6387,2826,2025-11-24,completed,,credit_card
6388,3018,2025-11-24,cancelled,,bank_transfer
6389,3089,2025-11-24,completed,,promptpay
6390,3123,2025-11-24,completed,,cod
6391,3140,2025-11-24,completed,5,promptpay
6392,3159,2025-11-24,completed,,promptpay
6393,3187,2025-11-24,completed,10,credit_card
6394,3215,2025-11-24,completed,15,promptpay
6395,2009,2025-11-25,completed,,promptpay
6396,2117,2025-11-25,completed,,credit_card
6397,2406,2025-11-25,completed,,promptpay
6398,2710,2025-11-25,completed,,promptpay
6399,2710,2025-11-25,completed,,promptpay
6400,2941,2025-11-25,completed,,promptpay
6401,2973,2025-11-25,completed,,bank_transfer
6402,3025,2025-11-25,completed,,promptpay
6403,3028,2025-11-25,completed,20,bank_transfer
6404,3068,2025-11-25,completed,,promptpay
6405,3161,2025-11-25,completed,,promptpay
6406,3162,2025-11-25,completed,,promptpay
6407,3164,2025-11-25,completed,,credit_card
6408,3170,2025-11-25,completed,,bank_transfer
6409,3190,2025-11-25,completed,,bank_transfer
6410,3191,2025-11-25,completed,,bank_transfer
6411,3193,2025-11-25,cancelled,5,cod
6412,3193,2025-11-25,completed,10,promptpay
6413,3199,2025-11-25,completed,5,credit_card
6414,3201,2025-11-25,cancelled,,cod
6415,1228,2025-11-26,completed,5,credit_card
6416,1252,2025-11-26,cancelled,,promptpay
6417,1252,2025-11-26,completed,15,bank_transfer
6418,2083,2025-11-26,completed,,bank_transfer
6419,2185,2025-11-26,completed,,credit_card
6420,2726,2025-11-26,completed,5,cod
6421,2735,2025-11-26,completed,,cod
6422,2914,2025-11-26,completed,,promptpay
6423,2958,2025-11-26,completed,,credit_card
6424,3014,2025-11-26,completed,,cod
6425,3050,2025-11-26,completed,,bank_transfer
6426,3086,2025-11-26,completed,10,credit_card
6427,3146,2025-11-26,returned,,bank_transfer
6428,3157,2025-11-26,completed,20,bank_transfer
6429,3165,2025-11-26,completed,,promptpay
6430,3184,2025-11-26,completed,,promptpay
6431,3200,2025-11-26,completed,,promptpay
6432,3202,2025-11-26,completed,,cod
6433,3202,2025-11-26,completed,,credit_card
6434,3203,2025-11-26,completed,15,cod
6435,3214,2025-11-26,completed,,credit_card
6436,3219,2025-11-26,completed,,promptpay
6437,1628,2025-11-27,completed,,promptpay
6438,2117,2025-11-27,completed,,promptpay
6439,2213,2025-11-27,completed,,credit_card
6440,2295,2025-11-27,completed,20,credit_card
6441,2406,2025-11-27,completed,,promptpay
6442,2837,2025-11-27,completed,,bank_transfer
6443,2985,2025-11-27,completed,10,cod
6444,3044,2025-11-27,completed,,cod
6445,3064,2025-11-27,completed,,cod
6446,3169,2025-11-27,cancelled,,promptpay
6447,3190,2025-11-27,completed,,credit_card
6448,3204,2025-11-27,completed,10,cod
6449,3205,2025-11-27,completed,,promptpay
6450,3205,2025-11-27,completed,,credit_card
6451,3224,2025-11-27,completed,,credit_card
6452,3229,2025-11-27,completed,10,promptpay
6453,880,2025-11-28,completed,15,promptpay
6454,1628,2025-11-28,completed,,credit_card
6455,1808,2025-11-28,completed,5,cod
6456,2011,2025-11-28,returned,,promptpay
6457,2086,2025-11-28,completed,,credit_card
6458,2436,2025-11-28,completed,,credit_card
6459,2984,2025-11-28,completed,,credit_card
6460,3161,2025-11-28,completed,,promptpay
6461,3181,2025-11-28,completed,,credit_card
6462,3183,2025-11-28,cancelled,10,credit_card
6463,3216,2025-11-28,completed,,promptpay
6464,1839,2025-11-29,completed,,promptpay
6465,2278,2025-11-29,completed,10,bank_transfer
6466,2689,2025-11-29,completed,,promptpay
6467,2843,2025-11-29,completed,,credit_card
6468,2843,2025-11-29,completed,,promptpay
6469,2914,2025-11-29,completed,,credit_card
6470,2941,2025-11-29,completed,,cod
6471,2941,2025-11-29,returned,,credit_card
6472,3014,2025-11-29,completed,5,credit_card
6473,3046,2025-11-29,completed,,credit_card
6474,3059,2025-11-29,completed,,promptpay
6475,3130,2025-11-29,returned,5,promptpay
6476,3164,2025-11-29,completed,10,credit_card
6477,3185,2025-11-29,returned,5,bank_transfer
6478,3185,2025-11-29,returned,10,promptpay
6479,3186,2025-11-29,completed,,cod
6480,3186,2025-11-29,completed,20,credit_card
6481,3189,2025-11-29,completed,10,credit_card
6482,3189,2025-11-29,completed,10,bank_transfer
6483,3192,2025-11-29,completed,5,cod
6484,3200,2025-11-29,cancelled,,promptpay
6485,3200,2025-11-29,completed,,bank_transfer
6486,3201,2025-11-29,returned,,promptpay
6487,3206,2025-11-29,completed,,bank_transfer
6488,3209,2025-11-29,completed,5,credit_card
6489,3209,2025-11-29,completed,,promptpay
6490,3222,2025-11-29,completed,,credit_card
6491,3234,2025-11-29,completed,,promptpay
6492,1839,2025-11-30,returned,,credit_card
6493,1862,2025-11-30,completed,,bank_transfer
6494,2009,2025-11-30,completed,5,cod
6495,2009,2025-11-30,completed,5,promptpay
6496,2343,2025-11-30,completed,15,cod
6497,2685,2025-11-30,cancelled,,bank_transfer
6498,2689,2025-11-30,completed,,bank_transfer
6499,2828,2025-11-30,completed,,credit_card
6500,2828,2025-11-30,completed,,promptpay
6501,2929,2025-11-30,completed,,promptpay
6502,2941,2025-11-30,completed,,promptpay
6503,2945,2025-11-30,completed,,promptpay
6504,2973,2025-11-30,completed,,credit_card
6505,3046,2025-11-30,completed,5,credit_card
6506,3068,2025-11-30,completed,20,cod
6507,3084,2025-11-30,completed,,promptpay
6508,3084,2025-11-30,completed,5,credit_card
6509,3160,2025-11-30,completed,5,cod
6510,3169,2025-11-30,completed,,promptpay
6511,3172,2025-11-30,completed,,credit_card
6512,3185,2025-11-30,completed,,credit_card
6513,3190,2025-11-30,completed,,promptpay
6514,3192,2025-11-30,completed,,cod
6515,3192,2025-11-30,completed,10,cod
6516,3195,2025-11-30,completed,,promptpay
6517,3195,2025-11-30,completed,5,bank_transfer
6518,3222,2025-11-30,completed,,cod
6519,3223,2025-11-30,cancelled,5,promptpay
6520,3223,2025-11-30,completed,5,promptpay
6521,675,2025-12-01,completed,,credit_card
6522,675,2025-12-01,completed,,promptpay
6523,2740,2025-12-01,completed,,promptpay
6524,3173,2025-12-01,completed,5,bank_transfer
6525,3194,2025-12-01,completed,,cod
6526,3197,2025-12-01,completed,10,promptpay
6527,3202,2025-12-01,completed,,credit_card
6528,3222,2025-12-01,completed,5,promptpay
6529,3227,2025-12-01,completed,,credit_card
6530,1687,2025-12-02,completed,15,credit_card
6531,1850,2025-12-02,cancelled,,credit_card
6532,3018,2025-12-02,completed,10,promptpay
6533,3048,2025-12-02,completed,,promptpay
6534,3144,2025-12-02,completed,5,promptpay
6535,3196,2025-12-02,completed,,cod
6536,3207,2025-12-02,completed,10,credit_card
6537,3240,2025-12-02,returned,,promptpay
6538,1905,2025-12-03,completed,15,bank_transfer
6539,1968,2025-12-03,completed,,promptpay
6540,1971,2025-12-03,completed,20,promptpay
6541,2158,2025-12-03,completed,20,credit_card
6542,3230,2025-12-03,completed,,credit_card
6543,3243,2025-12-03,completed,5,cod
6544,1649,2025-12-04,completed,,promptpay
6545,2179,2025-12-04,completed,15,credit_card
6546,3002,2025-12-04,completed,,promptpay
6547,3030,2025-12-04,completed,,promptpay
6548,3053,2025-12-04,completed,,credit_card
6549,3210,2025-12-04,cancelled,,credit_card
6550,3233,2025-12-04,completed,5,credit_card
6551,675,2025-12-05,completed,,credit_card
6552,1387,2025-12-05,completed,15,credit_card
6553,1470,2025-12-05,cancelled,,promptpay
6554,1541,2025-12-05,completed,,credit_card
6555,2127,2025-12-05,completed,,promptpay
6556,2644,2025-12-05,cancelled,,bank_transfer
6557,2761,2025-12-05,completed,,cod
6558,2932,2025-12-05,cancelled,,promptpay
6559,3053,2025-12-05,completed,10,cod
6560,3181,2025-12-05,completed,,cod
6561,3208,2025-12-05,completed,,credit_card
6562,3213,2025-12-05,completed,,credit_card
6563,3225,2025-12-05,completed,,credit_card
6564,3226,2025-12-05,completed,,credit_card
6565,3228,2025-12-05,completed,,promptpay
6566,2222,2025-12-06,cancelled,,bank_transfer
6567,2769,2025-12-06,completed,5,cod
6568,2881,2025-12-06,completed,,promptpay
6569,2882,2025-12-06,completed,,promptpay
6570,2893,2025-12-06,cancelled,10,promptpay
6571,2930,2025-12-06,completed,,cod
6572,3048,2025-12-06,completed,,promptpay
6573,3207,2025-12-06,completed,10,credit_card
6574,3212,2025-12-06,completed,,promptpay
6575,3218,2025-12-06,completed,,credit_card
6576,3248,2025-12-06,cancelled,5,promptpay
6577,1387,2025-12-07,completed,,cod
6578,2632,2025-12-07,completed,,promptpay
6579,2858,2025-12-07,completed,,cod
6580,3220,2025-12-07,completed,,bank_transfer
6581,3221,2025-12-07,completed,,credit_card
6582,3242,2025-12-07,completed,,promptpay
6583,3244,2025-12-07,completed,5,credit_card
6584,2710,2025-12-08,completed,,credit_card
6585,2870,2025-12-08,completed,,credit_card
6586,2998,2025-12-08,completed,,cod
6587,3159,2025-12-08,completed,,promptpay
6588,3244,2025-12-08,completed,10,bank_transfer
6589,3258,2025-12-08,returned,10,bank_transfer
6590,1157,2025-12-09,completed,,promptpay
6591,2099,2025-12-09,completed,5,promptpay
6592,2386,2025-12-09,completed,20,credit_card
6593,2632,2025-12-09,completed,,cod
6594,2809,2025-12-09,completed,,promptpay
6595,3064,2025-12-09,completed,,promptpay
6596,3114,2025-12-09,completed,,bank_transfer
6597,3231,2025-12-09,completed,20,credit_card
6598,3238,2025-12-09,completed,15,promptpay
6599,3277,2025-12-09,completed,,promptpay
6600,1228,2025-12-10,completed,,credit_card
6601,2553,2025-12-10,completed,5,promptpay
6602,2645,2025-12-10,completed,5,promptpay
6603,2766,2025-12-10,returned,,promptpay
6604,2814,2025-12-10,completed,10,promptpay
6605,2821,2025-12-10,completed,,promptpay
6606,2821,2025-12-10,completed,,credit_card
6607,2860,2025-12-10,completed,15,credit_card
6608,3037,2025-12-10,completed,,credit_card
6609,3245,2025-12-10,completed,15,cod
6610,2870,2025-12-11,completed,,promptpay
6611,3144,2025-12-11,completed,10,cod
6612,3159,2025-12-11,completed,,promptpay
6613,3187,2025-12-11,completed,10,promptpay
6614,3235,2025-12-11,completed,20,credit_card
6615,3242,2025-12-11,completed,,bank_transfer
6616,3250,2025-12-11,cancelled,,promptpay
6617,3285,2025-12-11,completed,15,promptpay
6618,1470,2025-12-12,completed,,bank_transfer
6619,2553,2025-12-12,completed,,credit_card
6620,2660,2025-12-12,completed,,credit_card
6621,2660,2025-12-12,completed,,credit_card
6622,2674,2025-12-12,completed,15,bank_transfer
6623,2748,2025-12-12,completed,,credit_card
6624,2769,2025-12-12,completed,,credit_card
6625,2774,2025-12-12,completed,,promptpay
6626,3048,2025-12-12,completed,10,promptpay
6627,3077,2025-12-12,completed,5,cod
6628,3170,2025-12-12,cancelled,,credit_card
6629,3182,2025-12-12,completed,,credit_card
6630,3212,2025-12-12,completed,,credit_card
6631,3240,2025-12-12,completed,,cod
6632,3244,2025-12-12,cancelled,,credit_card
6633,3245,2025-12-12,completed,5,promptpay
6634,3254,2025-12-12,completed,,credit_card
6635,3259,2025-12-12,completed,,credit_card
6636,3260,2025-12-12,completed,,credit_card
6637,3275,2025-12-12,cancelled,,bank_transfer
6638,3276,2025-12-12,completed,,credit_card
6639,3286,2025-12-12,cancelled,,promptpay
6640,1739,2025-12-13,completed,,credit_card
6641,1739,2025-12-13,completed,,cod
6642,2156,2025-12-13,cancelled,,promptpay
6643,2213,2025-12-13,completed,,promptpay
6644,2719,2025-12-13,completed,,bank_transfer
6645,3090,2025-12-13,completed,15,cod
6646,3250,2025-12-13,completed,5,promptpay
6647,3255,2025-12-13,completed,,credit_card
6648,3261,2025-12-13,completed,,credit_card
6649,3272,2025-12-13,completed,5,bank_transfer
6650,2894,2025-12-14,completed,,credit_card
6651,3026,2025-12-14,completed,,promptpay
6652,3048,2025-12-14,completed,5,bank_transfer
6653,3149,2025-12-14,completed,,promptpay
6654,3202,2025-12-14,completed,20,promptpay
6655,3225,2025-12-14,completed,,credit_card
6656,3233,2025-12-14,completed,,bank_transfer
6657,3239,2025-12-14,completed,5,credit_card
6658,3265,2025-12-14,completed,,promptpay
6659,3267,2025-12-14,completed,,promptpay
6660,3270,2025-12-14,completed,,credit_card
6661,3286,2025-12-14,completed,5,bank_transfer
6662,3287,2025-12-14,returned,5,promptpay
6663,3291,2025-12-14,completed,5,promptpay
6664,3294,2025-12-14,completed,10,credit_card
6665,3295,2025-12-14,completed,,credit_card
6666,2127,2025-12-15,completed,,promptpay
6667,2341,2025-12-15,completed,,promptpay
6668,2674,2025-12-15,completed,10,promptpay
6669,2928,2025-12-15,completed,,cod
6670,2970,2025-12-15,completed,,credit_card
6671,3196,2025-12-15,completed,10,cod
6672,3225,2025-12-15,completed,10,promptpay
6673,3228,2025-12-15,completed,10,bank_transfer
6674,3242,2025-12-15,completed,,credit_card
6675,3244,2025-12-15,completed,10,cod
6676,3249,2025-12-15,completed,,credit_card
6677,3262,2025-12-15,completed,,credit_card
6678,3277,2025-12-15,completed,,promptpay
6679,3284,2025-12-15,completed,5,promptpay
6680,3286,2025-12-15,completed,,promptpay
6681,3296,2025-12-15,returned,,credit_card
6682,2213,2025-12-16,completed,,cod
6683,2749,2025-12-16,completed,,credit_card
6684,2759,2025-12-16,completed,,promptpay
6685,2837,2025-12-16,completed,,cod
6686,3090,2025-12-16,completed,,promptpay
6687,3220,2025-12-16,completed,,promptpay
6688,3230,2025-12-16,completed,,promptpay
6689,3239,2025-12-16,completed,,promptpay
6690,3251,2025-12-16,completed,10,credit_card
6691,3288,2025-12-16,completed,,promptpay
6692,1470,2025-12-17,completed,15,credit_card
6693,1687,2025-12-17,completed,10,credit_card
6694,2553,2025-12-17,completed,,promptpay
6695,3064,2025-12-17,completed,,promptpay
6696,3170,2025-12-17,completed,,cod
6697,3223,2025-12-17,completed,10,promptpay
6698,3227,2025-12-17,completed,,credit_card
6699,3253,2025-12-17,completed,,cod
6700,3279,2025-12-17,completed,,promptpay
6701,3281,2025-12-17,completed,,cod
6702,3300,2025-12-17,cancelled,,credit_card
6703,3300,2025-12-17,completed,,credit_card
6704,1649,2025-12-18,completed,,bank_transfer
6705,2341,2025-12-18,completed,5,credit_card
6706,2343,2025-12-18,completed,20,promptpay
6707,2645,2025-12-18,completed,,promptpay
6708,2769,2025-12-18,completed,10,promptpay
6709,2769,2025-12-18,completed,,promptpay
6710,2927,2025-12-18,completed,,credit_card
6711,2980,2025-12-18,returned,,promptpay
6712,3044,2025-12-18,completed,,promptpay
6713,3084,2025-12-18,completed,10,credit_card
6714,3097,2025-12-18,completed,,promptpay
6715,3173,2025-12-18,completed,5,promptpay
6716,3194,2025-12-18,completed,,credit_card
6717,3197,2025-12-18,completed,5,cod
6718,3233,2025-12-18,completed,,promptpay
6719,3244,2025-12-18,completed,,promptpay
6720,3256,2025-12-18,completed,10,bank_transfer
6721,3263,2025-12-18,cancelled,,cod
6722,3268,2025-12-18,completed,,promptpay
6723,3274,2025-12-18,completed,,promptpay
6724,3292,2025-12-18,completed,,credit_card
6725,3294,2025-12-18,completed,,bank_transfer
6726,1662,2025-12-19,completed,,credit_card
6727,2998,2025-12-19,returned,,credit_card
6728,3081,2025-12-19,completed,,credit_card
6729,3225,2025-12-19,completed,,bank_transfer
6730,3238,2025-12-19,completed,15,promptpay
6731,3277,2025-12-19,completed,,credit_card
6732,3293,2025-12-19,completed,,bank_transfer
6733,2099,2025-12-20,completed,10,credit_card
6734,3018,2025-12-20,completed,10,credit_card
6735,3147,2025-12-20,completed,,cod
6736,3212,2025-12-20,completed,10,credit_card
6737,3244,2025-12-20,cancelled,,cod
6738,3257,2025-12-20,completed,,credit_card
6739,3257,2025-12-20,completed,,bank_transfer
6740,3285,2025-12-20,completed,,bank_transfer
6741,3290,2025-12-20,completed,,promptpay
6742,675,2025-12-21,completed,10,promptpay
6743,675,2025-12-21,completed,,credit_card
6744,1045,2025-12-21,completed,15,cod
6745,1905,2025-12-21,completed,5,cod
6746,1914,2025-12-21,completed,,promptpay
6747,2553,2025-12-21,completed,,cod
6748,2749,2025-12-21,completed,,credit_card
6749,2875,2025-12-21,completed,,promptpay
6750,2875,2025-12-21,completed,,promptpay
6751,2882,2025-12-21,completed,,promptpay
6752,3072,2025-12-21,completed,,credit_card
6753,3207,2025-12-21,returned,15,promptpay
6754,3208,2025-12-21,completed,20,cod
6755,3264,2025-12-21,completed,,credit_card
6756,3265,2025-12-21,completed,,promptpay
6757,3280,2025-12-21,completed,,promptpay
6758,3284,2025-12-21,completed,,credit_card
6759,3295,2025-12-21,completed,,promptpay
6760,1662,2025-12-22,completed,10,cod
6761,2124,2025-12-22,completed,,cod
6762,2343,2025-12-22,completed,,promptpay
6763,2637,2025-12-22,completed,,cod
6764,2748,2025-12-22,completed,,cod
6765,2759,2025-12-22,completed,5,cod
6766,2774,2025-12-22,completed,,credit_card
6767,2930,2025-12-22,completed,,promptpay
6768,3196,2025-12-22,cancelled,,credit_card
6769,3270,2025-12-22,completed,,credit_card
6770,3270,2025-12-22,completed,,promptpay
6771,3287,2025-12-22,completed,,credit_card
6772,3288,2025-12-22,completed,20,promptpay
6773,3298,2025-12-22,completed,,bank_transfer
6774,880,2025-12-23,completed,,bank_transfer
6775,2009,2025-12-23,returned,5,promptpay
6776,2124,2025-12-23,completed,,promptpay
6777,2156,2025-12-23,completed,15,credit_card
6778,2179,2025-12-23,completed,15,credit_card
6779,2771,2025-12-23,completed,,bank_transfer
6780,2881,2025-12-23,completed,10,credit_card
6781,3030,2025-12-23,completed,,promptpay
6782,3072,2025-12-23,completed,,cod
6783,3077,2025-12-23,completed,,credit_card
6784,3078,2025-12-23,completed,,promptpay
6785,3138,2025-12-23,completed,10,credit_card
6786,3261,2025-12-23,completed,,credit_card
6787,3278,2025-12-23,completed,,cod
6788,3297,2025-12-23,completed,,credit_card
6789,1971,2025-12-24,completed,,credit_card
6790,2009,2025-12-24,completed,,credit_card
6791,2103,2025-12-24,completed,10,promptpay
6792,2103,2025-12-24,completed,,cod
6793,2553,2025-12-24,completed,,promptpay
6794,2607,2025-12-24,completed,,promptpay
6795,2632,2025-12-24,completed,5,credit_card
6796,2644,2025-12-24,completed,,promptpay
6797,2660,2025-12-24,completed,,credit_card
6798,2999,2025-12-24,completed,10,credit_card
6799,3057,2025-12-24,completed,,promptpay
6800,3159,2025-12-24,completed,5,bank_transfer
6801,3226,2025-12-24,completed,,promptpay
6802,3258,2025-12-24,completed,,cod
6803,3283,2025-12-24,completed,,promptpay
6804,3289,2025-12-24,cancelled,,promptpay
6805,1228,2025-12-25,completed,15,bank_transfer
6806,1470,2025-12-25,completed,,promptpay
6807,2847,2025-12-25,completed,,promptpay
6808,2970,2025-12-25,completed,,bank_transfer
6809,3182,2025-12-25,completed,,cod
6810,3187,2025-12-25,completed,,promptpay
6811,3207,2025-12-25,completed,,cod
6812,3255,2025-12-25,completed,,promptpay
6813,3263,2025-12-25,completed,20,credit_card
6814,3264,2025-12-25,completed,10,promptpay
6815,3291,2025-12-25,completed,,promptpay
6816,3297,2025-12-25,completed,5,promptpay
6817,675,2025-12-26,completed,,promptpay
6818,1968,2025-12-26,completed,5,credit_card
6819,2572,2025-12-26,completed,15,promptpay
6820,2740,2025-12-26,completed,20,credit_card
6821,2893,2025-12-26,completed,,credit_card
6822,3084,2025-12-26,completed,,promptpay
6823,3149,2025-12-26,completed,,cod
6824,3222,2025-12-26,cancelled,,credit_card
6825,3242,2025-12-26,completed,10,promptpay
6826,3244,2025-12-26,completed,,cod
6827,3249,2025-12-26,completed,,promptpay
6828,3268,2025-12-26,completed,15,credit_card
6829,3276,2025-12-26,completed,10,cod
6830,3276,2025-12-26,completed,,credit_card
6831,3286,2025-12-26,completed,,promptpay
6832,3286,2025-12-26,completed,,promptpay
6833,3296,2025-12-26,completed,15,bank_transfer
6834,2127,2025-12-27,completed,,promptpay
6835,2632,2025-12-27,completed,15,bank_transfer
6836,2710,2025-12-27,completed,,promptpay
6837,2814,2025-12-27,completed,15,promptpay
6838,2882,2025-12-27,cancelled,,credit_card
6839,2980,2025-12-27,completed,5,bank_transfer
6840,3026,2025-12-27,completed,,credit_card
6841,3129,2025-12-27,completed,,bank_transfer
6842,3147,2025-12-27,completed,5,promptpay
6843,3181,2025-12-27,completed,,promptpay
6844,3218,2025-12-27,completed,,promptpay
6845,3220,2025-12-27,completed,,promptpay
6846,3221,2025-12-27,completed,,promptpay
6847,3254,2025-12-27,returned,,credit_card
6848,3274,2025-12-27,returned,,credit_card
6849,3286,2025-12-27,completed,,promptpay
6850,1821,2025-12-28,completed,,bank_transfer
6851,1821,2025-12-28,completed,,promptpay
6852,2607,2025-12-28,completed,,promptpay
6853,2719,2025-12-28,completed,,credit_card
6854,2761,2025-12-28,completed,,promptpay
6855,2766,2025-12-28,completed,,promptpay
6856,2951,2025-12-28,completed,,credit_card
6857,3089,2025-12-28,completed,,credit_card
6858,3129,2025-12-28,completed,,promptpay
6859,3195,2025-12-28,completed,5,credit_card
6860,3243,2025-12-28,completed,,credit_card
6861,3250,2025-12-28,completed,5,credit_card
6862,3260,2025-12-28,completed,10,promptpay
6863,3275,2025-12-28,completed,,promptpay
6864,3281,2025-12-28,completed,,credit_card
6865,3286,2025-12-28,completed,5,credit_card
6866,3299,2025-12-28,completed,,promptpay
6867,1157,2025-12-29,completed,,promptpay
6868,2224,2025-12-29,completed,,credit_card
6869,2224,2025-12-29,completed,,cod
6870,2932,2025-12-29,completed,20,bank_transfer
6871,3044,2025-12-29,completed,,promptpay
6872,3059,2025-12-29,cancelled,10,credit_card
6873,3089,2025-12-29,returned,,promptpay
6874,3104,2025-12-29,completed,10,credit_card
6875,3195,2025-12-29,completed,,cod
6876,3239,2025-12-29,completed,,credit_card
6877,3286,2025-12-29,completed,10,promptpay
6878,3290,2025-12-29,completed,,credit_card
6879,3298,2025-12-29,completed,,promptpay
6880,3300,2025-12-29,completed,5,bank_transfer
6881,2421,2025-12-30,completed,,credit_card
6882,2423,2025-12-30,completed,,cod
6883,2660,2025-12-30,completed,,promptpay
6884,2860,2025-12-30,completed,10,cod
6885,2894,2025-12-30,completed,,credit_card
6886,2928,2025-12-30,completed,5,promptpay
6887,2951,2025-12-30,completed,,credit_card
6888,3037,2025-12-30,completed,10,credit_card
6889,3059,2025-12-30,completed,,credit_card
6890,3078,2025-12-30,completed,5,promptpay
6891,3097,2025-12-30,completed,,bank_transfer
6892,3097,2025-12-30,cancelled,,promptpay
6893,3138,2025-12-30,completed,,cod
6894,3182,2025-12-30,completed,,promptpay
6895,3200,2025-12-30,completed,,cod
6896,3207,2025-12-30,completed,10,promptpay
6897,3210,2025-12-30,completed,5,promptpay
6898,3231,2025-12-30,completed,5,bank_transfer
6899,3235,2025-12-30,completed,10,credit_card
6900,3242,2025-12-30,returned,,promptpay
6901,3244,2025-12-30,completed,,bank_transfer
6902,3248,2025-12-30,cancelled,10,credit_card
6903,3250,2025-12-30,completed,5,cod
6904,3272,2025-12-30,completed,5,credit_card
6905,3278,2025-12-30,completed,,cod
6906,3281,2025-12-30,completed,5,cod
6907,3300,2025-12-30,completed,,promptpay
6908,1541,2025-12-31,completed,,credit_card
6909,1914,2025-12-31,cancelled,,promptpay
6910,2127,2025-12-31,completed,20,credit_card
6911,2156,2025-12-31,completed,,credit_card
6912,2156,2025-12-31,completed,10,promptpay
6913,2158,2025-12-31,completed,,credit_card
6914,2222,2025-12-31,completed,,promptpay
6915,2637,2025-12-31,cancelled,20,promptpay
6916,2660,2025-12-31,completed,,credit_card
6917,2660,2025-12-31,completed,5,promptpay
6918,2875,2025-12-31,completed,,promptpay
6919,2875,2025-12-31,completed,20,credit_card
6920,3039,2025-12-31,returned,5,credit_card
6921,3039,2025-12-31,completed,,promptpay
6922,3084,2025-12-31,completed,,credit_card
6923,3114,2025-12-31,completed,,promptpay
6924,3114,2025-12-31,completed,,promptpay
6925,3114,2025-12-31,completed,,promptpay
6926,3125,2025-12-31,completed,,promptpay
6927,3159,2025-12-31,completed,,promptpay
6928,3182,2025-12-31,completed,10,credit_card
6929,3207,2025-12-31,completed,,credit_card
6930,3213,2025-12-31,completed,,promptpay
6931,3218,2025-12-31,completed,5,promptpay
6932,3218,2025-12-31,completed,,promptpay
6933,3239,2025-12-31,completed,,credit_card
6934,3242,2025-12-31,returned,,credit_card
6935,3253,2025-12-31,completed,10,credit_card
6936,3267,2025-12-31,completed,,promptpay
6937,3281,2025-12-31,completed,,credit_card
6938,3283,2025-12-31,returned,15,promptpay
